SeniorCitizen,tenure,MonthlyCharges,numAdminTickets,numTechTickets,Churn,avg_charge,gender_Male,Partner_Yes,Dependents_Yes,PhoneService_Yes,MultipleLines_Yes,InternetService_Fiber_optic,InternetService_No,OnlineSecurity_Yes,OnlineBackup_Yes,DeviceProtection_Yes,TechSupport_Yes,StreamingTV_Yes,StreamingMovies_Yes,Contract_One_year,Contract_Two_year,PaperlessBilling_Yes,PaymentMethod_Credit_card_automatic,PaymentMethod_Electronic_check,PaymentMethod_Mailed_check,tenure_group_medium,tenure_group_long
0,1,29.85,0,0,0,14.925,0,1,0,0,0,0,0,0,1,0,0,0,0,0,0,1,0,1,0,0,0
0,34,56.95,0,0,0,53.98571428571429,1,0,0,1,0,0,0,1,0,1,0,0,0,1,0,0,0,0,1,1,0
0,2,53.85,0,0,1,36.050000000000004,1,0,0,1,0,0,0,1,1,0,0,0,0,0,0,1,0,0,1,0,0
0,45,42.3,0,3,0,40.016304347826086,1,0,0,0,0,0,0,1,0,1,1,0,0,1,0,0,0,0,0,0,1
0,2,70.7,0,0,1,50.550000000000004,0,0,0,1,0,1,0,0,0,0,0,0,0,0,0,1,0,1,0,0,0
0,8,99.65,0,0,1,91.16666666666667,0,0,0,1,1,1,0,0,0,1,0,1,1,0,0,1,0,1,0,0,0
0,22,89.1,0,0,0,84.75652173913043,1,0,1,1,1,1,0,0,1,0,0,1,0,0,0,1,1,0,0,1,0
0,10,29.75,0,0,0,27.44545454545454,0,0,0,0,0,0,0,1,0,0,0,0,0,0,0,0,0,0,1,0,0
0,28,104.8,0,2,1,105.03620689655173,0,1,0,1,1,1,0,0,0,1,1,1,1,0,0,1,0,1,0,1,0
0,62,56.15,0,0,0,55.364285714285714,1,0,1,1,0,0,0,1,1,0,0,0,0,1,0,0,0,0,0,0,1
0,13,49.95,1,0,0,41.96071428571429,1,1,1,1,0,0,0,1,0,0,0,0,0,0,0,1,0,0,1,1,0
0,16,18.95,0,0,0,19.223529411764705,1,0,0,1,0,0,1,0,0,0,0,0,0,0,1,0,1,0,0,1,0
0,58,100.35,0,0,0,96.28983050847458,1,1,0,1,1,1,0,0,0,1,0,1,1,1,0,0,1,0,0,0,1
0,49,103.7,5,4,1,100.726,1,0,0,1,1,1,0,0,1,1,0,1,1,0,0,1,0,0,0,0,1
0,25,105.5,0,0,0,103.3096153846154,1,0,0,1,0,1,0,1,0,1,1,1,1,0,0,1,0,1,0,1,0
0,69,113.25,0,0,0,112.78785714285713,0,1,1,1,1,1,0,1,1,1,1,1,1,0,1,0,1,0,0,0,1
0,52,20.65,0,0,0,19.300943396226415,0,0,0,1,0,0,1,0,0,0,0,0,0,1,0,0,0,0,1,0,1
0,71,106.7,0,4,0,102.53125,1,0,1,1,1,1,0,1,0,1,0,1,1,0,1,0,0,0,0,0,1
0,10,55.2,0,0,1,48.03181818181818,0,1,1,1,0,0,0,0,0,1,1,0,0,0,0,0,1,0,0,0,0
0,21,90.05,0,0,0,84.67727272727274,0,0,0,1,0,1,0,0,1,1,0,0,1,0,0,1,0,1,0,1,0
1,1,39.65,0,0,1,19.825,1,0,0,0,0,0,0,0,0,1,0,0,1,0,0,1,0,1,0,0,0
0,12,19.8,2,0,0,15.557692307692308,1,1,0,1,0,0,1,0,0,0,0,0,0,1,0,0,0,0,0,0,0
0,1,20.15,4,0,1,10.075,1,0,0,1,0,0,1,0,0,0,0,0,0,0,0,0,0,0,1,0,0
0,58,59.9,1,0,0,59.40847457627118,0,1,0,1,1,0,0,0,1,0,1,0,0,0,1,1,1,0,0,0,1
0,49,59.6,0,3,0,59.406000000000006,1,1,1,1,0,0,0,1,1,0,1,0,0,0,0,0,1,0,0,0,1
0,30,55.3,0,0,0,49.37419354838709,0,0,0,1,0,0,0,1,1,0,0,0,0,0,0,1,0,0,0,1,0
0,47,99.35,0,4,1,98.940625,1,1,1,1,1,1,0,0,1,0,0,1,1,0,0,1,0,1,0,0,1
0,1,30.2,0,0,1,15.1,1,1,1,0,0,0,0,0,1,0,0,0,0,0,0,0,0,1,0,0,0
0,72,90.25,1,0,0,87.2527397260274,1,1,0,1,1,0,0,1,1,1,1,1,1,0,1,1,1,0,0,0,1
0,17,64.7,0,0,1,60.727777777777774,0,0,1,1,0,0,0,0,0,0,0,1,1,0,0,1,0,0,1,1,0
1,71,96.35,0,0,0,93.98541666666667,0,1,0,1,1,1,0,1,1,1,1,0,0,0,1,1,1,0,0,0,1
1,2,95.5,0,0,0,60.550000000000004,1,1,0,1,0,1,0,0,0,1,0,1,1,0,0,1,1,0,0,0,0
0,27,66.15,0,0,0,66.94464285714285,0,1,1,1,0,0,0,1,1,1,1,0,0,1,0,0,0,0,1,1,0
0,1,20.2,0,0,0,10.1,1,0,0,1,0,0,1,0,0,0,0,0,0,0,0,0,0,0,0,0,0
1,1,45.25,0,0,0,22.625,1,0,0,1,0,0,0,0,0,0,0,0,0,0,0,0,0,0,0,0,0
0,72,99.9,0,0,0,99.33835616438355,0,1,1,1,1,1,0,1,1,0,1,1,0,0,1,0,0,0,0,0,1
0,5,69.7,0,0,1,52.81666666666666,1,0,0,1,0,1,0,0,0,0,0,0,0,0,0,1,0,1,0,0,0
0,46,74.8,3,0,0,75.49574468085106,0,0,0,1,0,1,0,0,0,1,0,0,0,0,0,1,1,0,0,0,1
0,34,106.35,0,4,1,101.40714285714286,1,0,0,1,1,1,0,0,1,1,0,1,1,0,0,1,0,1,0,1,0
0,11,97.85,0,2,1,92.11666666666667,0,0,0,1,1,1,0,0,0,1,0,1,1,0,0,1,0,0,0,0,0
0,10,49.55,5,0,0,43.24545454545454,1,1,1,1,0,0,0,0,1,0,0,0,0,1,0,0,0,0,1,0,0
0,70,69.2,0,0,0,68.62464788732395,0,1,1,1,1,0,0,1,1,0,0,1,0,0,1,1,1,0,0,0,1
0,17,20.75,0,0,0,23.23611111111111,0,1,1,1,0,0,1,0,0,0,0,0,0,1,0,0,0,0,1,1,0
0,63,79.85,0,0,0,75.96015625,0,0,0,1,1,0,0,1,1,1,1,1,0,0,1,1,1,0,0,0,1
0,13,76.2,4,0,0,70.10357142857143,0,1,0,1,1,0,0,1,1,0,1,1,0,0,0,1,0,1,0,1,0
0,49,84.5,0,3,0,78.134,0,0,0,1,1,1,0,0,0,0,0,0,1,0,0,1,0,1,0,0,1
0,2,49.25,0,0,0,32.333333333333336,1,0,0,1,0,0,0,0,1,0,0,0,0,0,0,0,0,0,1,0,0
0,2,80.65,0,0,1,48.050000000000004,0,0,0,1,0,1,0,0,0,0,0,1,0,0,0,1,0,1,0,0,0
0,52,79.75,1,0,0,79.5811320754717,1,0,0,1,1,0,0,1,0,0,1,1,1,0,1,1,1,0,0,0,1
0,69,64.15,0,0,0,60.77285714285715,0,1,1,1,1,0,0,1,0,1,1,0,0,0,1,1,1,0,0,0,1
1,43,90.25,0,0,0,87.24431818181819,0,0,0,1,1,1,0,0,1,0,0,1,0,0,0,1,0,1,0,0,1
0,15,99.1,0,1,1,89.15,0,0,0,1,0,1,0,1,1,0,0,1,1,0,0,1,1,0,0,1,0
1,25,69.5,4,0,0,67.40961538461539,0,1,0,1,1,0,0,1,0,0,1,1,0,0,0,1,1,0,0,1,0
1,8,80.65,0,0,1,70.36666666666666,0,1,0,1,1,1,0,0,1,0,0,0,0,0,0,1,1,0,0,0,0
1,60,74.85,0,0,0,73.05491803278689,0,1,1,1,0,0,0,1,1,1,1,0,1,1,0,1,1,0,0,0,1
1,18,95.45,0,1,1,92.23947368421052,1,0,0,1,1,1,0,0,0,0,0,1,1,0,0,1,0,1,0,1,0
0,63,99.65,0,0,0,98.6125,0,1,1,1,1,1,0,1,0,0,0,1,1,1,0,1,1,0,0,0,1
1,66,108.45,3,0,0,105.61716417910448,1,1,1,1,1,1,0,0,1,1,1,1,1,1,0,1,0,1,0,0,1
0,34,24.95,0,0,0,25.55142857142857,0,1,1,1,1,0,1,0,0,0,0,0,0,0,1,0,1,0,0,1,0
0,72,107.5,0,0,0,107.58493150684932,0,0,0,1,1,1,0,0,0,1,1,1,1,0,1,1,1,0,0,0,1
0,47,100.5,0,0,0,98.06458333333335,0,1,0,1,1,1,0,0,0,1,0,1,1,0,0,1,0,1,0,0,1
0,60,89.9,0,0,0,89.35573770491803,1,0,0,1,1,1,0,0,1,0,0,1,0,0,0,1,0,0,0,0,1
0,72,42.1,0,0,0,40.57534246575342,1,1,0,0,0,0,0,1,1,1,0,0,0,0,1,0,0,0,0,0,1
0,18,54.4,0,0,0,50.373684210526314,0,1,1,1,0,0,0,0,0,1,1,0,0,1,0,1,1,0,0,1,0
0,9,94.4,0,0,1,85.725,0,0,0,1,1,1,0,0,0,0,0,1,1,0,0,0,0,1,0,0,0
0,3,75.3,0,0,0,61.025,0,0,0,1,0,0,0,0,1,0,1,1,1,0,0,1,0,1,0,0,0
0,47,78.9,0,3,0,76.04895833333333,1,1,0,1,1,1,0,0,1,0,0,0,0,1,0,1,0,1,0,0,1
0,31,79.2,3,0,0,78.0375,0,0,0,1,0,0,0,0,1,1,1,1,1,0,1,0,0,0,1,1,0
0,50,20.15,0,0,0,18.25294117647059,0,1,1,1,0,0,1,0,0,0,0,0,0,0,1,0,0,0,0,0,1
0,10,79.85,0,0,0,80.66818181818182,1,0,0,1,0,1,0,1,0,1,0,0,0,0,0,1,0,0,1,0,0
0,1,49.05,0,0,0,24.525,1,0,0,1,0,0,0,0,0,0,1,0,0,0,0,0,0,0,1,0,0
0,52,20.4,0,0,0,20.578301886792456,0,1,1,1,0,0,1,0,0,0,0,0,0,1,0,1,0,1,0,0,1
1,64,111.6,0,0,0,109.21538461538462,1,1,1,1,1,1,0,1,0,1,1,1,1,0,1,1,0,0,0,0,1
0,62,24.25,0,0,0,22.61269841269841,1,1,1,1,1,0,1,0,0,0,0,0,0,0,1,1,0,0,0,0,1
0,3,64.5,0,0,0,44.35,0,0,1,1,0,0,0,1,0,0,1,0,1,0,0,1,0,0,0,0,0
1,56,110.5,0,0,0,107.71052631578948,0,0,0,1,1,1,0,1,1,1,0,1,1,1,0,0,0,1,0,0,1
0,46,55.65,1,0,0,57.2095744680851,0,0,0,1,0,0,0,0,0,0,0,0,1,1,0,0,1,0,0,0,1
0,8,54.65,0,0,0,53.583333333333336,0,1,1,1,0,0,0,1,1,0,0,0,0,0,0,0,0,0,1,0,0
1,30,74.75,0,0,0,68.10645161290323,1,0,0,1,0,0,0,1,1,0,0,1,1,0,0,1,0,1,0,1,0
0,45,25.9,0,0,0,26.44782608695652,0,1,1,1,1,0,1,0,0,0,0,0,0,1,0,1,1,0,0,0,1
0,1,79.35,2,0,1,39.675,0,0,1,1,0,1,0,0,0,0,0,1,0,0,0,1,0,1,0,0,0
0,11,50.55,0,0,0,47.112500000000004,0,1,1,0,0,0,0,1,0,0,0,1,1,0,0,0,0,1,0,0,0
0,7,75.15,5,0,1,62.1125,0,1,0,1,0,1,0,0,0,1,0,0,0,0,0,1,0,0,0,0,0
0,42,103.8,0,0,0,100.63953488372093,0,0,0,1,0,1,0,0,1,1,1,1,1,0,0,1,0,0,0,0,1
0,49,20.15,0,0,0,19.467,0,1,0,1,0,0,1,0,0,0,0,0,0,0,1,1,0,0,0,0,1
0,9,99.3,0,0,0,91.875,1,0,0,1,1,1,0,0,1,0,0,1,1,0,0,1,1,0,0,0,0
0,35,62.15,0,0,0,61.540277777777774,0,1,0,1,0,0,0,1,0,0,0,1,0,1,0,1,0,0,0,1,0
0,48,20.65,0,0,0,21.571428571428573,0,1,1,1,0,0,1,0,0,0,0,0,0,0,1,0,0,0,0,0,1
0,46,19.95,0,0,0,19.72553191489362,0,1,1,1,0,0,1,0,0,0,0,0,0,0,1,1,0,0,1,0,1
0,29,33.75,0,0,0,33.641666666666666,1,1,0,0,0,0,0,0,0,0,0,1,0,0,0,0,0,0,1,1,0
0,30,82.05,0,0,0,82.90967741935484,1,1,1,1,0,1,0,0,1,1,0,0,0,0,0,0,0,0,0,1,0
1,1,74.7,0,0,0,37.35,1,0,0,1,0,1,0,0,0,0,1,0,0,0,0,0,0,1,0,0,0
0,66,84.0,0,0,0,85.28731343283582,1,1,1,1,1,0,0,1,0,1,1,1,1,0,1,1,0,0,1,0,1
0,65,111.05,0,0,0,107.68181818181819,0,0,0,1,1,1,0,1,1,1,0,1,1,0,0,1,1,0,0,0,1
0,72,100.9,0,0,0,102.17876712328767,1,0,0,1,1,1,0,0,1,1,0,1,1,0,1,1,0,0,0,0,1
0,12,78.95,0,0,1,71.33461538461539,0,0,0,1,1,1,0,1,0,0,0,0,0,0,0,1,0,1,0,0,0
0,71,66.85,0,0,0,65.95416666666667,1,1,1,1,1,0,0,1,1,0,1,0,0,1,0,1,1,0,0,0,1
0,5,21.05,5,0,1,18.974999999999998,1,0,0,1,0,0,1,0,0,0,0,0,0,0,0,0,0,0,1,0,0
0,52,21.0,0,0,0,20.89056603773585,1,0,0,1,0,0,1,0,0,0,0,0,0,0,1,0,0,0,0,0,1
1,25,98.5,0,1,1,96.71153846153847,0,1,0,1,0,1,0,0,1,1,0,1,1,0,0,1,0,1,0,1,0
0,1,20.2,0,0,0,10.1,1,0,0,1,0,0,1,0,0,0,0,0,0,0,0,0,0,0,1,0,0
0,1,19.45,0,0,0,9.725,0,1,1,1,0,0,1,0,0,0,0,0,0,0,0,0,0,1,0,0,0
0,38,95.0,0,0,0,92.45128205128205,1,0,0,1,1,1,0,0,0,1,1,1,0,1,0,0,0,0,0,0,1
1,66,45.55,0,0,0,45.18283582089552,0,1,0,0,0,0,0,0,1,1,0,1,0,1,0,0,0,0,0,0,1
0,68,110.0,0,6,1,110.31666666666668,1,1,0,1,1,1,0,0,1,1,1,1,1,0,1,1,0,0,0,0,1
0,5,24.3,0,0,0,16.7,1,0,0,0,0,0,0,0,0,0,0,0,0,0,0,0,0,0,1,0,0
0,72,104.15,0,0,0,100.04178082191781,0,1,1,1,1,1,0,1,1,0,0,1,1,1,0,1,0,1,0,0,1
0,32,30.15,0,0,0,28.11060606060606,0,0,0,0,0,0,0,1,0,0,0,0,0,1,0,0,0,0,1,1,0
0,43,94.35,0,0,0,89.12045454545455,1,0,0,1,1,1,0,0,0,0,0,1,1,1,0,0,0,0,1,0,1
0,72,19.4,0,0,0,18.674657534246574,1,1,1,1,0,0,1,0,0,0,0,0,0,0,1,0,1,0,0,0,1
0,55,96.75,0,5,1,93.55178571428571,1,1,0,1,1,1,0,1,1,0,0,1,0,0,0,1,0,1,0,0,1
0,52,57.95,5,0,0,57.40094339622642,0,0,0,1,0,0,0,1,0,1,1,0,0,1,0,0,1,0,0,0,1
0,43,91.65,0,0,0,89.86590909090908,0,0,0,1,0,1,0,0,1,1,0,1,0,0,0,1,0,1,0,0,1
1,37,76.5,0,0,1,75.47763157894737,0,1,0,1,1,1,0,0,0,0,0,0,0,0,0,1,0,1,0,0,1
0,64,54.6,0,0,0,52.66923076923077,0,1,1,0,0,0,0,0,1,0,1,1,1,0,1,1,0,1,0,0,1
0,3,89.85,0,0,0,62.1,1,1,1,1,0,1,0,1,1,0,0,1,0,0,0,0,0,1,0,0,0
0,36,31.05,0,0,0,30.44189189189189,0,0,0,0,0,0,0,1,0,0,0,0,0,0,1,0,0,0,0,1,0
0,10,100.25,0,1,1,96.78636363636365,0,1,1,1,1,1,0,1,0,0,0,1,1,0,0,1,0,1,0,0,0
0,41,20.65,0,0,0,19.88452380952381,0,0,0,1,0,0,1,0,0,0,0,0,0,0,1,0,0,0,1,0,1
0,27,85.2,0,2,0,76.84285714285714,1,1,1,1,1,1,0,0,1,0,1,0,0,0,0,1,1,0,0,1,0
0,56,99.8,0,0,0,96.76228070175438,0,1,1,1,1,1,0,0,0,1,0,1,1,1,0,1,1,0,0,0,1
0,6,20.7,0,0,0,16.107142857142858,0,0,0,1,0,0,1,0,0,0,0,0,0,0,0,0,0,0,1,0,0
0,3,74.4,0,0,1,57.3875,1,0,0,1,1,1,0,0,0,0,0,0,0,0,0,1,0,1,0,0,0
0,7,50.7,0,0,0,43.79375,0,1,1,1,0,0,0,1,0,0,0,0,0,0,0,0,0,0,1,0,0
0,4,20.85,0,0,0,12.58,0,1,1,1,0,0,1,0,0,0,0,0,0,0,0,0,0,0,1,0,0
0,33,88.95,0,0,0,89.0485294117647,1,0,0,1,0,1,0,1,0,0,1,1,0,0,1,1,0,1,0,1,0
1,27,78.05,0,0,1,76.26785714285714,0,0,0,1,1,1,0,0,0,1,0,0,0,0,0,1,0,1,0,1,0
0,72,23.55,0,0,0,23.615753424657534,1,1,0,1,1,0,1,0,0,0,0,0,0,0,1,1,0,0,0,0,1
0,1,19.75,0,0,0,9.875,1,0,0,1,0,0,1,0,0,0,0,0,0,0,0,0,0,0,1,0,0
1,71,56.45,0,0,0,55.35208333333333,1,0,0,0,0,0,0,1,1,0,0,1,1,1,0,1,0,1,0,0,1
0,13,85.95,0,0,0,86.83214285714287,0,0,0,1,1,1,0,0,0,0,0,0,1,0,0,1,0,1,0,1,0
0,25,58.6,0,1,1,57.79423076923077,0,1,1,0,0,0,0,1,1,1,0,1,1,0,0,1,1,0,0,1,0
0,67,50.55,0,0,0,47.942647058823525,1,0,0,1,0,0,0,0,0,0,1,0,0,0,1,0,0,0,0,0,1
0,1,35.45,0,0,1,17.725,1,0,0,0,0,0,0,0,0,0,0,0,1,0,0,1,0,1,0,0,0
0,2,44.35,0,0,1,27.083333333333332,1,0,0,1,0,0,0,0,0,0,0,0,0,0,0,0,0,1,0,0,0
0,43,25.7,0,0,0,27.004545454545454,0,0,0,1,1,0,1,0,0,0,0,0,0,0,1,1,1,0,0,0,1
0,23,75.0,4,0,0,74.10416666666667,0,0,0,1,0,1,0,1,0,0,0,0,0,0,0,1,0,0,0,1,0
0,64,20.2,0,0,0,19.657692307692308,0,1,1,1,0,0,1,0,0,0,0,0,0,0,1,0,0,0,1,0,1
0,57,19.6,0,0,0,20.181896551724137,1,0,1,1,0,0,1,0,0,0,0,0,0,0,1,1,0,0,1,0,1
1,1,70.45,0,0,1,35.225,0,1,0,1,0,1,0,0,0,0,0,0,0,0,0,1,0,0,1,0,0
1,72,88.05,0,0,0,88.02260273972603,0,1,1,1,1,0,0,1,1,1,1,1,1,0,1,1,1,0,0,0,1
0,8,71.15,0,0,1,62.62777777777777,0,0,0,1,1,0,0,1,0,0,1,0,1,0,0,0,0,1,0,0,0
0,61,101.05,0,0,0,96.31048387096774,0,1,0,1,1,1,0,0,1,0,0,1,1,0,1,1,0,0,0,0,1
0,64,84.3,0,0,0,81.37,1,0,0,1,1,1,0,1,1,0,0,0,0,1,0,1,1,0,0,0,1
1,71,23.95,0,0,0,24.391666666666666,1,1,0,1,1,0,1,0,0,0,0,0,0,0,1,0,0,0,0,0,1
0,65,99.05,0,0,0,97.22272727272727,0,1,1,1,1,1,0,1,1,0,1,1,0,0,1,1,1,0,0,0,1
0,3,19.6,0,0,0,15.3375,1,0,0,1,0,0,1,0,0,0,0,0,0,1,0,0,0,0,1,0,0
0,1,45.65,0,0,1,22.825,1,0,0,1,0,0,0,0,0,0,0,0,0,0,0,1,0,1,0,0,0
0,30,64.5,0,0,0,62.25645161290323,1,0,1,1,0,0,0,0,1,1,0,1,0,1,0,0,1,0,0,1,0
0,15,69.5,0,0,0,66.9625,1,1,1,1,0,0,0,0,1,1,1,0,1,0,0,1,0,0,1,1,0
0,8,68.55,4,0,0,62.705555555555556,0,1,1,1,0,0,0,0,0,0,1,1,1,0,0,1,0,1,0,0,0
0,7,95.0,2,0,1,81.9375,1,0,0,1,1,1,0,0,0,0,0,1,1,0,0,0,0,0,1,0,0
0,70,108.15,0,0,0,111.69788732394366,0,1,1,1,1,1,0,1,1,1,0,1,1,1,0,1,1,0,0,0,1
0,62,86.1,1,0,0,82.78174603174604,1,1,1,1,0,0,0,1,1,1,1,1,1,0,1,0,0,1,0,0,1
0,6,19.7,0,0,0,16.214285714285715,0,1,1,1,0,0,1,0,0,0,0,0,0,0,0,0,0,0,1,0,0
0,14,80.9,0,0,0,76.85333333333332,0,1,1,1,0,1,0,0,0,0,0,0,1,0,0,1,0,0,0,1,0
0,22,84.15,0,0,0,79.21521739130435,0,0,0,1,1,1,0,0,0,0,0,1,0,0,0,1,0,0,0,1,0
0,22,20.15,0,0,0,18.256521739130434,1,1,1,1,0,0,1,0,0,0,0,0,0,1,0,0,0,0,1,1,0
0,16,64.25,0,0,0,60.23529411764706,1,1,1,1,0,0,0,1,0,1,0,1,0,0,1,0,0,0,1,1,0
0,10,25.7,0,0,0,22.87272727272727,1,0,0,1,1,0,1,0,0,0,0,0,0,0,1,0,0,0,0,0,0
0,13,56.0,0,0,0,54.61071428571428,0,0,1,1,0,0,0,1,1,0,0,0,0,0,0,1,0,1,0,1,0
0,20,82.4,0,0,1,75.82619047619048,0,1,0,1,1,1,0,1,0,0,0,0,0,0,0,0,0,1,0,1,0
0,2,69.7,0,0,0,45.06666666666666,0,0,0,1,0,1,0,0,0,0,0,0,0,0,0,1,0,1,0,0,0
0,53,73.9,0,1,0,73.30092592592592,1,0,0,1,1,0,0,0,1,1,1,0,1,0,1,1,0,0,0,0,1
0,11,20.6,2,0,0,19.491666666666667,0,1,1,1,0,0,1,0,0,0,0,0,0,1,0,0,0,0,1,0,0
0,69,19.9,0,0,0,19.477857142857143,1,1,0,1,0,0,1,0,0,0,0,0,0,0,1,0,0,0,1,0,1
0,4,70.9,2,0,1,54.6,0,0,0,1,0,1,0,0,0,0,0,0,0,0,0,1,0,0,0,0,0
0,72,89.05,4,0,0,85.67739726027396,1,1,0,1,1,0,0,1,1,1,1,1,1,0,1,1,0,0,0,0,1
1,58,45.3,0,5,1,44.93559322033898,1,1,0,0,0,0,0,0,1,1,0,0,1,0,0,1,0,1,0,0,1
0,16,20.4,0,0,0,18.905882352941177,0,1,1,1,0,0,1,0,0,0,0,0,0,0,0,0,0,1,0,1,0
0,43,84.25,0,0,0,80.4375,1,1,0,1,0,1,0,1,0,1,1,0,0,1,0,1,0,0,0,0,1
0,2,104.4,2,0,1,80.93333333333334,0,1,0,1,1,1,0,0,0,1,1,1,1,0,0,1,0,1,0,0,0
0,14,81.95,0,0,0,78.78333333333333,1,1,0,1,0,0,0,0,1,1,1,1,1,0,1,0,0,0,1,1,0
0,53,94.85,0,5,1,92.59629629629629,0,1,0,1,0,1,0,0,0,1,0,1,1,1,0,1,0,0,0,0,1
0,32,20.55,0,0,0,19.834848484848482,0,0,0,1,0,0,1,0,0,0,0,0,0,1,0,0,0,0,0,1,0
0,34,24.7,0,0,0,22.291428571428572,0,1,0,1,1,0,1,0,0,0,0,0,0,0,0,0,0,1,0,1,0
1,15,74.45,3,0,1,71.60625,0,0,0,1,1,1,0,0,0,0,0,0,0,0,0,1,0,0,1,1,0
1,7,76.45,0,0,1,62.95,0,0,0,1,0,1,0,1,0,0,0,0,0,0,0,0,0,0,0,0,0
0,15,105.35,0,0,0,97.453125,0,1,1,1,1,1,0,0,1,1,0,1,1,0,0,1,0,0,0,1,0
0,61,20.55,0,0,0,20.193548387096776,1,1,0,1,0,0,1,0,0,0,0,0,0,1,0,1,1,0,0,0,1
0,1,29.95,0,0,1,14.975,0,0,0,0,0,0,0,0,1,0,0,0,0,0,0,0,0,0,0,0,0
0,1,45.3,0,0,0,22.65,0,0,0,1,0,0,0,0,0,0,0,0,0,0,0,0,0,0,1,0,0
0,8,84.5,0,0,1,73.62777777777778,1,0,0,1,1,1,0,0,0,0,0,0,1,0,0,0,0,0,0,0,0
0,33,74.75,0,0,0,72.15588235294118,1,1,1,1,0,0,0,1,0,1,0,1,1,1,0,0,1,0,0,1,0
0,13,79.25,2,1,1,79.40357142857144,0,0,0,1,0,1,0,0,1,1,0,0,0,0,0,1,0,1,0,1,0
0,1,24.8,4,0,1,12.4,0,1,0,0,0,0,0,0,0,0,0,0,0,0,0,1,0,1,0,0,0
0,20,51.8,0,0,0,48.75476190476191,1,0,0,1,0,0,0,0,1,0,0,0,0,0,0,1,0,0,1,1,0
0,3,30.4,0,0,0,20.5375,1,0,0,0,0,0,0,0,0,0,1,0,0,0,0,0,0,1,0,0,0
0,13,19.65,0,0,0,17.485714285714288,0,0,0,1,0,0,1,0,0,0,0,0,0,1,0,0,0,1,0,1,0
0,40,56.6,0,0,0,58.02682926829268,0,1,0,1,1,0,0,0,1,0,0,0,0,0,0,0,1,0,0,0,1
0,43,71.9,0,0,0,72.12159090909091,1,1,1,1,1,0,0,1,0,0,1,0,1,1,0,1,1,0,0,0,1
0,6,91.0,0,0,1,75.85714285714286,1,1,0,1,0,1,0,0,1,1,0,0,1,0,0,1,0,1,0,0,0
0,69,19.75,0,0,0,19.64857142857143,0,1,1,1,0,0,1,0,0,0,0,0,0,0,1,0,0,0,0,0,1
0,72,109.7,0,0,0,111.36027397260274,0,1,1,1,1,1,0,1,1,1,0,1,1,0,1,0,1,0,0,0,1
0,59,19.3,0,0,0,19.878333333333334,1,1,1,1,0,0,1,0,0,0,0,0,0,0,1,0,1,0,0,0,1
0,20,96.55,0,0,0,90.5547619047619,0,1,0,1,0,1,0,1,1,0,1,1,0,0,0,1,0,1,0,1,0
0,24,24.1,0,0,0,23.496,1,1,1,1,1,0,1,0,0,0,0,0,0,0,1,1,0,0,0,1,0
0,59,111.35,0,0,0,108.6625,1,0,0,1,1,1,0,0,1,1,1,1,1,0,0,1,0,1,0,0,1
0,72,112.25,0,0,0,110.15958904109588,1,1,1,1,1,1,0,0,1,1,1,1,1,0,1,1,0,0,0,0,1
0,1,20.75,0,0,0,10.375,1,0,1,1,0,0,1,0,0,0,0,0,0,0,0,0,0,0,1,0,0
0,27,101.9,0,0,0,95.75535714285715,0,1,0,1,0,1,0,1,0,0,1,1,1,1,0,1,1,0,0,1,0
0,14,80.05,0,0,0,74.15333333333334,0,0,0,1,0,1,0,0,1,0,1,0,0,0,0,1,1,0,0,1,0
0,71,105.55,0,0,0,102.85416666666667,1,1,1,1,1,1,0,1,0,1,0,1,1,0,1,0,0,1,0,0,1
0,13,78.3,0,0,0,73.85357142857143,1,0,1,1,0,1,0,0,0,0,0,1,0,0,0,1,1,0,0,1,0
0,44,68.85,0,0,0,65.75444444444445,1,0,0,1,0,1,0,0,0,0,0,0,0,0,0,0,1,0,0,0,1
0,33,79.95,5,0,0,78.96617647058824,0,0,0,1,0,1,0,0,1,0,1,0,0,1,0,1,0,0,0,1,0
0,72,55.45,0,0,0,57.249315068493146,1,1,1,0,0,0,0,1,1,1,1,0,1,0,1,1,1,0,0,0,1
0,1,79.9,0,0,1,39.95,1,0,0,1,0,1,0,0,0,0,0,0,1,0,0,0,0,1,0,0,0
0,19,106.6,0,1,1,96.7225,0,0,0,1,0,1,0,1,0,1,1,1,1,0,0,1,0,1,0,1,0
0,64,102.45,0,0,0,102.37076923076924,1,1,0,1,0,1,0,0,1,1,1,1,1,1,0,1,1,0,0,0,1
0,2,46.0,0,0,1,28.166666666666668,1,0,0,1,0,0,0,0,0,0,0,0,0,0,0,1,1,0,0,0,0
0,1,25.25,5,0,0,12.625,0,0,0,0,0,0,0,0,0,0,0,0,0,0,0,0,0,1,0,0,0
0,61,19.75,0,0,0,18.13225806451613,1,0,1,1,0,0,1,0,0,0,0,0,0,0,1,0,0,0,1,0,1
0,29,20.0,0,0,0,18.001666666666665,0,1,1,1,0,0,1,0,0,0,0,0,0,1,0,0,0,1,0,1,0
1,23,86.8,4,0,0,82.32708333333333,1,1,0,1,1,1,0,0,0,0,0,0,1,0,0,0,0,1,0,1,0
0,57,58.75,0,1,0,59.266379310344824,0,1,0,0,0,0,0,1,1,1,0,1,1,0,0,1,0,0,0,0,1
0,72,45.25,0,0,0,43.01095890410959,1,1,1,0,0,0,0,1,1,1,1,0,0,0,1,0,1,0,0,0,1
0,66,56.6,0,0,0,56.55522388059701,1,1,0,0,0,0,0,1,1,1,1,1,0,0,1,1,0,0,0,0,1
0,65,84.2,0,0,0,80.67424242424242,1,1,1,1,1,0,0,0,1,1,1,1,1,0,1,1,0,0,0,0,1
0,8,80.0,0,0,0,69.4,0,0,0,1,0,1,0,0,0,0,0,1,0,0,0,1,0,0,0,0,0
0,4,70.15,0,0,1,53.67,0,0,0,1,0,1,0,0,0,0,0,0,0,0,0,1,0,1,0,0,0
0,71,24.75,0,0,0,25.512500000000003,0,1,0,1,1,0,1,0,0,0,0,0,0,0,1,0,0,0,0,0,1
0,1,20.2,0,0,0,10.1,1,1,1,1,0,0,1,0,0,0,0,0,0,1,0,1,0,1,0,0,0
0,4,50.05,0,0,1,35.87,1,1,0,1,0,0,0,0,0,0,1,0,0,0,0,0,0,0,1,0,0
0,12,19.35,0,0,0,16.873076923076923,0,0,0,1,0,0,1,0,0,0,0,0,0,1,0,1,0,0,0,0,0
0,24,50.6,0,0,0,51.55,1,0,0,0,0,0,0,1,0,0,0,1,1,1,0,1,0,0,1,1,0
0,31,81.15,0,0,0,79.5546875,0,1,1,1,0,0,0,1,0,1,1,1,1,1,0,1,0,0,1,1,0
0,1,55.2,0,0,1,27.6,0,1,0,1,0,0,0,0,0,0,0,1,0,0,0,0,0,0,1,0,0
0,30,89.9,0,0,0,87.84354838709677,1,0,0,1,1,1,0,0,0,0,1,0,1,0,0,1,1,0,0,1,0
0,47,85.3,0,0,0,85.56770833333333,0,1,1,1,1,0,0,1,1,0,1,1,1,0,1,1,1,0,0,0,1
0,54,108.0,0,0,0,104.7390909090909,1,0,0,1,1,1,0,1,1,0,1,1,1,0,1,1,1,0,0,0,1
0,50,93.5,0,0,0,93.08823529411765,1,0,0,1,0,1,0,1,1,0,1,0,1,0,0,1,1,0,0,0,1
0,1,84.6,0,1,1,42.3,1,0,0,1,0,1,0,1,0,0,0,0,1,0,0,1,0,0,1,0,0
0,72,20.25,0,0,0,21.464383561643835,0,0,0,1,0,0,1,0,0,0,0,0,0,0,1,0,1,0,0,0,1
0,29,25.15,0,0,0,23.4,0,0,0,1,1,0,1,0,0,0,0,0,0,0,0,0,0,1,0,1,0
0,2,54.4,0,0,1,38.03333333333333,1,0,0,1,1,0,0,0,1,0,0,0,0,0,0,1,0,0,1,0,0
0,10,29.6,0,0,0,27.186363636363637,0,0,0,0,0,0,0,0,0,0,1,0,0,0,1,1,0,0,1,0,0
0,18,73.15,0,0,0,68.73421052631579,1,1,0,1,1,1,0,0,0,0,0,0,0,0,0,1,0,1,0,1,0
1,11,95.0,0,0,1,93.35833333333333,0,0,0,1,0,1,0,0,1,0,0,1,1,0,0,1,0,1,0,0,0
0,16,19.75,0,0,0,16.726470588235294,1,0,0,1,0,0,1,0,0,0,0,0,0,0,1,0,0,0,1,1,0
0,72,86.6,0,1,0,86.9931506849315,0,0,0,1,1,0,0,0,1,1,1,1,1,0,1,0,0,0,0,0,1
0,72,109.2,4,0,0,107.92191780821918,1,0,0,1,1,1,0,0,1,1,1,1,1,0,1,0,0,0,0,0,1
0,41,74.7,0,2,0,75.89642857142857,0,1,1,1,0,0,0,1,0,0,1,1,1,1,0,1,1,0,0,0,1
1,65,94.4,0,0,0,92.82045454545454,0,1,0,1,0,1,0,1,1,1,0,0,1,0,0,0,0,1,0,0,1
1,13,54.8,0,0,0,52.23571428571428,0,0,0,1,0,0,0,0,1,1,0,0,0,0,0,1,0,1,0,1,0
1,4,75.35,1,0,0,54.67999999999999,1,0,0,1,0,1,0,1,0,0,0,0,0,0,0,0,0,1,0,0,0
0,41,65.0,0,0,0,60.280952380952385,1,0,0,1,1,0,0,0,0,1,0,0,1,1,0,0,0,0,1,0,1
1,15,74.4,0,0,1,67.14375,1,0,0,1,0,1,0,0,1,0,0,0,0,0,0,1,0,1,0,1,0
0,1,48.55,0,0,1,24.275,1,0,0,1,0,0,0,1,0,0,0,0,0,0,0,1,0,0,1,0,0
0,42,99.0,0,0,0,99.96395348837208,1,0,0,1,1,1,0,1,1,1,0,0,1,1,0,1,0,1,0,0,1
0,51,93.5,5,0,0,88.8375,0,1,0,1,0,1,0,1,1,1,0,1,0,1,0,1,0,1,0,0,1
0,2,70.4,0,0,1,49.050000000000004,0,1,1,1,0,1,0,0,0,0,0,0,0,0,0,0,0,1,0,0,0
1,1,40.2,0,0,1,20.1,1,1,0,0,0,0,0,0,1,0,0,1,0,0,0,0,0,1,0,0,0
0,32,83.7,0,0,0,79.7969696969697,1,0,1,1,1,0,0,0,1,1,1,1,1,1,0,0,1,0,0,1,0
0,10,19.85,0,0,0,17.55,1,0,0,1,0,0,1,0,0,0,0,0,0,0,0,1,0,0,1,0,0
0,67,59.55,0,0,0,60.35147058823529,0,1,1,0,0,0,0,0,1,1,1,1,1,0,1,1,0,1,0,0,1
0,61,115.1,0,0,0,113.03467741935484,0,1,1,1,1,1,0,1,1,1,1,1,1,0,1,0,1,0,0,0,1
0,50,114.35,0,0,0,113.55098039215687,1,0,0,1,1,1,0,1,1,1,1,1,1,1,0,0,1,0,0,0,1
0,2,44.6,0,0,1,26.849999999999998,0,1,0,1,0,0,0,0,0,0,0,0,0,0,0,1,1,0,0,0,0
1,29,45.0,4,0,0,40.955000000000005,0,1,0,0,0,0,0,1,0,1,0,0,1,0,0,1,0,1,0,1,0
1,3,41.15,0,0,1,33.05,1,0,0,0,0,0,0,0,0,1,0,0,1,0,0,1,0,1,0,0,0
1,13,106.9,0,1,1,97.45,1,0,0,1,1,1,0,0,1,1,0,1,1,0,0,1,0,1,0,1,0
1,57,89.85,5,0,0,84.9198275862069,1,1,0,1,1,1,0,0,1,0,0,0,1,0,0,1,0,1,0,0,1
0,31,49.85,0,0,0,47.503125,0,0,0,0,0,0,0,1,1,0,1,0,1,0,1,1,0,0,0,1,0
0,45,113.3,0,0,0,109.39673913043478,0,1,0,1,1,1,0,1,1,1,1,1,1,1,0,0,0,0,1,0,1
0,61,88.1,2,0,0,89.14112903225806,0,1,1,1,1,0,0,1,1,1,1,1,1,0,1,0,0,0,1,0,1
0,50,24.9,0,0,0,23.436274509803923,1,0,0,1,1,0,1,0,0,0,0,0,0,0,1,0,0,0,0,0,1
1,19,105.0,0,0,0,100.3625,0,0,0,1,0,1,0,1,1,0,1,1,1,0,0,1,0,0,1,1,0
0,59,19.35,0,2,1,18.326666666666664,1,0,0,1,0,0,1,0,0,0,0,0,0,0,1,0,0,0,1,0,1
0,71,24.25,0,0,0,24.06875,0,1,0,1,1,0,1,0,0,0,0,0,0,0,1,1,1,0,0,0,1
1,16,94.45,0,1,1,88.89411764705882,0,0,0,1,0,1,0,0,0,0,1,1,1,0,0,1,0,1,0,1,0
0,57,59.75,0,0,0,59.48534482758621,1,1,0,1,0,0,0,1,1,0,1,0,0,0,1,1,0,1,0,0,1
0,1,24.8,0,0,1,12.4,1,0,0,0,0,0,0,0,0,0,0,0,0,0,0,0,0,0,0,0,0
1,20,107.05,0,0,0,103.43095238095239,1,1,0,1,1,1,0,0,1,0,1,1,1,0,0,0,0,1,0,1,0
0,1,70.6,0,0,1,35.3,1,0,0,1,0,1,0,0,0,0,0,0,0,0,0,0,0,0,1,0,0
0,5,85.4,0,0,1,66.85000000000001,1,1,0,1,1,1,0,0,1,0,1,0,0,0,0,1,0,1,0,0,0
0,52,105.05,0,5,1,106.12924528301888,0,1,0,1,1,1,0,0,1,1,0,1,1,0,0,1,0,1,0,0,1
1,21,64.95,0,0,0,60.9,1,1,0,1,0,0,0,1,1,0,0,0,1,0,0,1,0,0,0,1,0
0,14,55.0,0,0,0,51.46333333333334,1,0,0,0,0,0,0,0,0,1,1,1,1,0,0,1,0,1,0,1,0
0,5,50.55,0,0,0,40.791666666666664,0,0,0,1,0,0,0,0,1,0,0,0,0,0,0,0,0,0,0,0,0
0,6,55.15,0,0,0,46.128571428571426,0,0,0,1,0,0,0,1,1,0,0,0,0,0,0,0,0,0,1,0,0
0,10,51.2,0,0,0,45.29545454545455,0,0,0,1,0,0,0,0,1,0,0,0,0,0,0,0,0,1,0,0,0
0,1,25.4,0,0,0,12.7,0,0,1,1,1,0,1,0,0,0,0,0,0,0,0,0,0,0,1,0,0
0,68,54.45,0,0,0,53.44565217391305,0,0,0,1,1,0,0,1,0,0,0,0,0,0,0,0,0,0,1,0,1
0,18,95.15,0,2,1,93.68157894736842,1,1,1,1,0,1,0,0,0,1,0,1,1,0,0,0,0,0,1,1,0
0,22,76.0,0,0,0,77.54782608695652,0,0,0,1,1,1,0,0,0,0,0,0,0,1,0,1,1,0,0,1,0
0,20,44.35,0,0,0,44.15,0,0,0,1,0,0,0,0,0,0,0,0,0,0,0,1,0,1,0,1,0
0,1,70.0,0,0,1,35.0,1,1,0,1,0,1,0,0,0,0,0,0,0,0,0,0,0,1,0,0,0
1,8,74.5,0,0,1,67.39444444444445,1,0,0,1,0,1,0,0,1,0,0,0,0,0,0,1,0,1,0,0,0
0,10,44.85,0,0,1,39.58181818181818,1,0,0,1,0,0,0,0,0,0,0,0,0,0,0,1,1,0,0,0,0
1,24,76.1,0,0,1,68.508,1,0,0,1,1,1,0,0,0,0,0,0,0,0,0,1,0,1,0,1,0
0,35,61.2,0,0,0,56.144444444444446,1,0,0,1,0,0,0,1,1,1,0,0,0,1,0,0,0,0,1,1,0
0,23,86.8,0,0,0,80.86666666666666,1,1,1,1,0,1,0,0,1,1,1,0,0,1,0,0,0,0,1,1,0
1,6,89.35,0,0,0,81.11428571428571,0,0,0,1,0,1,0,0,0,0,0,1,1,0,0,1,0,1,0,0,0
0,12,19.7,2,0,0,16.95,0,0,0,1,0,0,1,0,0,0,0,0,0,0,0,0,0,0,1,0,0
0,1,20.25,0,0,0,10.125,1,0,0,1,0,0,1,0,0,0,0,0,0,0,0,0,0,0,1,0,0
0,71,76.05,0,0,0,75.50625,0,1,1,1,0,1,0,0,0,1,0,0,0,0,1,0,0,1,0,0,1
1,35,100.8,3,0,0,95.48611111111111,1,1,0,1,1,1,0,0,0,1,0,1,1,0,0,1,0,1,0,1,0
0,40,74.55,0,0,0,73.5548780487805,1,1,1,1,1,0,0,0,0,1,0,1,1,0,0,1,0,1,0,0,1
0,1,73.6,0,0,1,36.8,0,0,1,1,0,1,0,1,0,0,0,0,0,0,0,1,0,0,1,0,0
0,23,64.9,0,0,0,62.90833333333333,1,0,0,1,0,0,0,0,0,0,0,1,1,1,0,1,0,0,0,1,0
1,4,95.45,0,0,1,79.22,0,0,0,1,1,1,0,0,0,0,0,1,1,0,0,1,0,1,0,0,0
0,4,90.4,0,0,0,71.33,1,0,0,1,0,1,0,0,0,1,1,0,1,0,0,1,0,1,0,0,0
0,68,60.3,0,1,0,59.55072463768116,0,1,1,0,0,0,0,0,1,1,1,1,1,0,1,0,1,0,0,0,1
0,38,81.85,0,0,0,80.55641025641025,1,0,1,1,1,1,0,0,1,0,0,0,0,0,0,1,0,0,1,0,1
0,52,24.8,0,0,0,23.19056603773585,1,1,1,1,1,0,1,0,0,0,0,0,0,0,1,0,0,0,1,0,1
1,32,74.9,0,0,1,69.79848484848485,1,1,0,1,1,1,0,0,0,0,0,0,0,0,0,1,0,1,0,1,0
0,29,75.55,4,0,0,68.48,1,1,1,1,0,0,0,0,0,1,1,1,1,0,1,0,0,0,1,1,0
1,38,101.15,0,2,0,95.94487179487179,1,1,1,1,1,1,0,0,1,0,0,1,1,0,0,0,0,1,0,0,1
0,48,78.75,0,0,0,75.15204081632653,1,0,1,1,1,0,0,1,0,1,0,1,1,1,0,1,1,0,0,0,1
0,1,19.25,0,0,0,9.625,0,0,0,1,0,0,1,0,0,0,0,0,0,0,0,1,0,0,0,0,0
0,22,89.05,0,0,0,82.01086956521739,0,0,0,1,0,1,0,1,0,0,1,0,1,0,0,1,0,1,0,1,0
0,43,115.05,0,0,0,111.25227272727274,0,0,0,1,1,1,0,1,1,1,1,1,1,0,1,0,1,0,0,0,1
1,5,69.35,0,0,0,56.93333333333334,0,1,0,1,0,1,0,0,0,0,0,0,0,0,0,1,0,1,0,0,0
0,5,80.6,0,0,1,69.25833333333334,1,0,0,1,0,1,0,0,0,0,0,1,0,0,0,1,0,1,0,0,0
0,51,110.05,0,0,0,109.35384615384615,1,1,1,1,1,1,0,1,1,0,1,1,1,1,0,0,1,0,0,0,1
0,71,19.9,0,0,0,18.820833333333333,1,0,0,1,0,0,1,0,0,0,0,0,0,0,1,1,1,0,0,0,1
0,38,80.3,0,3,1,78.42692307692307,0,1,1,1,0,0,0,1,1,0,1,1,1,1,0,0,1,0,0,0,1
1,24,93.15,0,2,1,89.242,1,1,0,1,0,1,0,0,0,1,0,1,1,0,0,1,0,1,0,1,0
0,35,91.5,0,0,0,89.89861111111111,1,1,0,1,1,1,0,0,0,0,1,1,0,0,0,1,1,0,0,1,0
1,54,82.45,0,5,1,79.09272727272727,0,0,0,1,1,0,0,1,1,0,1,1,1,1,0,0,0,0,0,0,1
0,72,60.0,0,0,0,58.41095890410959,0,1,1,0,0,0,0,0,1,1,1,1,1,0,1,1,0,1,0,0,1
0,1,44.8,0,0,0,22.4,1,0,0,1,0,0,0,0,0,0,0,0,0,0,0,1,0,1,0,0,0
0,9,48.6,1,0,0,42.230000000000004,0,1,1,1,0,0,0,1,0,0,0,0,0,1,0,0,0,0,1,0,0
0,69,60.05,0,0,0,59.667142857142856,1,0,0,0,0,0,0,1,1,0,1,1,1,0,1,1,0,0,0,0,1
0,52,102.7,4,0,0,96.94528301886793,0,1,0,1,1,1,0,0,1,0,1,1,1,0,0,1,1,0,0,0,1
1,11,82.9,0,0,0,73.33749999999999,0,1,0,1,0,1,0,0,0,0,1,1,0,0,0,1,0,1,0,0,0
1,2,70.35,0,0,1,46.35,0,0,0,1,0,1,0,0,0,0,0,0,0,0,0,1,0,1,0,0,0
1,28,35.9,0,0,0,33.574137931034485,0,1,1,0,0,0,0,0,0,0,0,1,0,0,0,1,0,1,0,1,0
1,17,82.65,3,0,0,81.66944444444444,0,0,0,1,1,1,0,0,0,1,0,0,0,0,0,1,1,0,0,1,0
0,35,19.85,0,0,0,20.5375,0,1,1,1,0,0,1,0,0,0,0,0,0,0,1,1,0,0,1,1,0
0,8,19.2,0,0,0,17.994444444444444,0,0,0,1,0,0,1,0,0,0,0,0,0,1,0,1,0,0,1,0,0
0,46,94.9,0,0,0,94.10531914893616,1,0,0,1,1,1,0,0,1,1,0,1,0,1,0,1,1,0,0,0,1
0,7,73.85,0,0,1,63.90625,0,0,0,1,1,1,0,0,0,0,0,0,0,0,0,1,0,1,0,0,0
0,2,80.6,0,0,1,51.93333333333334,0,0,0,1,1,1,0,0,0,1,0,0,0,0,0,0,0,0,1,0,0
0,68,75.8,0,6,1,76.72391304347826,1,1,1,1,1,0,0,0,1,1,1,0,1,1,0,1,0,0,0,0,1
0,43,104.6,0,4,1,108.1784090909091,0,0,0,1,1,1,0,0,1,1,0,1,1,0,1,1,0,1,0,0,1
0,68,88.15,0,0,0,89.10797101449275,0,0,0,1,1,0,0,1,1,1,1,1,1,0,1,1,0,1,0,0,1
0,36,94.8,0,0,0,96.36891891891892,0,0,0,1,0,1,0,0,1,0,0,1,1,0,0,1,1,0,0,1,0
0,63,103.4,0,4,1,103.171875,1,1,0,1,1,1,0,0,1,1,0,1,1,0,0,1,0,1,0,0,1
1,32,54.65,0,0,0,55.45757575757575,0,0,0,1,0,0,0,0,1,0,1,0,0,0,0,0,0,0,0,1,0
0,71,85.75,0,0,0,86.44166666666666,0,1,0,1,1,0,0,1,1,1,1,1,1,0,1,0,1,0,0,0,1
0,66,67.45,0,0,0,67.29328358208954,0,1,1,1,1,0,0,1,1,1,0,0,0,0,0,1,0,0,0,0,1
0,63,20.5,0,0,0,20.75234375,1,0,0,1,0,0,1,0,0,0,0,0,0,1,0,0,0,0,1,0,1
0,41,20.25,4,0,0,20.595238095238095,0,0,1,1,0,0,1,0,0,0,0,0,0,1,0,1,1,0,0,0,1
1,1,72.1,0,0,0,36.05,0,0,0,1,1,1,0,0,0,0,0,0,0,0,0,1,0,1,0,0,0
0,2,90.4,0,1,1,56.06666666666666,0,0,0,1,0,1,0,0,0,0,0,1,1,0,0,1,0,1,0,0,0
0,70,19.45,0,1,0,18.359154929577464,0,1,0,1,0,0,1,0,0,0,0,0,0,0,1,0,0,0,0,0,1
0,23,44.95,0,0,0,41.53541666666667,0,0,0,0,0,0,0,0,0,0,0,1,1,0,0,1,0,1,0,1,0
1,64,97.0,0,0,0,98.93692307692307,0,1,0,1,0,1,0,1,1,1,0,0,1,1,0,0,0,0,0,0,1
0,37,62.8,5,0,0,59.9671052631579,1,1,1,1,1,0,0,1,0,1,1,0,0,0,1,1,1,0,0,0,1
0,17,44.6,2,0,0,37.855555555555554,1,0,1,1,0,0,0,0,0,0,0,0,0,1,0,0,0,0,1,1,0
1,7,89.15,0,0,0,71.79375,0,0,0,1,0,1,0,0,0,0,0,1,1,0,0,1,0,1,0,0,0
0,4,84.8,0,0,1,74.38,1,1,1,1,1,1,0,0,1,1,0,0,0,0,0,1,0,0,0,0,0
1,21,41.9,0,1,1,38.18636363636364,0,0,0,0,0,0,0,1,0,0,0,1,0,0,0,1,0,1,0,1,0
0,10,80.25,0,0,1,76.9090909090909,0,0,0,1,0,1,0,0,0,0,0,0,1,0,0,1,0,0,0,0,0
1,16,54.1,0,0,0,52.294117647058826,0,0,0,1,1,0,0,1,0,0,0,0,0,0,0,1,0,1,0,1,0
0,64,105.25,0,0,0,104.97538461538461,1,1,0,1,1,1,0,0,1,0,1,1,1,0,1,1,0,1,0,0,1
1,27,30.75,0,0,1,28.75357142857143,1,1,0,0,0,0,0,1,0,0,0,0,0,0,0,0,1,0,0,1,0
0,42,97.1,0,0,0,93.41279069767442,1,1,1,1,1,1,0,1,0,0,0,1,1,1,0,0,0,1,0,0,1
0,5,20.2,0,0,0,13.958333333333334,1,0,1,1,0,0,1,0,0,0,0,0,0,0,0,0,0,0,1,0,0
0,41,98.8,0,0,0,94.26547619047619,0,0,0,1,0,1,0,0,1,0,1,1,1,0,1,1,0,0,0,0,1
0,58,50.3,0,0,0,48.78898305084746,1,1,0,1,0,0,0,0,0,1,0,0,0,1,0,0,1,0,0,0,1
0,47,20.55,4,0,0,19.702083333333334,0,0,0,1,0,0,1,0,0,0,0,0,0,0,1,1,0,0,1,0,1
0,18,75.9,2,0,0,72.26578947368421,1,0,0,1,0,1,0,0,0,0,1,0,0,0,0,1,0,0,0,1,0
0,5,96.5,0,0,1,82.09166666666667,1,0,0,1,0,1,0,0,0,1,0,1,1,0,0,0,0,0,0,0,0
0,23,59.95,0,0,0,58.583333333333336,1,1,0,1,0,0,0,1,0,0,0,0,1,0,0,1,0,0,0,1,0
0,1,19.15,0,0,0,9.575,0,0,0,1,0,0,1,0,0,0,0,0,0,0,0,0,0,0,1,0,0
0,71,98.65,0,0,0,96.70625000000001,1,1,0,1,1,1,0,0,0,1,0,1,1,1,0,1,1,0,0,0,1
0,72,112.6,0,0,0,111.32397260273972,1,1,1,1,1,1,0,1,1,1,1,1,1,0,1,1,1,0,0,0,1
0,33,20.6,0,0,0,20.301470588235293,1,1,1,1,0,0,1,0,0,0,0,0,0,1,0,0,0,0,1,1,0
0,2,85.65,0,0,1,60.5,1,0,0,1,1,1,0,0,0,0,0,1,0,0,0,1,0,1,0,0,0
0,24,35.75,1,0,0,33.232,1,0,1,0,0,0,0,1,0,0,1,0,0,0,1,0,0,0,1,1,0
0,56,99.75,0,0,0,98.39298245614034,0,1,1,1,1,1,0,0,1,1,1,0,1,1,0,1,1,0,0,0,1
0,37,96.1,0,0,0,95.96842105263158,1,0,0,1,0,1,0,0,1,0,0,1,1,0,0,1,1,0,0,0,1
0,43,85.1,0,0,0,83.23295454545455,0,0,0,1,1,0,0,0,1,1,1,1,1,1,0,0,1,0,0,0,1
0,1,25.35,0,0,0,12.675,1,0,0,0,0,0,0,0,0,0,0,0,0,0,0,0,0,0,1,0,0
0,25,104.95,0,2,1,98.71153846153847,0,1,0,1,1,1,0,0,0,1,1,1,1,0,0,1,0,0,0,1,0
0,61,89.65,0,0,0,85.6241935483871,0,0,0,1,1,0,0,1,1,1,1,1,1,0,1,0,0,1,0,0,1
0,17,86.75,0,0,0,78.34722222222223,1,0,0,1,1,1,0,0,0,1,1,0,0,1,0,0,0,1,0,1,0
0,41,86.2,0,0,0,79.50119047619049,0,1,0,1,0,1,0,0,1,1,1,0,0,1,0,1,0,0,0,0,1
0,1,50.65,0,0,1,25.325,1,0,0,1,0,0,0,0,1,0,0,0,0,0,0,0,0,0,1,0,0
1,72,64.8,0,0,0,64.82671232876713,1,1,1,0,0,0,0,1,1,1,1,1,1,0,1,1,0,0,0,0,1
0,1,90.85,0,0,1,45.425,1,0,0,1,1,1,0,0,1,0,0,0,1,0,0,1,1,0,0,0,0
0,48,108.1,0,0,0,103.41734693877551,1,0,0,1,1,1,0,0,1,1,0,1,1,0,1,1,0,0,0,0,1
1,11,19.95,0,0,1,17.895833333333332,1,1,0,1,0,0,1,0,0,0,0,0,0,0,0,0,0,0,1,0,0
1,55,85.45,0,4,1,87.04821428571428,0,1,0,1,1,1,0,0,1,1,0,0,0,0,0,1,0,1,0,0,1
0,42,54.75,2,0,0,54.61511627906976,0,0,0,0,0,0,0,1,1,1,1,0,1,1,0,1,0,1,0,0,1
0,44,90.4,0,0,0,90.28888888888889,1,0,0,1,1,1,0,0,0,1,0,0,1,0,0,1,0,0,1,0,1
0,1,44.0,0,0,0,22.0,1,0,1,1,0,0,0,0,0,0,0,0,0,0,0,0,0,1,0,0,0
0,27,95.6,0,0,0,92.6875,0,0,0,1,1,1,0,0,0,0,0,1,1,0,0,1,0,0,0,1,0
1,27,84.8,0,0,0,82.48392857142858,1,1,0,1,1,0,0,0,1,1,1,1,1,0,0,1,0,0,0,1,0
1,2,44.3,0,0,0,29.766666666666666,0,0,0,1,0,0,0,0,0,0,0,0,0,0,0,1,0,1,0,0,0
0,19,19.9,0,0,0,18.3775,0,0,0,1,0,0,1,0,0,0,0,0,0,0,0,0,0,0,1,1,0
1,42,95.05,0,0,0,91.73255813953489,0,1,0,1,1,1,0,0,0,0,0,1,1,0,0,1,0,1,0,0,1
0,66,90.05,0,0,0,89.04402985074627,0,0,0,1,1,0,0,1,1,1,1,1,1,0,1,1,1,0,0,0,1
1,33,109.9,0,0,0,108.66764705882352,1,1,0,1,1,1,0,1,0,1,1,1,1,0,0,1,0,0,0,1,0
0,34,73.95,0,0,1,72.12714285714286,0,0,0,1,0,1,0,0,1,0,0,0,0,0,0,1,1,0,0,1,0
1,33,54.6,0,0,0,53.050000000000004,1,0,0,0,0,0,0,0,0,1,1,1,1,0,0,1,0,1,0,1,0
0,23,20.05,4,0,0,17.295833333333334,0,1,1,1,0,0,1,0,0,0,0,0,0,1,0,0,0,0,1,1,0
0,32,19.75,0,0,0,18.913636363636364,0,0,0,1,0,0,1,0,0,0,0,0,0,1,0,0,0,0,0,1,0
0,11,20.05,0,0,0,19.808333333333334,0,0,0,1,0,0,1,0,0,0,0,0,0,1,0,0,1,0,0,0,0
0,69,99.45,0,7,1,100.10857142857144,1,1,1,1,1,1,0,0,0,1,0,1,1,0,0,1,1,0,0,0,1
0,68,55.9,0,0,0,55.77971014492754,0,1,0,1,0,0,0,1,0,0,1,0,0,1,0,0,0,0,0,0,1
0,20,19.7,3,0,0,19.97142857142857,1,0,0,1,0,0,1,0,0,0,0,0,0,0,1,1,0,0,1,1,0
0,72,19.8,0,0,0,20.11986301369863,1,0,0,1,0,0,1,0,0,0,0,0,0,0,1,1,1,0,0,0,1
0,60,95.4,0,0,0,95.27868852459017,1,1,1,1,1,1,0,1,0,1,0,1,0,1,0,1,0,0,0,0,1
1,32,93.95,0,0,0,86.71060606060605,1,1,1,1,0,1,0,0,1,0,0,1,1,0,0,1,0,0,1,1,0
0,1,19.9,0,0,1,9.95,0,0,0,1,0,0,1,0,0,0,0,0,0,0,0,1,0,0,1,0,0
0,1,19.6,0,0,1,9.8,1,0,0,1,0,0,1,0,0,0,0,0,0,0,0,1,0,0,1,0,0
1,3,81.35,0,0,1,58.425,1,0,0,1,1,1,0,0,1,0,0,0,0,0,0,1,0,1,0,0,0
0,46,24.45,0,0,0,22.684042553191492,0,1,0,1,1,0,1,0,0,0,0,0,0,1,0,1,0,0,0,0,1
0,29,74.95,0,0,0,71.635,0,1,0,1,1,1,0,0,0,0,0,0,0,0,0,1,0,1,0,1,0
0,51,87.35,0,0,0,86.01923076923077,1,0,0,1,1,1,0,0,1,1,1,0,0,0,0,1,0,1,0,0,1
1,48,70.65,0,0,0,72.34795918367347,0,1,0,1,0,1,0,0,0,0,0,0,0,0,0,1,0,0,0,0,1
0,16,73.25,5,0,0,70.33823529411765,0,1,1,1,0,1,0,0,1,0,0,0,0,0,0,0,0,0,0,1,0
0,70,98.7,0,0,0,96.60422535211266,1,1,0,1,1,1,0,0,1,1,1,0,1,0,1,1,0,0,0,0,1
0,40,24.8,0,0,0,24.992682926829268,0,1,1,1,1,0,1,0,0,0,0,0,0,0,1,1,0,0,1,0,1
0,22,83.3,0,4,1,80.25652173913043,0,1,1,1,0,1,0,0,1,0,0,0,1,0,0,0,0,1,0,1,0
1,1,75.3,0,0,1,37.65,0,0,0,1,0,1,0,0,0,1,0,0,0,0,0,1,0,0,0,0,0
0,5,24.3,0,0,0,22.041666666666668,0,1,1,1,1,0,1,0,0,0,0,0,0,0,0,1,0,0,1,0,0
0,7,69.85,0,0,0,64.43125,0,0,0,1,0,1,0,0,0,0,0,0,0,0,0,1,0,0,0,0,0
0,29,100.55,5,0,0,94.34833333333333,1,0,1,1,1,1,0,0,1,1,1,0,1,1,0,0,1,0,0,1,0
0,44,25.7,2,0,0,24.677777777777777,1,1,1,1,1,0,1,0,0,0,0,0,0,1,0,0,0,0,1,0,1
0,10,40.7,0,0,0,40.845454545454544,0,0,0,0,0,0,0,1,1,1,0,0,0,0,0,0,0,0,0,0,0
1,55,51.65,0,0,0,50.68839285714286,0,1,0,1,1,0,0,0,0,0,0,0,0,0,0,0,0,0,0,0,1
1,52,105.1,0,0,0,101.44150943396225,1,1,0,1,1,1,0,0,1,1,0,1,1,1,0,1,0,0,0,0,1
0,10,85.95,0,0,0,78.05454545454546,0,1,1,1,1,1,0,0,0,0,0,0,1,0,0,0,0,1,0,0,0
0,18,75.6,0,0,0,73.42368421052632,1,0,0,1,1,1,0,0,0,0,0,0,0,0,0,1,0,0,0,1,0
0,68,58.25,0,0,0,57.618840579710145,0,1,0,1,1,0,0,1,0,0,1,0,0,1,0,0,0,0,0,0,1
0,61,19.4,0,0,1,19.073387096774194,0,1,1,1,0,0,1,0,0,0,0,0,0,0,0,1,0,0,1,0,1
0,72,65.2,0,0,0,65.5404109589041,0,1,1,0,0,0,0,1,1,1,1,1,1,0,1,1,1,0,0,0,1
0,2,53.45,0,0,0,39.833333333333336,1,0,0,1,0,0,0,1,0,1,0,0,0,0,0,0,0,1,0,0,0
0,12,45.4,0,0,1,39.91538461538461,1,0,0,1,0,0,0,0,0,0,0,0,0,0,0,1,0,0,0,0,0
0,41,19.75,0,0,0,21.41547619047619,1,1,0,1,0,0,1,0,0,0,0,0,0,0,1,1,0,1,0,0,1
0,26,44.45,0,0,0,43.84444444444444,0,0,0,0,0,0,0,0,0,1,1,1,0,0,0,1,1,0,0,1,0
0,36,20.85,0,0,0,19.46081081081081,1,1,0,1,0,0,1,0,0,0,0,0,0,1,0,0,0,0,0,1,0
0,72,114.05,0,0,0,116.00273972602741,1,1,1,1,1,1,0,1,1,1,1,1,1,0,1,1,1,0,0,0,1
0,35,89.85,0,0,0,87.8111111111111,1,1,0,1,1,1,0,0,0,0,1,0,1,0,0,1,0,0,0,1,0
0,1,55.05,0,0,0,27.525,1,0,0,1,0,0,0,0,0,1,1,0,0,0,0,0,0,0,1,0,0
0,16,112.95,0,0,0,110.73823529411764,0,1,1,1,1,1,0,1,0,1,1,1,1,0,0,1,0,1,0,1,0
1,49,101.55,0,0,0,101.40799999999999,0,0,0,1,1,1,0,1,0,0,0,1,1,0,0,0,1,0,0,0,1
0,54,114.65,0,0,0,109.99090909090908,0,1,0,1,1,1,0,1,1,1,1,1,1,1,0,1,0,0,1,0,1
0,18,64.8,0,1,0,61.40526315789474,0,0,1,1,1,0,0,1,0,0,0,0,1,0,0,0,0,1,0,1,0
0,36,80.4,0,0,0,79.39594594594595,0,1,0,1,0,1,0,0,0,0,0,0,1,0,0,0,0,1,0,1,0
0,60,105.9,0,7,1,104.85983606557377,0,0,0,1,1,1,0,0,1,1,0,1,1,0,0,1,0,1,0,0,1
0,1,69.55,0,0,1,34.775,0,0,0,1,0,1,0,0,0,0,0,0,0,0,0,0,0,0,1,0,0
0,52,25.05,0,0,0,23.96698113207547,0,1,1,1,1,0,1,0,0,0,0,0,0,0,1,1,0,0,0,0,1
0,8,94.75,2,0,0,84.39444444444445,1,1,1,1,0,1,0,0,0,1,0,1,1,0,0,1,0,1,0,0,0
0,72,105.5,2,0,0,104.26780821917808,1,1,1,1,0,1,0,1,1,0,1,1,1,0,1,0,0,0,0,0,1
0,64,24.7,5,0,0,25.273076923076925,0,0,0,1,1,0,1,0,0,0,0,0,0,1,0,0,0,0,1,0,1
1,22,69.75,1,0,0,67.19130434782609,0,0,0,1,0,0,0,1,0,1,1,0,1,0,0,1,0,0,1,1,0
0,60,60.2,3,0,0,58.72786885245902,1,1,0,0,0,0,0,0,1,1,1,1,1,0,0,1,0,0,0,0,1
0,28,81.05,0,0,1,76.79655172413793,0,1,1,1,0,1,0,0,0,0,0,0,1,0,0,1,0,1,0,1,0
0,61,24.4,0,0,0,22.86935483870968,0,1,0,1,1,0,1,0,0,0,0,0,0,0,1,0,0,0,1,0,1
0,24,104.15,0,0,0,99.786,0,0,0,1,1,1,0,0,1,1,0,1,1,0,0,1,0,1,0,1,0
0,28,92.9,0,0,0,95.4603448275862,1,1,1,1,0,1,0,0,1,1,1,1,0,1,0,0,0,0,0,1,0
0,30,80.8,0,0,0,76.42903225806452,0,1,1,1,0,0,0,0,1,1,1,1,1,0,1,0,0,0,0,1,0
0,2,20.0,0,0,0,12.666666666666666,1,1,0,1,0,0,1,0,0,0,0,0,0,0,0,0,0,0,1,0,0
0,1,75.1,0,0,0,37.55,1,0,0,1,1,1,0,0,0,0,0,0,0,0,0,1,0,1,0,0,0
0,6,19.65,0,0,0,14.414285714285715,1,0,1,1,0,0,1,0,0,0,0,0,0,0,0,0,0,0,1,0,0
0,24,69.45,0,0,0,64.562,0,1,0,1,0,0,0,0,1,0,0,1,1,0,0,1,0,0,0,1,0
0,4,101.15,0,0,1,77.17999999999999,1,1,1,1,1,1,0,0,0,1,0,1,1,0,0,0,0,1,0,0,0
0,7,99.8,0,0,1,84.15625,1,0,0,1,1,1,0,0,1,0,0,1,1,0,0,1,0,1,0,0,0
1,72,116.05,0,6,0,115.13561643835617,1,1,0,1,1,1,0,1,1,1,1,1,1,0,1,1,0,0,0,0,1
0,70,40.05,0,0,0,39.433098591549296,1,0,0,0,0,0,0,0,0,0,1,0,1,0,1,1,0,0,1,0,1
1,64,102.1,0,0,0,100.59153846153846,1,1,0,1,1,1,0,0,0,1,1,1,1,0,1,0,0,1,0,0,1
0,72,89.7,2,0,0,90.2595890410959,1,1,1,1,1,1,0,0,1,0,0,1,0,1,0,1,0,1,0,0,1
0,44,19.9,0,0,0,19.29111111111111,0,0,1,1,0,0,1,0,0,0,0,0,0,0,1,0,0,0,1,0,1
0,13,55.95,0,0,1,52.45357142857143,0,1,1,1,0,0,0,0,0,0,0,0,1,0,0,0,0,1,0,1,0
1,17,20.65,0,0,0,18.366666666666667,0,0,0,1,0,0,1,0,0,0,0,0,0,1,0,0,0,0,1,1,0
0,1,55.0,0,0,1,27.5,1,0,0,1,0,0,0,0,0,0,0,0,1,0,0,1,0,1,0,0,0
0,9,70.05,0,0,0,56.44,1,1,0,1,0,0,0,0,0,1,0,1,1,0,0,1,0,0,1,0,0
0,24,53.6,0,0,0,52.614,1,1,0,1,0,0,0,1,0,0,1,0,0,0,0,0,0,0,1,1,0
0,1,74.7,0,0,1,37.35,0,1,1,1,0,1,0,0,1,0,0,0,0,0,0,1,0,1,0,0,0
0,24,80.25,0,0,1,74.46,1,0,0,1,1,1,0,0,1,0,0,0,0,0,0,1,0,1,0,1,0
1,35,76.05,0,0,0,76.3111111111111,1,1,1,1,0,0,0,0,1,0,1,1,1,0,0,1,0,1,0,1,0
0,7,75.7,2,0,0,69.25625,0,1,1,1,0,0,0,1,1,1,1,1,0,0,0,1,0,1,0,0,0
0,5,96.1,0,0,1,75.56666666666666,1,0,0,1,0,1,0,0,0,0,1,1,1,0,0,1,0,1,0,0,0
0,15,69.0,0,0,1,62.175,0,0,1,1,0,1,0,0,0,0,0,0,0,0,0,0,0,0,0,1,0
0,11,19.65,0,0,0,18.8125,1,1,1,1,0,0,1,0,0,0,0,0,0,0,1,0,0,0,1,0,0
0,48,45.3,0,5,1,43.775510204081634,0,1,0,0,0,0,0,1,0,1,0,0,1,0,0,1,0,0,0,0,1
1,20,81.45,0,0,0,79.6,0,0,0,1,0,1,0,0,0,0,0,0,1,0,0,1,0,1,0,1,0
0,72,108.5,3,0,0,109.64109589041097,0,1,0,1,1,1,0,0,1,1,1,1,1,1,0,1,0,0,0,0,1
0,8,83.55,0,2,1,75.5611111111111,0,1,1,1,0,1,0,0,1,0,0,1,0,0,0,1,0,1,0,0,0
0,72,84.5,0,0,0,83.98424657534247,1,1,1,1,1,1,0,0,0,0,0,0,1,0,1,1,1,0,0,0,1
0,15,100.15,0,0,0,88.4375,0,0,0,1,1,1,0,0,1,0,0,1,1,0,0,1,0,1,0,1,0
0,72,88.6,0,2,0,84.95821917808219,1,0,0,1,1,0,0,0,1,1,1,1,1,0,1,1,0,0,0,0,1
0,0,52.55,0,0,0,1401.4,0,1,1,0,0,0,0,1,0,1,1,1,0,0,1,1,0,0,0,0,0
0,1,74.35,3,0,1,37.175,1,0,1,1,1,1,0,0,0,0,0,0,0,0,0,1,0,1,0,0,0
0,63,104.8,0,0,0,103.08203125,1,1,1,1,1,1,0,0,1,1,0,1,1,0,1,1,0,0,0,0,1
0,2,59.0,0,0,0,38.050000000000004,0,0,0,1,0,0,0,0,1,0,0,1,0,0,0,1,0,1,0,0,0
0,2,74.4,0,0,1,46.46666666666667,0,1,0,1,0,1,0,1,0,0,0,0,0,0,0,1,0,1,0,0,0
1,61,64.05,0,0,0,62.94516129032258,1,1,0,1,1,0,0,0,1,0,0,0,1,1,0,0,0,0,0,0,1
0,1,20.4,0,0,0,10.2,1,0,0,1,0,0,1,0,0,0,0,0,0,0,0,0,0,0,1,0,0
0,22,43.75,0,0,1,39.28695652173913,1,0,0,0,0,0,0,0,1,1,0,0,1,1,0,1,0,0,0,1,0
0,28,60.9,0,0,0,61.574137931034485,1,1,0,1,0,0,0,1,1,0,1,0,0,0,0,0,0,0,1,1,0
0,70,19.8,0,0,0,19.685211267605634,0,1,0,1,0,0,1,0,0,0,0,0,0,0,1,0,0,0,0,0,1
1,5,28.45,0,0,1,21.84166666666667,0,0,0,0,0,0,0,0,1,0,0,0,0,0,0,0,0,1,0,0,0
0,12,99.7,2,1,1,95.26538461538462,0,0,0,1,1,1,0,1,1,1,0,0,1,0,0,1,0,0,0,0,0
0,34,116.25,0,0,0,111.40142857142858,1,0,0,1,1,1,0,1,1,1,1,1,1,1,0,0,1,0,0,1,0
1,71,80.7,2,0,0,78.83333333333333,0,1,0,1,1,1,0,1,0,0,0,0,0,0,1,1,1,0,0,0,1
0,70,65.2,0,0,0,63.98802816901408,0,1,1,1,1,0,0,1,0,0,0,0,1,1,0,0,0,0,0,0,1
0,52,84.05,0,0,0,81.63773584905661,0,1,1,1,0,1,0,1,0,1,1,0,0,0,0,1,0,0,0,0,1
0,69,79.45,5,0,0,78.60785714285714,1,0,1,1,1,0,0,1,1,1,1,1,0,0,1,1,1,0,0,0,1
1,20,94.1,0,3,1,84.87619047619049,0,0,0,1,1,1,0,0,1,1,0,0,1,0,0,1,0,1,0,1,0
0,11,78.0,1,0,0,70.98333333333333,1,0,1,1,1,1,0,0,0,1,0,0,0,0,0,1,0,0,1,0,0
0,2,94.2,0,1,1,55.833333333333336,1,1,0,1,0,1,0,0,0,0,1,1,1,0,0,1,0,1,0,0,0
0,6,80.5,2,0,1,71.83571428571429,0,1,1,1,1,1,0,0,0,0,1,0,0,0,0,1,0,1,0,0,0
0,1,19.85,0,0,0,9.925,0,0,0,1,0,0,1,0,0,0,0,0,0,0,0,0,0,0,1,0,0
1,20,94.3,0,0,0,86.58571428571429,1,1,1,1,0,1,0,1,0,1,1,0,1,1,0,0,1,0,0,1,0
0,61,106.45,0,0,0,101.61532258064516,1,0,0,1,1,1,0,1,0,1,0,1,1,0,0,1,0,1,0,0,1
1,5,74.35,0,0,1,55.800000000000004,0,1,0,1,1,1,0,0,0,0,0,0,0,0,0,1,0,1,0,0,0
0,56,105.45,0,0,0,103.80614035087719,0,0,0,1,1,1,0,0,1,0,1,1,1,0,0,1,0,0,0,0,1
0,30,95.0,4,0,0,92.01290322580645,1,0,0,1,1,1,0,1,1,1,1,0,0,0,0,1,1,0,0,1,0
0,40,104.8,0,4,1,100.77926829268293,1,0,0,1,1,1,0,0,0,1,1,1,1,0,0,0,0,0,0,0,1
0,28,54.3,0,0,0,53.320689655172416,0,0,0,1,0,0,0,1,0,0,1,0,0,1,0,0,0,0,1,1,0
1,5,70.05,0,0,0,50.43333333333334,0,1,0,1,0,1,0,0,0,0,0,0,0,0,0,0,0,1,0,0,0
1,27,75.2,1,0,1,68.90535714285714,0,1,0,1,0,1,0,1,0,0,0,0,0,0,0,1,0,0,0,1,0
0,12,20.05,0,0,0,20.41923076923077,1,0,0,1,0,0,1,0,0,0,0,0,0,0,0,0,1,0,0,0,0
0,67,105.4,0,0,0,102.7860294117647,1,1,1,1,1,1,0,0,1,1,0,1,1,1,0,1,0,1,0,0,1
1,29,51.6,2,0,0,48.06666666666667,1,1,0,1,1,0,0,0,0,0,0,0,0,0,0,1,0,1,0,1,0
0,55,85.5,0,0,0,84.16785714285713,1,1,1,1,1,1,0,0,0,0,0,0,1,0,0,0,0,0,0,0,1
0,23,75.6,0,0,1,73.27499999999999,0,0,0,1,1,1,0,0,0,0,0,0,0,0,0,0,0,0,0,1,0
0,34,100.05,0,3,1,99.42857142857143,1,1,0,1,1,1,0,0,0,1,0,1,1,0,0,1,0,1,0,1,0
0,52,91.25,0,0,0,89.40188679245283,1,0,0,1,0,1,0,1,0,1,0,1,0,1,0,0,0,1,0,0,1
1,72,115.75,0,0,0,115.05684931506849,1,1,1,1,1,1,0,1,1,1,1,1,1,0,1,1,1,0,0,0,1
0,58,94.7,0,0,0,92.03983050847458,1,1,1,1,1,1,0,0,1,0,1,1,0,1,0,1,1,0,0,0,1
0,35,19.6,2,0,0,19.081944444444446,1,1,1,1,0,0,1,0,0,0,0,0,0,0,1,0,0,0,1,1,0
1,56,99.9,0,0,0,100.11052631578947,0,0,0,1,1,1,0,0,1,1,1,1,0,0,1,1,0,0,0,0,1
0,24,21.1,0,0,0,19.625999999999998,0,1,1,1,0,0,1,0,0,0,0,0,0,0,1,1,1,0,0,1,0
0,70,20.05,0,6,0,19.158450704225352,1,1,1,1,0,0,1,0,0,0,0,0,0,0,1,0,1,0,0,0,1
0,2,79.95,0,0,0,58.15,1,0,0,1,0,1,0,0,0,0,0,1,0,0,0,1,0,1,0,0,0
1,68,107.15,0,0,0,106.9536231884058,1,1,1,1,1,1,0,0,0,1,1,1,1,1,0,1,1,0,0,0,1
0,1,85.0,0,0,1,42.5,0,0,0,1,1,1,0,0,0,0,0,0,1,0,0,1,0,1,0,0,0
0,12,89.55,0,0,0,78.59615384615384,1,0,0,1,1,1,0,0,0,1,0,1,0,0,0,1,0,1,0,0,0
0,63,81.55,1,0,0,78.57890625,0,1,0,1,1,1,0,0,1,0,0,0,0,0,0,1,0,0,0,0,1
0,33,58.45,0,0,0,57.51176470588236,0,1,1,1,0,0,0,1,1,1,0,0,0,1,0,1,0,0,1,1,0
0,69,95.65,0,0,0,96.34571428571428,0,1,0,1,0,1,0,0,1,0,0,1,1,1,0,1,1,0,0,0,1
0,60,80.6,0,0,0,81.09344262295082,0,1,1,1,0,0,0,0,1,1,1,1,1,0,1,1,0,0,0,0,1
0,72,113.1,0,0,0,112.9931506849315,0,1,1,1,1,1,0,1,1,1,1,1,1,0,1,1,0,0,0,0,1
0,11,58.95,0,0,0,50.13333333333333,0,0,0,1,1,0,0,0,0,0,0,0,1,0,0,1,0,0,1,0,0
0,1,19.55,0,0,0,9.775,0,0,0,1,0,0,1,0,0,0,0,0,0,0,0,0,0,0,1,0,0
0,10,86.05,0,0,1,75.82727272727273,1,0,0,1,1,1,0,0,0,0,0,1,0,0,0,1,0,0,0,0,0
0,13,45.55,0,2,1,42.642857142857146,1,0,0,0,0,0,0,1,0,0,1,1,0,0,0,1,1,0,0,1,0
0,34,78.95,5,0,0,75.63428571428571,1,1,1,1,0,1,0,0,0,0,0,0,1,1,0,1,0,0,0,1,0
0,39,86.3,5,3,1,81.65,1,1,1,1,0,1,0,0,1,0,0,1,0,0,0,1,0,0,1,0,1
0,65,105.05,0,0,0,102.18560606060606,0,0,0,1,1,1,0,0,1,0,1,1,1,1,0,1,0,0,0,0,1
1,50,101.9,0,4,0,103.24509803921569,1,1,0,1,1,1,0,1,1,1,0,1,0,1,0,1,0,0,0,0,1
0,15,19.75,0,1,0,19.475,1,0,0,1,0,0,1,0,0,0,0,0,0,0,0,0,0,0,1,1,0
0,72,110.3,2,0,0,109.13561643835617,1,1,1,1,1,1,0,1,1,1,0,1,1,0,1,1,0,0,0,0,1
0,72,115.6,0,4,0,112.60821917808218,0,1,1,1,1,1,0,1,1,1,1,1,1,0,1,1,0,0,0,0,1
0,55,19.35,0,0,0,20.59375,1,1,1,1,0,0,1,0,0,0,0,0,0,0,1,0,0,0,0,0,1
0,23,25.6,0,0,0,21.447916666666668,0,1,1,1,1,0,1,0,0,0,0,0,0,0,1,1,1,0,0,1,0
0,32,80.35,0,0,1,78.67121212121212,1,0,0,1,1,1,0,0,1,0,0,0,0,0,0,1,0,0,0,1,0
0,56,68.75,0,0,0,66.80701754385964,0,1,1,1,1,0,0,1,0,1,0,0,1,1,0,1,0,0,0,0,1
0,1,19.9,0,0,0,9.95,0,0,0,1,0,0,1,0,0,0,0,0,0,0,0,0,0,0,0,0,0
0,38,70.6,0,0,0,69.44102564102563,1,0,0,1,0,0,0,1,1,0,1,1,0,1,0,0,0,0,1,0,1
0,11,70.2,1,0,0,63.3375,1,0,0,1,0,1,0,0,0,0,0,0,0,0,0,0,0,1,0,0,0
0,1,49.3,2,0,0,24.65,1,0,0,1,0,0,0,0,0,0,1,0,0,0,0,1,0,1,0,0,0
0,56,107.25,0,0,0,105.84736842105264,1,1,0,1,1,1,0,0,1,0,1,1,1,1,0,1,0,1,0,0,1
0,3,23.6,0,0,0,22.2625,1,1,0,1,1,0,1,0,0,0,0,0,0,0,0,1,0,0,1,0,0
0,7,69.7,0,0,0,64.51875,1,1,1,1,0,0,0,1,0,0,0,1,1,0,0,0,1,0,0,0,0
0,59,99.5,0,0,0,97.69583333333334,1,1,1,1,1,1,0,0,0,1,0,1,1,0,1,1,1,0,0,0,1
0,7,64.3,0,0,0,55.74375,1,0,0,1,0,0,0,0,0,1,1,1,0,0,0,0,0,0,0,0,0
0,71,70.85,0,0,0,69.07499999999999,1,1,1,1,0,0,0,1,0,1,1,0,1,0,1,1,1,0,0,0,1
0,15,101.9,0,0,0,104.203125,1,1,1,1,0,1,0,1,0,0,1,1,1,1,0,0,0,1,0,1,0
0,71,73.5,0,0,0,74.41319444444444,1,1,0,1,1,0,0,1,1,0,1,1,0,0,1,0,1,0,0,0,1
0,35,100.25,0,4,1,97.98888888888888,0,0,0,1,1,1,0,0,0,1,0,1,1,0,0,1,0,1,0,1,0
0,11,40.4,0,0,0,35.21666666666667,0,0,0,0,0,0,0,0,1,1,1,0,0,1,0,1,1,0,0,0,0
0,60,19.25,0,0,0,18.08606557377049,0,1,1,1,0,0,1,0,0,0,0,0,0,0,1,1,1,0,0,0,1
1,47,59.6,0,0,0,57.375,1,0,0,1,1,0,0,0,1,0,1,0,0,0,1,0,0,0,0,0,1
0,11,64.9,0,0,0,58.104166666666664,0,0,0,1,0,0,0,0,0,1,1,0,1,1,0,0,1,0,0,0,0
0,56,100.3,0,5,1,98.49912280701754,1,1,0,1,1,1,0,0,1,0,0,1,1,1,0,0,1,0,0,0,1
1,28,110.85,0,0,0,110.49655172413793,0,1,0,1,1,1,0,0,1,1,1,1,1,0,0,1,0,1,0,1,0
0,61,81.05,4,0,0,76.57499999999999,1,1,0,1,0,0,0,1,1,0,1,1,1,0,1,1,0,0,1,0,1
0,31,98.05,0,0,0,96.315625,1,1,1,1,1,1,0,1,0,1,0,1,0,1,0,0,0,0,0,1,0
0,9,70.5,0,0,0,59.79,1,0,0,1,0,1,0,0,0,0,0,0,0,0,0,1,0,1,0,0,0
1,35,94.55,5,0,0,93.48333333333333,1,1,0,1,1,1,0,1,1,0,0,0,1,0,0,1,0,1,0,1,0
0,2,19.65,0,0,0,12.933333333333332,1,0,0,1,0,0,1,0,0,0,0,0,0,0,0,1,0,0,1,0,0
0,12,19.0,0,0,1,17.965384615384615,0,1,1,1,0,0,1,0,0,0,0,0,0,0,0,0,0,0,1,0,0
0,1,75.3,0,0,1,37.65,0,0,0,1,0,1,0,1,0,0,0,0,0,0,0,0,0,0,1,0,0
1,4,89.2,0,0,1,69.24,0,0,0,1,1,1,0,0,0,1,0,1,0,0,0,1,0,1,0,0,0
0,1,19.0,0,0,0,9.5,0,1,1,1,0,0,1,0,0,0,0,0,0,0,0,1,0,0,1,0,0
0,3,20.0,0,0,0,15.425,0,0,0,1,0,0,1,0,0,0,0,0,0,0,0,1,0,0,1,0,0
1,1,85.7,0,0,1,42.85,0,0,0,1,1,1,0,0,0,0,0,1,0,0,0,1,0,1,0,0,0
0,52,63.25,0,0,0,63.06509433962264,1,0,0,1,0,0,0,1,1,0,0,1,0,0,1,1,1,0,0,0,1
0,5,20.1,0,0,0,14.183333333333332,1,1,1,1,0,0,1,0,0,0,0,0,0,1,0,0,0,0,1,0,0
0,72,99.15,0,0,0,101.67260273972603,1,1,0,1,1,1,0,1,1,1,0,0,1,0,1,1,0,1,0,0,1
0,71,90.4,0,0,0,92.61180555555556,1,1,1,1,1,0,0,1,1,1,1,1,1,0,1,0,0,1,0,0,1
0,72,111.9,0,0,0,110.56232876712329,1,1,0,1,1,1,0,1,0,1,1,1,1,0,1,1,1,0,0,0,1
0,46,24.9,3,0,0,24.995744680851065,1,1,1,1,1,0,1,0,0,0,0,0,0,1,0,0,0,1,0,0,1
0,63,83.5,0,2,0,84.921875,1,1,1,1,1,0,0,1,1,1,0,1,1,0,1,0,1,0,0,0,1
0,30,84.3,0,0,0,78.66451612903225,1,0,0,1,0,1,0,1,1,1,0,0,0,0,0,1,1,0,0,1,0
0,1,45.6,0,0,0,22.8,1,0,0,1,0,0,0,0,0,0,0,0,0,0,0,0,0,0,1,0,0
0,12,61.65,0,1,1,54.90384615384615,0,0,0,1,1,0,0,1,0,1,1,0,0,0,0,1,0,0,1,0,0
0,16,54.85,0,0,0,53.891176470588235,1,0,0,0,0,0,0,1,1,1,1,1,0,0,1,0,0,0,1,1,0
0,4,65.55,0,0,0,47.44,1,0,0,1,1,0,0,0,0,0,1,0,1,0,0,0,0,0,1,0,0
0,51,90.35,0,0,0,88.74134615384615,1,1,0,1,1,1,0,0,1,0,0,0,1,1,0,1,1,0,0,0,1
0,65,20.4,0,0,0,21.43106060606061,1,1,0,1,0,0,1,0,0,0,0,0,0,0,1,1,1,0,0,0,1
0,16,74.55,0,0,0,68.8529411764706,1,0,0,1,0,1,0,0,0,0,1,0,0,0,0,1,1,0,0,1,0
0,2,19.95,0,0,0,15.9,1,0,0,1,0,0,1,0,0,0,0,0,0,1,0,0,0,0,1,0,0
0,66,74.25,0,0,0,72.52611940298507,0,1,1,1,1,1,0,0,0,0,0,0,0,1,0,1,0,0,0,0,1
0,46,108.65,0,0,0,104.32340425531915,1,0,0,1,1,1,0,0,1,1,1,1,1,0,1,0,0,1,0,0,1
0,32,109.55,0,0,0,109.33333333333333,0,0,0,1,1,1,0,1,0,1,1,1,1,1,0,1,0,0,0,1,0
0,72,86.65,0,0,0,83.48287671232876,1,1,0,1,1,0,0,1,0,1,1,1,1,0,1,0,1,0,0,0,1
0,38,81.0,0,0,0,79.10000000000001,1,1,1,1,0,0,0,1,0,1,1,1,1,0,1,0,1,0,0,0,1
0,51,47.85,0,0,0,45.32211538461539,1,0,1,1,0,0,0,0,0,0,1,0,0,1,0,0,1,0,0,0,1
0,72,114.55,0,0,0,113.78150684931506,1,1,1,1,1,1,0,1,1,1,1,1,1,0,1,0,0,0,0,0,1
1,65,105.25,0,6,1,102.82424242424241,0,1,0,1,1,1,0,1,0,1,0,1,1,0,0,0,0,0,0,0,1
0,9,29.95,0,0,1,24.895,1,1,1,0,0,0,0,0,1,0,0,0,0,0,0,1,0,1,0,0,0
0,9,65.0,2,0,1,66.30499999999999,0,1,1,1,0,0,0,1,1,1,1,0,0,0,0,0,0,0,1,0,0
0,66,20.55,1,0,0,20.255223880597015,1,0,1,1,0,0,1,0,0,0,0,0,0,0,1,0,0,0,1,0,1
1,44,109.8,4,0,0,108.00777777777779,0,0,0,1,1,1,0,1,1,1,0,1,1,1,0,1,1,0,0,0,1
0,50,69.5,0,0,0,67.0235294117647,1,0,0,1,1,0,0,0,0,1,1,0,1,0,1,0,0,0,0,0,1
0,15,48.85,3,0,0,39.4625,0,0,0,1,1,0,0,0,0,0,0,0,0,0,0,0,0,0,1,1,0
0,8,25.25,0,0,0,20.700000000000003,1,0,0,0,0,0,0,0,0,0,0,0,0,0,0,1,1,0,0,0,0
1,66,102.85,0,0,0,104.13059701492537,0,0,0,1,1,1,0,0,0,1,1,1,1,1,0,1,1,0,0,0,1
0,57,87.55,0,0,0,84.22155172413794,0,0,0,1,1,1,0,1,1,0,1,0,0,0,0,1,0,0,0,0,1
0,7,78.55,0,0,0,65.36875,0,0,0,1,1,1,0,0,1,0,0,0,0,0,0,1,0,0,0,0,0
1,10,34.55,1,0,0,32.96363636363637,1,1,1,0,0,0,0,0,0,0,0,0,1,0,0,1,0,0,0,0,0
0,62,92.05,3,0,0,91.36190476190477,0,0,0,1,1,1,0,1,1,1,0,0,0,1,0,1,0,1,0,0,1
0,40,85.05,3,0,0,81.84512195121951,1,1,1,1,0,1,0,0,0,1,0,1,0,1,0,1,0,1,0,0,1
0,20,19.7,0,0,0,19.378571428571426,0,0,0,1,0,0,1,0,0,0,0,0,0,0,1,0,0,0,1,1,0
0,7,20.0,2,0,1,17.2,0,0,0,1,0,0,1,0,0,0,0,0,0,0,0,0,0,0,0,0,0
0,25,95.15,2,0,0,92.14230769230768,0,1,0,1,0,1,0,0,0,0,1,1,1,0,0,1,0,1,0,1,0
0,23,84.25,0,0,0,82.00416666666666,1,1,0,1,1,1,0,0,1,1,0,0,0,0,0,0,0,1,0,1,0
1,66,104.6,0,0,0,101.78283582089551,0,1,0,1,1,1,0,0,1,1,0,1,1,1,0,0,1,0,0,0,1
1,72,111.65,5,0,0,108.81438356164384,0,0,0,1,1,1,0,0,1,1,1,1,1,0,1,0,0,1,0,0,1
1,49,90.05,5,3,1,90.945,1,1,0,1,1,1,0,0,1,0,0,0,1,0,0,0,1,0,0,0,1
1,43,110.75,0,4,1,106.54318181818181,1,1,1,1,1,1,0,0,1,1,1,1,1,0,0,1,0,0,0,0,1
0,46,55.0,0,0,0,52.63723404255319,0,1,0,1,1,0,0,1,0,0,0,0,0,0,0,0,0,0,0,0,1
0,72,89.85,0,0,0,89.90273972602739,1,1,1,1,1,0,0,1,1,1,1,1,1,0,1,0,1,0,0,0,1
0,10,20.35,1,0,0,16.027272727272727,1,0,0,1,0,0,1,0,0,0,0,0,0,1,0,0,0,0,1,0,0
0,40,54.55,0,0,0,54.541463414634144,0,0,0,0,0,0,0,1,0,0,1,1,1,1,0,1,0,0,0,0,1
0,65,105.5,0,6,1,105.84318181818182,0,1,1,1,1,1,0,0,1,1,0,1,1,0,0,1,0,1,0,0,1
0,31,99.45,0,1,0,97.184375,1,0,0,1,0,1,0,0,0,1,1,1,1,0,1,0,0,0,0,1,0
0,68,70.9,0,0,0,71.17898550724638,0,1,0,1,1,0,0,1,1,1,1,0,0,0,1,0,1,0,0,0,1
1,56,104.55,0,5,1,101.66052631578947,1,1,1,1,1,1,0,1,0,1,0,1,1,1,0,1,0,0,0,0,1
0,10,85.25,0,0,1,77.75454545454545,1,1,0,1,1,1,0,0,0,0,0,0,1,0,0,1,0,1,0,0,0
0,68,25.4,0,0,0,23.481159420289856,1,1,1,1,1,0,1,0,0,0,0,0,0,0,1,0,0,0,0,0,1
0,43,56.15,0,0,1,56.80227272727273,0,1,1,1,0,0,0,0,0,0,0,1,0,0,0,0,0,1,0,0,1
0,1,89.55,0,1,1,44.775,1,0,0,1,0,1,0,0,0,0,0,1,1,0,0,1,0,1,0,0,0
1,49,89.85,0,0,0,85.744,0,0,0,1,0,1,0,0,1,1,0,0,1,1,0,1,0,0,0,0,1
0,15,25.25,0,0,0,24.678125,0,1,1,1,1,0,1,0,0,0,0,0,0,0,0,1,0,1,0,1,0
1,20,94.55,0,2,1,90.45952380952382,1,1,0,1,1,1,0,0,0,0,0,1,1,0,0,1,0,1,0,1,0
0,1,45.7,0,0,1,22.85,1,0,0,1,0,0,0,0,0,0,0,0,0,0,0,1,0,0,1,0,0
0,50,69.65,0,0,0,67.49313725490197,1,1,1,1,1,0,0,0,0,1,1,1,0,1,0,1,0,1,0,0,1
1,2,89.5,0,0,1,53.833333333333336,0,0,0,1,1,1,0,0,1,0,0,0,1,0,0,0,0,1,0,0,0
1,24,70.0,2,0,0,69.304,1,0,0,1,0,1,0,0,0,0,0,0,0,0,0,0,1,0,0,1,0
0,3,69.55,0,0,1,55.575,0,0,0,1,0,1,0,0,0,0,0,0,0,0,0,1,0,0,0,0,0
0,1,74.6,2,0,1,37.3,0,0,0,1,0,1,0,0,0,1,0,0,0,0,0,1,0,0,1,0,0
0,35,20.1,0,0,0,18.202777777777776,1,1,1,1,0,0,1,0,0,0,0,0,0,0,1,0,0,0,1,1,0
0,17,24.8,0,0,0,26.40277777777778,0,0,0,1,1,0,1,0,0,0,0,0,0,0,0,0,0,0,1,1,0
1,8,19.65,0,0,1,18.255555555555556,0,0,0,1,0,0,1,0,0,0,0,0,0,0,0,0,0,1,0,0,0
0,10,95.1,4,0,0,78.64545454545454,1,0,0,1,0,1,0,0,0,0,1,1,1,0,0,1,1,0,0,0,0
0,68,88.85,0,0,0,88.87971014492753,1,1,1,1,1,0,0,1,1,1,1,1,1,0,1,1,1,0,0,0,1
0,45,78.8,0,0,0,78.20652173913044,1,1,0,1,0,0,0,1,1,1,0,1,1,1,0,0,0,0,0,0,1
0,2,19.85,0,0,1,11.966666666666667,1,1,1,1,0,0,1,0,0,0,0,0,0,1,0,0,0,0,1,0,0
0,37,20.35,0,0,0,18.35921052631579,1,1,0,1,0,0,1,0,0,0,0,0,0,0,0,0,0,0,0,0,1
0,4,24.25,2,0,1,19.21,0,0,0,0,0,0,0,0,0,0,0,0,0,0,0,1,0,0,1,0,0
0,10,45.25,0,0,0,38.97272727272727,0,0,0,1,0,0,0,0,0,0,0,0,0,0,0,0,0,0,1,0,0
0,1,20.05,0,0,0,10.025,1,0,0,1,0,0,1,0,0,0,0,0,0,0,0,0,0,0,1,0,0
0,65,69.55,0,0,0,67.56287878787879,1,1,1,1,1,0,0,1,1,0,0,0,1,0,1,1,0,0,1,0,1
0,57,19.5,0,0,0,20.13103448275862,0,1,1,1,0,0,1,0,0,0,0,0,0,0,1,0,0,0,0,0,1
0,3,74.75,0,0,0,59.525,0,0,0,1,0,1,0,0,0,1,0,0,0,0,0,1,0,0,1,0,0
0,2,69.65,0,0,1,48.38333333333333,0,0,0,1,0,1,0,0,0,0,0,0,0,0,0,0,0,1,0,0,0
0,49,30.2,0,0,0,29.061999999999998,1,0,0,0,0,0,0,0,0,1,0,0,0,0,0,1,0,0,0,0,1
0,4,45.65,0,0,1,38.21,0,0,0,1,0,0,0,0,0,0,0,0,0,0,0,0,0,0,1,0,0
0,70,57.8,0,0,0,56.89154929577465,0,1,0,0,0,0,0,0,1,1,1,1,1,0,1,0,0,0,0,0,1
0,53,19.85,0,0,0,19.249074074074073,0,1,1,1,0,0,1,0,0,0,0,0,0,1,0,1,0,0,0,0,1
0,53,25.55,0,0,0,24.74259259259259,1,1,1,1,1,0,1,0,0,0,0,0,0,0,1,0,1,0,0,0,1
0,1,75.05,0,0,1,37.525,0,0,0,1,1,1,0,0,0,0,0,0,0,0,0,1,0,0,1,0,0
0,22,24.85,0,0,0,21.452173913043477,1,0,0,1,1,0,1,0,0,0,0,0,0,0,0,1,1,0,0,1,0
1,52,49.15,0,5,1,48.130188679245286,1,0,0,0,0,0,0,0,1,0,0,1,1,0,0,1,0,1,0,0,1
1,65,110.35,0,0,0,109.7901515151515,1,0,0,1,1,1,0,1,0,1,1,1,1,0,1,1,0,1,0,0,1
0,48,24.55,3,0,0,24.570408163265306,0,0,0,1,1,0,1,0,0,0,0,0,0,1,0,0,0,0,0,0,1
0,2,34.7,0,0,1,20.75,0,0,0,0,0,0,0,0,0,0,0,0,1,0,0,1,0,1,0,0,0
0,3,107.95,0,0,0,78.4,1,0,0,1,1,1,0,0,1,1,0,1,1,0,0,0,0,0,1,0,0
0,45,81.4,3,2,0,82.08369565217392,1,1,0,1,1,1,0,0,1,0,0,0,0,0,0,0,0,0,0,0,1
0,1,80.0,0,0,1,40.0,1,1,1,1,0,1,0,0,0,0,0,0,1,0,0,0,0,1,0,0,0
0,61,73.8,3,0,0,74.45241935483871,0,1,1,1,0,0,0,0,0,1,1,1,1,0,1,1,0,0,0,0,1
0,3,64.4,0,0,0,48.9125,1,0,0,1,0,0,0,1,0,0,1,1,0,0,0,1,1,0,0,0,0
1,40,103.75,1,0,0,102.1560975609756,0,0,0,1,1,1,0,0,0,1,1,1,1,1,0,1,1,0,0,0,1
0,1,71.1,2,0,0,35.55,0,0,0,1,0,1,0,0,0,0,0,0,0,0,0,0,0,0,1,0,0
0,1,49.9,0,0,0,24.95,0,0,0,1,0,0,0,0,0,0,1,0,0,0,0,1,0,1,0,0,0
0,51,24.6,0,0,0,24.353846153846156,1,0,0,1,1,0,1,0,0,0,0,0,0,1,0,1,0,0,0,0,1
1,2,49.25,2,0,1,30.366666666666664,1,0,0,1,0,0,0,1,0,0,0,0,0,0,0,1,0,1,0,0,0
0,52,30.1,0,0,0,30.630188679245286,1,0,0,0,0,0,0,0,1,0,0,0,0,1,0,0,0,0,1,0,1
0,51,83.4,3,0,0,79.79711538461538,1,0,0,1,1,1,0,0,0,0,0,0,1,0,0,0,0,0,0,0,1
0,1,20.45,0,0,0,10.225,1,0,0,1,0,0,1,0,0,0,0,0,0,0,0,1,0,0,1,0,0
0,31,75.25,5,0,0,73.265625,1,1,1,1,1,0,0,1,1,0,1,0,1,1,0,1,0,0,0,1,0
0,47,20.55,5,4,0,21.105208333333334,1,0,1,1,0,0,1,0,0,0,0,0,0,1,0,0,1,0,0,0,1
0,3,75.1,0,0,1,67.675,0,0,0,1,1,1,0,0,0,0,0,0,0,0,0,1,1,0,0,0,0
1,22,20.05,0,0,0,18.130434782608695,0,0,0,1,0,0,1,0,0,0,0,0,0,1,0,1,0,0,1,1,0
0,1,20.65,3,0,0,10.325,0,1,0,1,0,0,1,0,0,0,0,0,0,0,0,1,0,0,1,0,0
0,72,85.15,0,0,0,86.52328767123288,1,1,0,1,1,0,0,0,1,1,1,1,1,0,1,1,0,0,0,0,1
0,3,50.15,0,0,1,42.0375,1,1,1,1,0,0,0,0,0,1,0,0,0,0,0,1,0,1,0,0,0
1,47,84.95,4,0,0,83.70937500000001,1,1,1,1,0,1,0,0,1,0,0,1,0,1,0,1,0,0,0,0,1
0,72,66.5,0,0,0,65.9123287671233,1,1,1,1,1,0,0,1,0,1,1,0,0,0,1,1,1,0,0,0,1
0,66,63.3,0,0,0,62.53283582089552,1,1,1,1,1,0,0,0,0,1,0,1,0,0,1,1,0,0,0,0,1
0,35,83.15,0,0,0,79.1236111111111,1,0,0,1,1,1,0,0,0,0,0,1,0,0,0,0,0,1,0,1,0
0,29,84.9,0,0,0,83.87333333333332,1,0,0,1,1,1,0,0,0,0,0,0,1,0,0,1,0,1,0,1,0
0,2,20.55,0,0,0,11.200000000000001,0,0,0,1,0,0,1,0,0,0,0,0,0,0,0,1,0,0,1,0,0
0,4,49.25,0,0,0,41.69,1,0,0,1,0,0,0,0,1,0,0,0,0,0,0,0,0,0,1,0,0
0,25,79.85,3,2,1,77.51346153846154,0,0,0,1,0,1,0,1,1,0,0,0,0,0,0,1,0,0,0,1,0
0,65,59.6,0,2,0,56.663636363636364,0,0,0,1,0,0,0,1,1,0,1,0,0,0,1,1,0,0,1,0,1
1,27,104.65,0,0,0,105.85714285714286,1,0,0,1,1,1,0,0,1,0,1,1,1,1,0,1,0,0,0,1,0
0,29,75.3,0,0,0,75.44666666666667,1,1,0,1,0,1,0,0,0,1,0,0,0,0,0,1,1,0,0,1,0
0,29,80.1,0,0,0,73.72666666666667,1,1,1,1,1,0,0,0,1,1,0,1,1,0,0,0,1,0,0,1,0
0,1,19.55,0,0,1,9.775,1,0,0,1,0,0,1,0,0,0,0,0,0,0,0,0,0,0,1,0,0
0,20,81.0,0,0,0,80.17619047619048,0,1,0,1,0,1,0,0,0,1,1,0,0,0,0,1,0,0,1,1,0
0,58,24.7,0,0,0,25.74576271186441,0,0,0,1,1,0,1,0,0,0,0,0,0,0,1,1,1,0,0,0,1
0,14,86.0,0,0,0,77.60333333333332,0,0,1,1,1,1,0,1,0,0,1,0,0,0,0,1,0,0,1,1,0
0,72,25.4,0,0,0,23.436986301369863,1,1,0,1,1,0,1,0,0,0,0,0,0,0,1,0,0,0,1,0,1
0,46,89.15,0,0,0,90.3308510638298,1,0,0,1,1,1,0,1,0,0,0,1,0,0,0,1,1,0,0,0,1
0,71,58.25,4,0,0,57.58194444444444,0,1,0,0,0,0,0,0,1,1,1,1,1,0,1,0,0,0,0,0,1
0,32,85.65,0,0,0,80.73636363636365,1,0,0,1,1,1,0,0,0,0,0,0,1,0,0,1,0,0,0,1,0
0,26,50.35,0,0,0,47.31481481481482,0,0,0,0,0,0,0,0,0,1,0,1,1,0,0,1,1,0,0,1,0
1,68,80.35,0,3,0,81.00434782608696,1,1,0,1,1,1,0,0,0,1,0,0,0,0,0,1,1,0,0,0,1
0,2,20.2,0,0,0,11.583333333333334,1,1,1,1,0,0,1,0,0,0,0,0,0,1,0,0,0,0,1,0,0
0,61,20.55,0,0,0,21.063709677419357,1,1,1,1,0,0,1,0,0,0,0,0,0,0,1,0,1,0,0,0,1
0,4,85.95,0,0,1,76.26,0,1,1,1,1,1,0,0,0,0,0,0,1,0,0,1,0,1,0,0,0
0,3,45.35,0,0,1,35.375,1,0,0,1,0,0,0,0,0,0,0,0,0,0,0,1,0,1,0,0,0
1,33,94.5,1,2,1,91.33970588235294,1,1,0,1,1,1,0,0,0,0,0,1,1,0,0,1,0,1,0,1,0
1,9,21.25,3,0,0,20.455000000000002,1,1,0,1,0,0,1,0,0,0,0,0,0,0,0,1,0,0,1,0,0
0,22,26.25,0,0,0,26.343478260869563,0,0,0,1,1,0,1,0,0,0,0,0,0,0,1,0,0,0,1,1,0
0,5,80.85,0,0,0,59.35,0,1,1,1,0,1,0,0,0,0,0,1,0,0,0,1,0,1,0,0,0
1,30,91.7,0,3,1,88.97258064516129,0,0,0,1,1,1,0,1,1,1,0,0,0,0,0,0,1,0,0,1,0
0,65,74.2,0,0,0,72.81287878787879,1,0,0,1,1,0,0,0,1,1,1,0,1,0,1,1,1,0,0,0,1
0,45,87.25,0,0,1,85.6891304347826,0,0,0,1,1,1,0,0,0,1,1,0,0,0,0,1,0,1,0,0,1
0,5,20.35,0,0,0,15.458333333333334,1,0,0,1,0,0,1,0,0,0,0,0,0,0,0,0,0,0,1,0,0
0,25,75.5,0,0,0,73.11730769230769,1,1,1,1,0,1,0,0,1,0,0,0,0,0,0,1,0,1,0,1,0
0,72,79.05,0,0,0,78.5027397260274,0,1,1,1,1,1,0,1,0,0,0,0,0,0,1,0,0,0,0,0,1
0,27,90.15,0,0,0,86.55,0,1,0,1,1,1,0,0,0,1,0,0,1,0,0,0,0,0,0,1,0
0,32,50.6,0,0,0,50.10454545454546,1,1,1,0,0,0,0,0,0,1,0,1,1,0,0,0,1,0,0,1,0
0,30,110.45,0,0,0,107.3241935483871,0,0,0,1,1,1,0,0,1,1,1,1,1,1,0,0,1,0,0,1,0
0,70,101.0,0,4,0,99.79577464788733,1,1,0,1,0,1,0,1,1,1,1,0,1,0,1,0,1,0,0,0,1
1,42,79.35,5,0,0,77.76976744186047,1,0,0,1,1,1,0,0,1,0,0,0,0,0,0,1,0,0,0,0,1
1,72,89.85,0,0,0,91.74452054794521,0,1,0,1,1,0,0,1,1,1,1,1,1,0,1,1,0,0,0,0,1
0,47,65.0,0,0,0,59.99791666666667,0,0,0,1,1,0,0,1,0,1,1,0,0,0,1,1,0,0,1,0,1
0,2,80.45,0,0,0,45.699999999999996,0,0,0,1,0,1,0,1,0,1,0,0,0,0,0,1,0,1,0,0,0
0,10,98.55,0,0,1,91.68636363636364,1,0,0,1,1,1,0,1,0,0,0,1,1,0,0,0,0,1,0,0,0
0,61,24.1,0,0,0,25.0258064516129,0,1,1,1,1,0,1,0,0,0,0,0,0,0,1,1,0,0,1,0,1
0,5,44.05,0,0,0,33.69166666666667,0,0,0,1,0,0,0,0,0,0,0,0,0,0,0,1,1,0,0,0,0
1,72,110.8,3,0,0,107.97602739726027,0,1,0,1,1,1,0,0,1,1,1,1,1,0,1,1,1,0,0,0,1
1,72,114.95,0,0,0,112.27945205479452,1,1,1,1,1,1,0,1,1,1,1,1,1,0,1,1,0,0,0,0,1
1,3,75.05,0,0,0,50.725,0,0,0,1,0,1,0,0,0,1,0,0,0,0,0,0,0,0,1,0,0
0,48,19.25,5,0,0,17.451020408163266,1,1,0,1,0,0,1,0,0,0,0,0,0,0,1,0,0,0,1,0,1
0,63,90.05,5,0,0,90.890625,0,0,0,1,0,1,0,0,0,1,1,1,0,1,0,1,1,0,0,0,1
0,27,56.7,0,0,0,59.033928571428575,0,0,0,1,0,0,0,1,1,0,0,0,0,0,0,1,0,0,1,1,0
0,70,80.15,0,0,0,78.87535211267605,1,1,1,1,0,0,0,1,1,1,0,1,1,0,1,1,1,0,0,0,1
0,7,71.35,0,0,0,64.46875,1,1,1,1,0,0,0,1,0,1,1,0,1,0,0,1,1,0,0,0,0
0,0,20.25,5,0,0,1401.4,1,0,1,1,0,0,1,0,0,0,0,0,0,0,1,0,0,0,1,0,0
0,2,90.35,5,0,0,63.5,0,1,0,1,0,1,0,1,1,0,0,1,0,0,0,0,0,1,0,0,0
1,20,98.55,0,3,1,87.75238095238095,1,0,0,1,1,1,0,0,0,1,0,1,1,0,0,1,0,1,0,1,0
0,66,19.7,0,0,0,18.713432835820896,1,0,0,1,0,0,1,0,0,0,0,0,0,0,1,0,0,0,0,0,1
0,3,19.85,0,0,0,14.3,0,0,0,1,0,0,1,0,0,0,0,0,0,0,0,0,0,0,1,0,0
0,15,85.9,0,1,1,79.346875,0,0,1,1,0,1,0,0,1,0,0,0,1,0,0,1,0,0,0,1,0
0,72,90.35,5,0,0,89.90958904109588,0,1,1,1,1,1,0,1,1,0,1,0,0,0,1,1,0,0,0,0,1
0,1,20.8,0,0,0,10.4,1,0,0,1,0,0,1,0,0,0,0,0,0,0,0,0,0,0,1,0,0
0,22,89.25,0,3,1,82.95,0,0,0,1,0,1,0,0,0,0,0,1,1,0,0,0,0,1,0,1,0
0,3,70.3,5,0,1,52.2125,1,1,0,1,0,1,0,0,0,0,0,0,0,0,0,1,0,1,0,0,0
0,72,66.85,0,0,0,65.18904109589042,0,1,1,1,1,0,0,1,0,1,1,0,0,0,1,0,0,0,0,0,1
0,65,19.9,5,0,0,19.584848484848482,1,1,1,1,0,0,1,0,0,0,0,0,0,0,1,0,0,0,1,0,1
0,11,35.8,0,0,0,30.2625,0,0,0,0,0,0,0,0,0,0,0,1,0,0,0,1,0,0,1,0,0
0,22,78.85,0,0,0,69.57608695652173,1,0,0,1,1,1,0,0,1,0,0,0,0,0,0,1,0,0,1,1,0
0,14,20.4,0,0,0,18.38,1,0,0,1,0,0,1,0,0,0,0,0,0,1,0,0,0,0,0,1,0
0,41,74.25,0,0,0,73.55,1,0,0,1,0,1,0,0,0,0,1,0,0,0,0,1,0,1,0,0,1
0,17,64.8,0,0,0,65.3111111111111,1,1,0,1,0,0,0,1,1,0,0,0,1,1,0,0,0,0,1,1,0
0,11,20.45,0,0,0,19.775000000000002,1,0,0,1,0,0,1,0,0,0,0,0,0,0,0,1,1,0,0,0,0
0,15,93.35,5,1,1,90.290625,1,0,0,1,1,1,0,0,0,0,0,1,1,0,0,1,0,1,0,1,0
0,1,19.9,0,0,1,9.95,0,0,0,1,0,0,1,0,0,0,0,0,0,0,0,0,0,0,1,0,0
0,5,88.9,0,0,1,75.69166666666666,0,1,0,1,0,1,0,1,0,1,0,0,1,0,0,1,0,0,1,0,0
0,33,95.8,0,4,1,89.31617647058823,1,1,0,1,0,1,0,0,0,1,0,1,1,1,0,1,0,1,0,1,0
0,72,110.65,1,0,0,110.48835616438356,0,1,0,1,1,1,0,1,1,1,0,1,1,0,1,1,1,0,0,0,1
0,3,40.3,0,0,0,23.125,0,1,1,0,0,0,0,0,1,0,0,0,1,0,0,0,0,0,1,0,0
0,2,82.0,3,0,1,61.550000000000004,1,0,0,1,1,1,0,0,1,0,0,0,0,0,0,1,0,1,0,0,0
0,59,107.0,0,0,0,102.53833333333334,0,1,0,1,1,1,0,1,1,1,1,0,1,1,0,1,1,0,0,0,1
0,2,45.35,0,0,1,29.833333333333332,1,0,0,1,0,0,0,0,0,0,0,0,0,0,0,0,0,1,0,0,0
0,71,73.35,0,0,0,71.59027777777777,1,1,1,1,0,0,0,0,1,0,1,1,1,0,1,1,1,0,0,0,1
0,5,44.8,0,0,0,36.74166666666667,0,1,1,1,0,0,0,0,0,0,0,0,0,0,0,0,0,0,1,0,0
0,27,54.75,0,1,0,53.93928571428571,1,1,1,1,0,0,0,1,1,0,0,0,0,0,0,1,1,0,0,1,0
0,1,52.2,0,0,1,26.1,0,0,0,1,0,0,0,0,0,0,1,0,0,0,0,1,0,1,0,0,0
0,63,40.6,0,0,0,40.45234375,1,0,1,0,0,0,0,1,1,0,1,0,0,1,0,1,0,0,0,0,1
1,46,110.0,0,4,1,103.71914893617021,0,0,0,1,1,1,0,1,1,1,0,1,1,1,0,1,0,1,0,0,1
0,72,55.3,0,0,0,54.56986301369863,1,1,1,1,1,0,0,1,0,0,0,0,0,0,1,0,0,0,0,0,1
0,34,60.85,0,0,0,57.245714285714286,0,1,0,1,1,0,0,1,0,0,1,0,0,0,0,1,0,0,0,1,0
0,24,78.4,0,0,0,73.296,0,1,1,1,1,0,0,1,1,0,0,1,1,1,0,0,0,1,0,1,0
0,72,69.65,1,0,0,67.23630136986301,1,0,0,1,1,0,0,1,1,1,1,0,0,0,1,0,0,0,0,0,1
0,60,59.85,0,0,0,58.85573770491803,0,1,1,0,0,0,0,1,0,1,1,1,1,0,1,0,1,0,0,0,1
0,68,76.9,0,0,0,72.79710144927536,1,0,0,1,1,0,0,1,1,1,0,0,1,1,0,1,1,0,0,0,1
0,8,19.85,0,0,0,16.288888888888888,0,1,1,1,0,0,1,0,0,0,0,0,0,0,1,1,0,0,1,0,0
0,34,67.65,0,0,0,66.83714285714287,0,0,1,1,0,0,0,1,0,1,1,1,0,0,1,0,1,0,0,1,0
0,6,45.0,0,0,0,42.67142857142857,0,0,0,0,0,0,0,0,0,0,0,1,1,0,0,0,1,0,0,0,0
0,2,64.2,0,0,0,47.88333333333333,1,1,0,1,0,0,0,0,1,0,1,0,1,0,0,1,0,0,1,0,0
0,31,81.7,0,0,0,79.6453125,1,0,0,1,1,1,0,0,0,0,1,0,0,1,0,0,1,0,0,1,0
0,20,25.55,0,0,0,24.16190476190476,0,1,1,1,1,0,1,0,0,0,0,0,0,0,0,1,0,0,0,1,0
0,1,20.0,0,0,0,10.0,0,1,1,1,0,0,1,0,0,0,0,0,0,0,0,0,0,1,0,0,0
0,62,96.75,0,6,1,97.22857142857143,1,0,0,1,1,1,0,0,0,1,0,1,1,1,0,1,0,1,0,0,1
1,70,75.65,2,0,0,76.2169014084507,0,1,0,1,1,1,0,0,0,0,0,0,0,0,1,1,1,0,0,0,1
0,10,98.5,0,2,1,96.20454545454545,0,0,0,1,1,1,0,0,0,0,1,1,1,0,0,1,0,1,0,0,0
0,39,23.8,0,0,0,22.595,1,1,1,1,1,0,1,0,0,0,0,0,0,0,1,1,0,0,1,0,1
0,46,64.2,0,0,0,64.03191489361703,0,1,0,1,0,0,0,0,1,0,1,1,0,0,1,1,1,0,0,0,1
0,6,85.35,0,0,1,69.92142857142856,1,0,0,1,0,1,0,0,1,0,0,1,0,0,0,1,0,1,0,0,0
0,72,76.8,0,0,0,74.91027397260274,0,1,1,1,1,0,0,0,0,1,0,1,1,0,1,1,0,0,0,0,1
0,18,55.2,0,0,0,55.68947368421052,1,0,0,1,0,0,0,0,0,1,1,0,0,0,0,0,1,0,0,1,0
0,71,108.55,0,0,0,105.77777777777777,1,1,0,1,1,1,0,1,0,1,1,1,1,0,1,1,1,0,0,0,1
0,40,101.3,0,5,1,100.31951219512196,1,1,0,1,1,1,0,0,1,0,0,1,1,0,0,1,0,1,0,0,1
0,1,69.55,5,0,1,34.775,1,0,0,1,0,1,0,0,0,0,0,0,0,0,0,1,0,1,0,0,0
0,58,103.25,0,4,1,101.99406779661017,1,0,0,1,1,1,0,0,1,1,0,1,1,1,0,1,0,0,0,0,1
0,70,104.0,0,7,1,102.11478873239436,1,0,0,1,1,1,0,1,0,0,1,1,1,0,1,1,1,0,0,0,1
0,42,25.25,0,0,0,25.772093023255817,0,1,0,1,1,0,1,0,0,0,0,0,0,0,1,0,0,1,0,0,1
0,34,30.4,0,0,0,26.818571428571428,1,1,1,0,0,0,0,1,0,0,0,0,0,1,0,0,0,0,0,1,0
1,5,20.05,0,0,0,15.691666666666668,1,0,0,1,0,0,1,0,0,0,0,0,0,0,0,0,0,0,0,0,0
0,25,84.6,0,0,0,80.3096153846154,0,0,0,1,1,1,0,0,0,0,0,1,0,0,0,1,0,0,1,1,0
0,2,86.2,0,0,1,59.56666666666666,0,0,0,1,0,1,0,0,0,1,0,0,1,0,0,1,0,0,1,0,0
0,55,103.7,1,0,0,101.01339285714286,0,1,1,1,0,1,0,0,1,1,1,1,1,1,0,1,0,0,0,0,1
0,21,111.2,0,2,1,105.32272727272726,1,1,0,1,1,1,0,0,1,1,1,1,1,0,0,1,0,1,0,1,0
0,70,88.0,0,0,0,84.3161971830986,1,1,0,1,1,1,0,1,1,0,1,0,0,0,1,1,1,0,0,0,1
0,61,106.35,3,0,0,108.89274193548388,0,1,0,1,1,1,0,0,0,1,1,1,1,0,0,1,0,1,0,0,1
0,43,79.15,0,0,0,81.05909090909091,1,1,1,1,0,0,0,1,0,1,1,1,1,0,1,1,1,0,0,0,1
0,47,103.1,0,0,0,101.86041666666667,1,0,0,1,1,1,0,0,1,1,0,1,1,1,0,1,0,1,0,0,1
0,5,63.95,0,0,0,53.01666666666667,1,0,0,1,0,0,0,0,0,1,1,1,0,0,0,1,1,0,0,0,0
0,62,25.8,0,0,0,24.824603174603176,0,0,0,1,1,0,1,0,0,0,0,0,0,0,1,1,1,0,0,0,1
0,16,89.45,5,1,1,84.13235294117646,0,1,1,1,0,1,0,0,1,1,0,1,0,0,0,1,1,0,0,1,0
1,7,95.6,0,0,1,80.54375,1,1,0,1,1,1,0,0,0,0,0,1,1,0,0,1,0,0,0,0,0
0,14,25.55,0,0,0,24.83,0,1,1,1,1,0,1,0,0,0,0,0,0,0,0,0,0,0,1,1,0
0,60,90.95,0,6,1,89.39999999999999,1,1,1,1,0,1,0,0,1,1,0,1,0,1,0,0,0,1,0,0,1
0,34,44.85,0,0,0,41.21714285714285,1,1,1,0,0,0,0,0,0,1,1,1,0,0,0,1,0,1,0,1,0
0,50,108.55,0,5,1,110.01372549019608,0,1,0,1,1,1,0,1,1,0,1,1,1,1,0,0,0,1,0,0,1
0,38,25.05,0,0,0,24.71666666666667,1,1,1,1,1,0,1,0,0,0,0,0,0,0,1,0,1,0,0,0,1
0,70,74.1,1,0,0,73.55352112676057,0,1,1,1,0,0,0,1,1,1,1,0,1,1,0,0,1,0,0,0,1
0,37,88.8,0,0,0,87.90921052631579,0,1,1,1,1,1,0,0,1,0,0,1,0,0,0,1,0,1,0,0,1
1,4,78.85,2,0,1,58.56,0,0,0,1,0,1,0,0,0,0,0,1,0,0,0,1,0,1,0,0,0
1,60,93.25,0,3,0,94.66475409836066,1,1,1,1,1,1,0,1,1,0,0,0,1,0,0,1,0,1,0,0,1
0,62,71.4,0,0,0,71.22698412698414,1,1,1,1,0,0,0,1,0,1,1,0,1,1,0,0,1,0,0,0,1
0,1,44.4,0,0,1,22.2,1,0,0,1,0,0,0,0,0,0,0,0,0,0,0,0,0,0,1,0,0
0,36,79.2,0,0,0,77.1608108108108,1,0,0,1,0,0,0,1,0,1,1,1,1,0,0,1,1,0,0,1,0
0,44,20.4,0,0,0,20.12333333333333,1,0,0,1,0,0,1,0,0,0,0,0,0,0,1,0,1,0,0,0,1
1,55,100.0,0,5,1,98.38035714285715,0,0,0,1,1,1,0,0,0,1,0,1,1,1,0,1,0,1,0,0,1
0,72,105.0,0,0,0,103.96986301369863,0,1,0,1,1,1,0,1,0,1,0,1,1,0,1,1,1,0,0,0,1
0,12,19.8,0,0,1,17.661538461538463,0,1,1,1,0,0,1,0,0,0,0,0,0,1,0,0,0,0,0,0,0
0,13,30.85,0,0,0,28.150000000000002,0,0,0,0,0,0,0,1,0,0,0,0,0,0,0,1,0,0,0,1,0
0,1,89.9,0,2,1,44.95,1,0,0,1,0,1,0,0,0,0,0,1,1,0,0,1,0,1,0,0,0
0,15,20.55,0,0,0,18.496875,0,1,1,1,0,0,1,0,0,0,0,0,0,1,0,0,0,0,1,1,0
0,65,84.85,0,0,0,82.71515151515152,0,0,0,1,0,0,0,1,1,1,1,1,1,0,1,1,0,0,0,0,1
0,12,33.15,3,0,0,34.21153846153846,0,1,1,0,0,0,0,1,0,0,1,0,0,1,0,0,1,0,0,0,0
0,72,92.0,0,0,0,92.90616438356165,1,1,0,1,1,0,0,1,1,1,1,1,1,0,1,1,1,0,0,0,1
0,72,89.8,0,0,0,89.18424657534246,0,1,1,1,1,0,0,1,1,1,1,1,1,0,1,0,1,0,0,0,1
0,72,115.8,5,0,0,116.11643835616438,0,1,1,1,1,1,0,1,1,1,1,1,1,0,1,1,0,0,0,0,1
0,52,85.15,5,0,0,84.18584905660379,1,0,1,1,1,0,0,1,1,0,1,1,1,0,1,1,0,0,1,0,1
0,2,24.85,5,0,0,20.666666666666668,1,0,0,1,1,0,1,0,0,0,0,0,0,0,0,0,0,0,1,0,0
0,5,64.35,0,0,0,58.775,0,0,0,1,0,0,0,1,0,0,1,1,0,0,0,1,0,1,0,0,0
0,68,20.5,0,0,0,20.65072463768116,0,0,0,1,0,0,1,0,0,0,0,0,0,0,1,0,1,0,0,0,1
0,62,100.15,0,5,1,101.80396825396825,0,0,1,1,1,1,0,0,0,1,0,1,1,1,0,1,0,1,0,0,1
0,72,86.05,0,0,0,86.43356164383562,1,0,0,1,1,0,0,1,1,0,1,1,1,0,1,0,1,0,0,0,1
0,1,50.8,0,0,1,25.4,1,0,0,1,0,0,0,0,1,0,0,0,0,0,0,0,0,1,0,0,0
0,66,89.0,0,0,0,88.03880597014926,0,1,0,1,1,1,0,1,1,0,1,0,0,1,0,0,0,1,0,0,1
0,72,64.8,0,0,0,64.6541095890411,1,1,1,0,0,0,0,1,1,1,1,1,1,0,1,1,1,0,0,0,1
0,26,19.8,0,0,0,16.937037037037037,1,0,0,1,0,0,1,0,0,0,0,0,0,1,0,0,1,0,0,1,0
0,64,93.4,0,0,0,89.57384615384616,1,1,1,1,1,1,0,1,0,1,0,0,1,0,1,0,0,0,0,0,1
1,20,73.65,2,0,1,69.69047619047619,1,1,0,1,0,1,0,0,1,0,0,0,0,0,0,1,0,1,0,1,0
0,3,95.1,0,0,1,76.85,0,0,0,1,0,1,0,0,1,0,0,1,1,0,0,1,0,1,0,0,0
0,22,94.65,0,3,1,91.50217391304349,1,0,0,1,1,1,0,0,0,0,0,1,1,0,0,1,1,0,0,1,0
0,4,80.6,0,0,1,63.83,1,1,0,1,0,1,0,0,0,1,1,0,0,0,0,1,0,0,1,0,0
0,62,39.0,5,0,0,37.10238095238095,1,1,0,0,0,0,0,0,0,0,1,1,0,0,1,1,0,0,0,0,1
0,5,20.5,0,0,0,17.383333333333333,0,0,0,1,0,0,1,0,0,0,0,0,0,0,0,1,0,0,1,0,0
0,59,85.55,0,0,1,84.74416666666666,1,1,0,1,1,1,0,0,0,0,0,0,1,1,0,0,0,1,0,0,1
0,3,26.4,0,0,0,30.3125,1,0,1,1,1,0,1,0,0,0,0,0,0,0,1,1,0,0,1,0,0
0,72,98.2,0,6,0,96.10821917808218,0,1,0,1,1,1,0,1,0,1,1,1,0,0,1,1,0,0,0,0,1
0,57,97.55,0,0,0,96.51724137931035,1,1,1,1,0,1,0,0,1,1,0,1,1,1,0,1,1,0,0,0,1
0,66,19.95,2,6,0,18.941791044776117,1,0,1,1,0,0,1,0,0,0,0,0,0,0,1,0,1,0,0,0,1
0,60,50.8,0,6,1,49.62950819672131,0,0,0,0,0,0,0,0,1,0,0,1,1,0,0,1,0,1,0,0,1
0,45,99.7,0,0,0,100.74673913043479,1,0,1,1,1,1,0,0,0,1,0,1,1,0,1,0,0,0,0,0,1
0,3,34.8,0,0,0,28.4875,0,0,0,0,0,0,0,0,0,0,0,1,0,0,0,1,1,0,0,0,0
0,15,105.1,0,0,1,98.921875,0,0,0,1,0,1,0,1,0,1,1,1,1,0,0,0,0,1,0,1,0
0,51,60.15,0,0,0,59.17307692307692,0,0,1,0,0,0,0,1,0,1,1,1,1,1,0,0,0,0,0,0,1
0,60,64.75,0,0,0,66.22131147540983,0,0,0,1,1,0,0,1,0,1,1,0,0,1,0,0,0,1,0,0,1
0,33,54.65,0,0,0,48.976470588235294,1,0,0,1,1,0,0,0,1,0,0,0,0,0,0,1,0,0,0,1,0
0,10,110.1,0,0,1,94.84545454545454,1,0,0,1,0,1,0,1,1,1,1,1,1,0,0,1,0,1,0,0,0
1,26,19.3,0,0,0,18.674074074074074,1,0,0,1,0,0,1,0,0,0,0,0,0,1,0,0,1,0,0,1,0
0,6,83.9,0,0,1,71.07857142857144,0,0,0,1,0,1,0,0,0,1,0,0,1,0,0,0,0,1,0,0,0
0,67,111.25,0,0,0,110.46544117647058,0,1,0,1,1,1,0,1,0,1,1,1,1,1,0,1,0,1,0,0,1
0,49,35.8,3,0,0,35.64,0,1,1,0,0,0,0,1,0,0,1,0,0,1,0,1,1,0,0,0,1
0,1,20.05,0,0,0,10.025,1,0,0,1,0,0,1,0,0,0,0,0,0,0,0,1,0,0,1,0,0
1,7,84.35,0,0,0,76.20625,0,0,0,1,0,1,0,0,0,1,0,1,0,0,0,1,0,1,0,0,0
1,27,110.5,4,0,0,102.05714285714285,0,0,0,1,1,1,0,1,1,1,0,1,1,1,0,1,0,0,0,1,0
0,37,91.2,0,0,0,85.46184210526316,1,1,1,1,0,1,0,0,0,0,0,1,1,1,0,0,1,0,0,0,1
0,63,100.55,0,6,1,97.11484375,0,1,1,1,1,1,0,1,1,1,0,1,0,0,0,1,0,1,0,0,1
0,31,89.3,0,0,0,88.21875,1,1,1,1,1,1,0,1,0,1,1,0,0,0,0,0,0,1,0,1,0
0,50,103.85,1,5,1,98.39019607843136,1,1,1,1,1,1,0,0,1,1,0,1,1,0,0,1,0,0,0,0,1
1,32,81.1,0,0,0,79.37121212121212,1,0,0,1,1,1,0,0,0,1,0,0,0,0,0,1,1,0,0,1,0
0,1,24.6,4,0,1,12.3,0,0,0,0,0,0,0,0,0,0,0,0,0,0,0,0,0,1,0,0,0
0,63,81.2,0,2,0,77.5796875,0,1,0,1,1,1,0,0,0,0,1,0,0,1,0,1,1,0,0,0,1
0,30,94.3,0,0,0,86.44193548387096,1,0,0,1,1,1,0,1,1,0,0,0,1,0,0,1,1,0,0,1,0
0,71,116.1,0,0,0,115.42430555555555,1,1,0,1,1,1,0,1,1,1,1,1,1,0,1,1,0,0,0,0,1
0,53,105.55,0,0,0,105.22685185185185,0,0,0,1,1,1,0,0,1,1,0,1,1,0,1,0,0,1,0,0,1
0,12,98.9,1,2,1,86.22692307692309,0,0,0,1,0,1,0,1,0,0,1,1,1,0,0,1,0,0,0,0,0
0,50,94.4,0,0,0,96.37058823529411,1,1,0,1,1,1,0,1,1,0,0,0,1,0,0,1,1,0,0,0,1
0,2,19.5,0,0,0,9.183333333333334,0,0,0,1,0,0,1,0,0,0,0,0,0,0,0,0,0,0,1,0,0
0,9,98.3,0,0,1,92.35,0,0,0,1,1,1,0,0,0,1,0,1,1,0,0,0,1,0,0,0,0
0,17,93.85,3,1,1,90.3138888888889,1,0,0,1,0,1,0,1,0,0,0,1,1,0,0,0,0,1,0,1,0
0,56,105.6,0,0,0,106.46754385964911,0,1,0,1,0,1,0,1,1,1,0,1,1,1,0,1,1,0,0,0,1
0,67,81.35,2,0,0,79.39117647058823,1,1,1,1,0,0,0,1,1,1,0,1,1,0,1,0,1,0,0,0,1
1,9,100.5,0,0,1,91.86,1,0,0,1,1,1,0,0,0,1,0,1,1,0,0,1,0,1,0,0,0
0,4,56.4,5,0,0,46.97,1,0,0,1,0,0,0,0,0,0,0,1,0,0,0,1,0,1,0,0,0
0,19,65.35,3,0,0,61.592499999999994,1,0,0,1,0,0,0,0,1,0,1,0,1,1,0,1,0,0,0,1,0
0,8,19.95,0,0,0,18.98888888888889,0,0,1,1,0,0,1,0,0,0,0,0,0,0,0,0,0,0,1,0,0
0,71,111.25,0,0,0,110.89097222222222,0,0,0,1,1,1,0,0,1,1,1,1,1,0,1,1,0,1,0,0,1
1,10,72.85,0,0,1,62.60454545454545,1,0,0,1,0,1,0,0,1,0,0,0,0,0,0,1,0,1,0,0,0
1,15,89.0,0,0,0,80.51875,0,0,0,1,1,1,0,0,1,0,0,1,0,0,0,0,1,0,0,1,0
0,72,106.1,0,0,0,107.51369863013699,1,1,1,1,1,1,0,1,0,1,0,1,1,1,0,1,0,0,0,0,1
0,12,20.05,0,0,0,20.53846153846154,1,0,0,1,0,0,1,0,0,0,0,0,0,1,0,0,1,0,0,0,0
0,72,25.2,0,0,0,24.64246575342466,1,1,1,1,1,0,1,0,0,0,0,0,0,0,1,1,0,0,0,0,1
1,1,73.55,0,0,1,36.775,1,1,0,1,1,1,0,0,0,0,0,0,0,0,0,1,0,1,0,0,0
1,23,75.4,0,0,0,68.48125,0,0,0,1,0,1,0,1,0,0,0,0,0,0,0,1,0,0,0,1,0
0,72,65.55,0,0,0,65.8554794520548,1,0,0,0,0,0,0,1,1,1,1,1,1,0,1,1,0,0,0,0,1
0,26,80.7,0,0,0,81.22222222222223,0,0,0,1,1,1,0,0,0,1,0,0,0,0,0,1,0,1,0,1,0
0,21,104.55,0,0,0,101.7909090909091,0,0,0,1,0,1,0,0,1,1,1,1,1,1,0,1,0,0,1,1,0
0,60,24.15,0,0,0,24.686885245901642,1,1,0,1,1,0,1,0,0,0,0,0,0,1,0,0,0,0,0,0,1
0,12,20.45,2,0,0,19.642307692307693,1,0,0,1,0,0,1,0,0,0,0,0,0,0,0,0,0,0,1,0,0
0,16,75.4,0,0,0,69.96470588235294,1,1,0,1,1,1,0,0,0,0,0,0,0,0,0,1,0,1,0,1,0
0,63,79.7,3,0,0,74.78359375,0,1,0,1,1,0,0,1,1,0,0,1,1,1,0,1,1,0,0,0,1
1,22,81.7,3,0,0,79.16956521739131,0,0,0,1,0,1,0,1,1,0,0,0,0,0,0,0,0,1,0,1,0
0,32,76.3,0,0,0,72.85303030303031,0,1,1,1,0,0,0,1,1,1,1,0,1,0,0,0,0,0,0,1,0
1,3,79.4,0,0,1,51.2625,0,0,0,1,1,1,0,0,1,0,0,0,0,0,0,1,0,1,0,0,0
0,13,81.15,2,1,1,68.02142857142857,0,0,0,1,0,1,0,0,1,1,0,0,0,0,0,1,0,1,0,1,0
0,68,103.75,0,0,0,102.02101449275362,0,1,1,1,1,1,0,0,1,0,1,1,1,0,1,1,1,0,0,0,1
0,30,86.45,0,0,0,81.87258064516129,0,1,1,1,0,1,0,0,0,1,0,0,1,1,0,0,0,1,0,1,0
0,16,75.1,0,0,0,71.34411764705882,0,0,0,1,0,1,0,0,1,0,0,0,0,0,0,0,0,0,0,1,0
0,33,80.6,0,0,0,77.9735294117647,1,0,0,1,0,1,0,0,1,0,1,0,0,0,1,0,0,0,0,1,0
0,72,19.3,0,0,0,17.873972602739727,1,1,0,1,0,0,1,0,0,0,0,0,0,0,1,0,1,0,0,0,1
1,4,84.6,0,0,1,72.02000000000001,0,0,0,1,1,1,0,0,0,0,0,0,1,0,0,1,0,1,0,0,0
0,12,33.6,0,0,0,33.496153846153845,0,0,0,0,0,0,0,1,0,0,1,0,0,1,0,1,0,0,1,0,0
1,4,83.25,0,0,0,61.61,0,1,0,1,1,1,0,0,0,0,0,1,0,0,0,1,0,1,0,0,0
0,0,80.85,0,0,0,1401.4,0,1,1,1,0,0,0,1,1,1,0,1,1,0,1,0,0,0,1,0,0
0,6,79.05,0,0,1,62.07142857142857,0,0,0,1,1,1,0,1,0,0,0,0,0,0,0,1,0,1,0,0,0
0,65,108.05,0,0,0,107.86212121212121,0,1,0,1,1,1,0,0,1,1,1,1,1,1,0,1,1,0,0,0,1
0,15,19.9,0,0,0,20.028125,0,0,0,1,0,0,1,0,0,0,0,0,0,0,0,0,0,0,1,1,0
0,24,21.05,0,0,0,21.261999999999997,0,0,1,1,0,0,1,0,0,0,0,0,0,1,0,0,0,0,0,1,0
0,13,30.15,0,0,0,27.3,0,0,1,0,0,0,0,0,1,0,0,0,0,0,0,0,0,1,0,1,0
0,24,79.85,0,0,0,80.04,1,0,0,1,0,1,0,0,0,0,0,0,1,0,0,1,1,0,0,1,0
0,72,65.5,0,0,0,67.3931506849315,0,1,0,0,0,0,0,1,1,1,1,1,1,0,1,0,0,0,0,0,1
0,54,104.1,0,0,0,102.6509090909091,0,1,1,1,1,1,0,1,1,0,0,1,1,0,0,1,0,0,0,0,1
0,3,74.4,0,0,1,53.95,0,0,0,1,1,1,0,0,0,0,0,0,0,0,0,0,0,0,0,0,0
0,4,20.5,0,0,0,15.52,1,1,1,1,0,0,1,0,0,0,0,0,0,0,0,1,0,0,1,0,0
1,32,91.35,0,0,0,87.77424242424243,0,1,1,1,1,1,0,0,0,1,0,1,0,0,0,1,0,0,1,1,0
1,35,99.05,0,1,1,94.32777777777778,1,0,0,1,1,1,0,0,0,1,0,1,1,0,0,1,0,1,0,1,0
0,35,20.5,5,0,0,21.093055555555555,1,1,1,1,0,0,1,0,0,0,0,0,0,0,1,0,0,0,0,1,0
1,2,44.95,0,0,1,28.383333333333336,1,0,0,1,0,0,0,0,0,0,0,0,0,0,0,0,0,0,1,0,0
0,8,75.6,0,0,0,59.50555555555555,0,0,0,1,0,1,0,0,1,0,0,0,0,0,0,0,0,1,0,0,0
0,22,55.1,0,0,0,54.48478260869565,1,0,0,1,0,0,0,1,0,0,1,0,0,0,0,0,0,0,1,1,0
0,15,58.95,0,0,0,59.696875,0,0,0,1,0,0,0,1,0,1,1,0,0,0,0,0,0,1,0,1,0
0,22,95.1,0,0,0,94.02608695652174,1,0,0,1,1,1,0,0,0,0,0,1,1,0,0,1,0,1,0,1,0
0,1,44.7,0,0,1,22.35,1,1,0,1,0,0,0,0,0,0,0,0,0,0,0,0,1,0,0,0,0
0,71,25.45,0,0,0,25.185416666666665,0,1,1,1,1,0,1,0,0,0,0,0,0,0,1,0,0,0,0,0,1
0,4,56.75,0,0,0,49.03,1,0,0,1,0,0,0,1,0,1,0,0,0,0,0,0,0,1,0,0,0
0,25,81.75,0,0,0,78.03076923076922,1,0,0,1,1,0,0,1,1,1,1,0,1,0,0,0,0,0,0,1,0
0,32,86.1,0,0,0,82.53787878787878,0,1,1,1,0,1,0,0,1,0,0,1,0,0,0,1,0,1,0,1,0
1,7,29.8,0,0,0,27.55625,1,1,0,0,0,0,0,1,0,0,0,0,0,0,0,0,0,0,0,0,0
0,17,20.5,0,0,0,20.322222222222223,1,0,0,1,0,0,1,0,0,0,0,0,0,1,0,1,0,0,1,1,0
1,8,60.9,0,0,0,61.32777777777778,1,1,0,1,0,0,0,1,0,0,0,1,0,0,0,0,0,0,0,0,0
1,56,73.25,1,0,0,71.12631578947368,0,0,0,1,1,0,0,1,0,1,1,0,1,0,1,0,0,0,0,0,1
1,8,100.3,0,1,1,92.48333333333333,1,0,0,1,0,1,0,1,0,0,1,1,1,0,0,0,1,0,0,0,0
0,7,19.25,0,0,1,14.0375,1,0,0,1,0,0,1,0,0,0,0,0,0,0,0,0,0,1,0,0,0
0,3,20.85,5,0,0,15.1625,1,0,1,1,0,0,1,0,0,0,0,0,0,0,0,0,0,0,1,0,0
0,71,77.35,0,0,0,77.08472222222223,0,0,0,1,0,0,0,1,1,1,1,1,0,0,1,0,1,0,0,0,1
0,2,96.0,0,1,1,58.26666666666667,0,0,0,1,1,1,0,0,0,0,0,1,1,0,0,1,0,1,0,0,0
0,1,90.55,0,0,1,45.275,0,0,0,1,0,1,0,0,0,0,0,1,1,0,0,0,0,1,0,0,0
0,49,93.85,2,0,0,94.662,1,1,0,1,1,1,0,1,1,0,0,1,0,0,0,1,0,0,0,0,1
0,58,70.1,0,0,0,68.62627118644068,1,0,0,1,0,0,0,0,1,1,1,1,0,0,1,0,0,0,0,0,1
1,44,30.35,0,0,1,30.215555555555557,1,1,0,0,0,0,0,0,1,0,0,0,0,0,0,1,0,1,0,0,1
0,59,75.95,0,0,0,75.70583333333335,0,1,1,1,0,0,0,0,1,0,1,1,1,0,1,1,1,0,0,0,1
0,71,108.05,0,8,1,104.61319444444445,1,0,0,1,1,1,0,1,0,1,1,1,1,0,1,1,0,1,0,0,1
0,1,69.9,0,0,1,34.95,1,0,0,1,0,1,0,0,0,0,0,0,0,0,0,1,0,1,0,0,0
0,11,75.25,0,0,0,74.05416666666666,0,0,0,1,1,1,0,0,0,0,0,0,0,0,0,0,0,1,0,0,0
1,62,103.75,0,6,1,101.32301587301588,1,1,0,1,1,1,0,0,1,1,0,1,1,1,0,1,0,1,0,0,1
0,35,54.95,0,0,0,53.22222222222222,0,1,1,1,0,0,0,1,0,0,1,0,0,1,0,1,0,0,0,1,0
0,20,19.5,0,0,0,19.666666666666668,0,0,0,1,0,0,1,0,0,0,0,0,0,0,0,1,0,0,0,1,0
0,40,19.6,0,0,0,19.73048780487805,1,1,1,1,0,0,1,0,0,0,0,0,0,0,1,0,0,0,1,0,1
0,39,47.85,0,0,0,47.160000000000004,0,0,0,1,0,0,0,1,0,0,0,0,0,1,0,1,0,1,0,0,1
0,1,86.6,0,0,1,43.3,1,0,0,1,1,1,0,0,0,0,0,0,1,0,0,1,0,1,0,0,0
0,72,23.75,0,0,0,23.003424657534246,0,1,1,1,1,0,1,0,0,0,0,0,0,0,1,0,0,0,0,0,1
1,33,80.6,0,0,1,78.13235294117646,0,1,0,1,1,1,0,0,1,0,0,0,0,0,0,1,0,0,0,1,0
0,12,43.8,0,0,0,41.611538461538466,0,0,0,1,0,0,0,0,0,0,0,0,0,0,0,0,0,0,0,0,0
0,1,19.75,0,0,0,9.875,1,0,0,1,0,0,1,0,0,0,0,0,0,0,0,0,0,0,0,0,0
0,27,19.15,0,0,0,19.19107142857143,1,0,1,1,0,0,1,0,0,0,0,0,0,0,0,0,0,0,1,1,0
0,34,19.6,0,0,0,19.39428571428571,1,1,1,1,0,0,1,0,0,0,0,0,0,1,0,0,1,0,0,1,0
0,56,80.3,0,0,0,79.18684210526315,0,1,0,1,0,1,0,1,0,1,0,0,0,0,1,0,0,0,0,0,1
0,58,24.35,0,0,0,24.133050847457625,0,0,0,1,1,0,1,0,0,0,0,0,0,0,1,0,1,0,0,0,1
0,22,25.25,2,0,0,24.14782608695652,0,1,1,1,1,0,1,0,0,0,0,0,0,0,1,0,1,0,0,1,0
0,10,26.1,0,0,0,20.504545454545454,0,1,1,1,1,0,1,0,0,0,0,0,0,0,1,0,1,0,0,0,0
0,13,20.0,0,0,0,19.175,1,0,0,1,0,0,1,0,0,0,0,0,0,0,1,0,1,0,0,1,0
0,35,85.3,0,0,1,81.04166666666667,0,0,0,1,1,1,0,0,1,0,1,0,0,0,0,0,1,0,0,1,0
0,34,70.0,0,0,1,69.03142857142856,0,0,0,1,0,1,0,0,0,0,0,0,0,0,0,1,1,0,0,1,0
1,4,94.3,1,2,1,84.89,0,0,0,1,1,1,0,0,0,0,0,1,1,0,0,1,0,1,0,0,0
0,72,20.7,3,0,0,20.43972602739726,1,1,0,1,0,0,1,0,0,0,0,0,0,0,1,0,0,0,0,0,1
0,2,70.3,3,0,0,44.13333333333333,1,0,0,1,0,0,0,0,0,0,1,1,1,0,0,0,0,1,0,0,0
0,7,95.35,1,0,1,82.6125,0,0,0,1,0,1,0,0,0,1,0,1,1,0,0,1,0,1,0,0,0
1,27,75.5,3,0,1,67.64107142857144,1,1,0,1,1,1,0,0,0,0,0,0,0,0,0,1,0,1,0,1,0
0,4,69.55,0,0,0,56.98,1,1,1,1,0,1,0,0,0,0,0,0,0,0,0,1,0,0,1,0,0
0,37,19.85,0,0,0,20.638157894736842,0,0,0,1,0,0,1,0,0,0,0,0,0,0,1,0,0,0,1,0,1
0,21,20.0,0,0,0,18.986363636363635,1,0,0,1,0,0,1,0,0,0,0,0,0,0,0,0,0,0,1,1,0
1,53,95.85,0,0,0,92.89351851851852,0,1,0,1,1,1,0,0,0,0,0,1,1,1,0,1,1,0,0,0,1
0,18,90.1,0,0,1,84.88157894736842,0,0,0,1,1,1,0,0,0,0,1,0,1,0,0,1,0,1,0,1,0
0,2,68.95,0,0,1,39.916666666666664,0,0,0,1,0,1,0,0,0,0,0,0,0,0,0,0,0,1,0,0,0
0,32,99.55,4,3,1,97.11060606060606,1,1,1,1,1,1,0,1,0,0,0,1,1,0,0,1,1,0,0,1,0
1,23,20.75,0,0,0,20.216666666666665,1,1,0,1,0,0,1,0,0,0,0,0,0,1,0,1,0,1,0,1,0
0,3,50.15,0,0,0,40.2125,1,0,0,1,0,0,0,1,0,0,0,0,0,0,0,1,0,0,1,0,0
0,71,58.65,0,0,0,57.572916666666664,0,1,1,0,0,0,0,1,1,0,1,1,1,0,1,0,0,0,1,0,1
0,9,95.9,0,0,0,82.745,1,0,0,1,0,1,0,0,0,0,1,1,1,0,0,1,0,0,0,0,0
0,1,49.5,0,0,0,24.75,0,0,0,1,0,0,0,0,1,0,0,0,0,0,0,0,0,1,0,0,0
0,18,57.45,0,2,1,52.15,1,1,1,1,0,0,0,0,0,1,0,0,1,0,0,0,0,1,0,1,0
0,12,53.65,0,0,1,53.565384615384616,1,1,1,1,0,0,0,0,0,0,0,0,1,1,0,0,1,0,0,0,0
0,71,80.1,0,0,0,77.57499999999999,1,1,0,1,1,0,0,1,1,1,1,0,1,0,1,1,0,0,1,0,1
0,64,24.4,3,0,0,24.633846153846154,0,0,0,1,1,0,1,0,0,0,0,0,0,1,0,1,0,0,0,0,1
0,4,40.05,3,0,0,32.489999999999995,1,0,0,0,0,0,0,0,0,0,1,0,1,0,0,1,0,1,0,0,0
0,23,19.5,0,2,0,19.591666666666665,0,0,0,1,0,0,1,0,0,0,0,0,0,0,0,1,0,0,1,1,0
0,39,51.05,0,0,0,51.65,0,1,1,1,0,0,0,1,0,0,0,0,0,0,0,0,1,0,0,0,1
0,28,54.35,0,2,0,49.18793103448276,1,1,0,1,0,0,0,1,0,0,1,0,0,1,0,0,0,0,1,1,0
1,5,84.7,0,0,0,65.41666666666667,0,0,0,1,0,1,0,0,1,0,0,1,0,0,0,1,0,1,0,0,0
1,45,86.1,0,0,0,83.9445652173913,0,1,0,1,0,1,0,0,0,1,0,0,1,0,0,1,0,1,0,0,1
0,37,70.35,4,0,0,67.18157894736842,1,0,0,1,0,1,0,0,0,0,0,0,0,0,0,1,0,0,1,0,1
1,60,110.0,0,0,0,109.31721311475411,0,1,0,1,0,1,0,1,1,1,1,1,1,0,1,1,0,0,0,0,1
1,8,100.6,0,0,1,91.04444444444444,1,0,0,1,1,1,0,0,0,1,0,1,1,0,0,1,0,1,0,0,0
0,47,94.9,1,0,0,96.15104166666667,0,0,0,1,1,1,0,1,0,1,0,1,0,1,0,0,1,0,0,0,1
0,26,83.75,0,0,1,76.68888888888888,1,1,1,1,1,1,0,0,0,0,0,1,0,0,0,1,0,1,0,1,0
1,3,88.3,0,0,1,68.4375,0,1,1,1,0,1,0,1,0,0,1,1,0,0,0,1,0,0,1,0,0
0,50,69.75,0,0,0,69.75882352941176,0,1,1,1,0,1,0,0,0,0,0,0,0,0,0,1,0,0,0,0,1
0,27,71.6,0,0,0,69.89642857142857,1,1,1,1,1,0,0,0,0,0,1,1,1,0,0,0,0,0,0,1,0
1,8,92.1,0,0,1,81.10555555555555,0,0,0,1,0,1,0,0,0,1,0,1,1,0,0,1,0,1,0,0,0
0,62,23.65,0,0,0,22.488095238095237,0,1,0,1,1,0,1,0,0,0,0,0,0,0,1,0,0,0,0,0,1
0,71,81.85,4,0,0,82.28333333333333,0,1,0,1,0,0,0,1,0,1,1,1,1,0,1,0,0,0,0,0,1
0,66,25.1,0,0,0,25.338805970149256,1,0,0,1,1,0,1,0,0,0,0,0,0,0,1,0,0,0,1,0,1
0,68,114.7,0,0,0,113.7659420289855,1,1,1,1,1,1,0,1,1,1,1,1,1,0,1,1,0,0,0,0,1
0,13,49.15,3,0,0,46.385714285714286,0,0,0,0,0,0,0,0,0,1,0,1,1,0,0,0,0,1,0,1,0
0,56,80.9,0,0,0,79.95614035087719,1,1,0,1,0,1,0,0,0,0,0,0,1,1,0,1,0,1,0,0,1
0,38,79.45,0,4,1,77.25769230769231,1,1,0,1,0,1,0,1,1,0,0,0,0,0,0,1,0,1,0,0,1
1,14,90.45,0,1,1,84.40666666666667,1,0,0,1,0,1,0,0,0,0,0,1,1,0,0,0,1,0,0,1,0
0,16,19.3,0,0,0,21.197058823529414,0,0,1,1,0,0,1,0,0,0,0,0,0,1,0,1,0,0,0,1,0
0,14,70.2,0,0,0,69.76666666666667,0,1,1,1,0,1,0,0,0,0,0,0,0,0,0,0,0,1,0,1,0
0,32,69.75,0,0,1,71.14848484848486,1,1,1,1,0,1,0,0,0,0,0,0,0,0,0,1,0,0,0,1,0
0,8,54.25,1,0,0,49.75,0,0,0,1,0,0,0,1,0,0,1,0,0,1,0,0,0,0,0,0,0
0,43,99.3,0,0,0,95.68068181818181,0,1,1,1,1,1,0,0,0,1,0,1,1,0,0,1,0,0,0,0,1
0,52,74.0,0,0,0,73.16320754716982,0,0,0,1,1,0,0,1,0,1,1,1,0,1,0,0,1,0,0,0,1
0,3,50.25,0,0,0,38.075,1,0,0,1,0,0,0,0,0,0,1,0,0,0,0,1,0,0,1,0,0
0,29,19.8,0,0,0,19.073333333333334,1,0,0,1,0,0,1,0,0,0,0,0,0,1,0,1,0,0,1,1,0
0,1,19.65,3,0,1,9.825,0,0,0,1,0,0,1,0,0,0,0,0,0,0,0,0,0,0,1,0,0
1,12,43.65,0,1,1,40.534615384615385,1,0,0,0,0,0,0,0,0,1,1,0,1,0,0,1,0,1,0,0,0
0,16,35.5,0,0,0,32.51176470588236,0,1,1,0,0,0,0,0,0,0,0,0,1,0,0,1,1,0,0,1,0
0,40,80.75,0,1,0,78.25975609756098,0,0,0,1,1,0,0,0,0,1,1,1,1,1,0,1,0,0,1,0,1
0,5,39.5,0,0,1,35.125,0,0,0,0,0,0,0,0,0,1,0,0,1,0,0,0,0,1,0,0,0
0,40,97.1,0,4,1,90.41341463414633,1,1,0,1,1,1,0,0,0,0,0,1,1,0,0,1,0,0,0,0,1
0,36,19.55,0,0,0,16.777027027027028,0,0,0,1,0,0,1,0,0,0,0,0,0,1,0,0,0,0,1,1,0
0,5,80.0,0,0,1,68.75,0,0,0,1,0,1,0,0,0,0,0,0,1,0,0,1,0,1,0,0,0
0,10,84.7,0,1,1,75.64090909090909,0,0,0,1,0,1,0,1,0,0,0,1,0,0,0,1,0,0,1,0,0
0,2,89.55,1,0,1,61.85,1,1,1,1,0,1,0,0,0,0,0,1,1,0,0,1,0,0,0,0,0
0,23,90.6,3,0,1,80.96666666666667,1,0,0,1,1,1,0,0,0,0,1,1,0,0,0,1,0,1,0,1,0
0,26,20.05,0,0,0,18.737037037037037,1,1,1,1,0,0,1,0,0,0,0,0,0,1,0,1,0,0,0,1,0
1,72,112.4,0,0,0,110.23082191780823,0,1,0,1,1,1,0,1,1,1,0,1,1,0,1,1,0,1,0,0,1
0,34,50.2,0,0,0,51.86571428571428,0,1,0,1,0,0,0,0,0,0,1,0,0,0,0,0,0,0,0,1,0
0,10,62.25,0,0,0,55.722727272727276,1,0,0,1,0,0,0,1,0,0,1,1,0,0,0,0,0,0,0,0,0
0,14,55.7,0,0,0,53.01,0,0,0,1,0,0,0,1,0,0,1,0,0,1,0,0,0,0,1,1,0
0,23,90.05,0,2,1,90.40833333333335,0,0,0,1,1,1,0,1,0,0,0,1,0,0,0,1,0,0,0,1,0
0,47,19.65,0,0,0,20.272916666666667,1,1,0,1,0,0,1,0,0,0,0,0,0,0,1,0,0,0,1,0,1
0,24,89.25,2,0,0,88.40799999999999,1,1,0,1,0,1,0,1,0,0,1,0,1,0,0,1,0,1,0,1,0
0,49,99.05,0,4,1,97.075,1,1,0,1,1,1,0,0,1,0,0,1,1,0,0,1,0,0,0,0,1
1,20,54.0,0,0,0,50.280952380952385,1,0,0,1,0,0,0,1,0,0,1,0,0,1,0,0,0,0,1,1,0
0,2,69.75,0,0,1,48.18333333333334,0,0,0,1,0,1,0,0,0,0,0,0,0,0,0,0,0,0,0,0,0
0,2,49.05,0,0,1,30.366666666666664,0,0,0,1,0,0,0,0,1,0,0,0,0,0,0,1,1,0,0,0,0
0,22,56.75,0,0,0,56.73260869565217,1,0,0,0,0,0,0,0,0,1,1,1,1,0,1,0,0,0,0,1,0
0,7,98.05,0,2,1,89.125,1,0,0,1,1,1,0,0,0,1,0,1,1,0,0,1,0,0,0,0,0
0,1,21.1,4,0,0,10.55,1,0,0,1,0,0,1,0,0,0,0,0,0,0,0,0,0,0,1,0,0
0,59,96.65,0,0,0,93.01333333333334,0,1,1,1,1,1,0,0,1,0,1,0,1,0,0,1,0,0,0,0,1
0,58,24.5,0,0,0,25.38813559322034,0,1,1,1,1,0,1,0,0,0,0,0,0,1,0,1,1,0,0,0,1
0,41,114.5,0,4,1,107.79642857142856,0,0,0,1,1,1,0,1,1,1,1,1,1,0,0,1,0,0,0,0,1
1,59,79.2,5,0,0,76.50583333333334,0,0,0,1,1,1,0,0,1,0,0,0,0,0,1,1,1,0,0,0,1
0,3,69.55,0,0,0,50.05,0,1,1,1,0,1,0,0,0,0,0,0,0,0,0,1,0,1,0,0,0
0,32,20.05,0,0,0,18.61969696969697,1,0,0,1,0,0,1,0,0,0,0,0,0,0,1,1,0,0,0,1,0
1,46,98.85,0,0,0,97.12553191489361,1,1,0,1,1,1,0,0,0,1,0,1,1,0,0,1,0,1,0,0,1
0,0,25.75,1,0,0,1401.4,1,1,1,1,1,0,1,0,0,0,0,0,0,0,1,0,0,0,1,0,0
0,2,80.95,0,0,1,57.050000000000004,1,0,0,1,0,1,0,0,0,0,0,0,1,0,0,1,0,1,0,0,0
0,52,19.6,0,0,0,19.10188679245283,0,1,1,1,0,0,1,0,0,0,0,0,0,1,0,0,1,0,0,0,1
1,13,74.3,1,1,1,67.16785714285714,0,0,0,1,0,1,0,0,0,1,0,0,0,0,0,1,0,1,0,1,0
1,11,89.7,0,1,1,87.30833333333334,0,0,0,1,0,1,0,0,0,0,0,1,1,0,0,0,0,0,0,0,0
0,32,87.65,0,0,0,83.83030303030303,1,0,0,1,1,1,0,1,0,0,1,0,0,0,0,0,0,0,0,1,0
1,17,100.45,2,1,1,90.13611111111112,1,1,0,1,1,1,0,0,0,1,0,1,1,0,0,1,1,0,0,1,0
0,16,74.75,0,0,0,66.43235294117646,0,0,0,1,1,1,0,0,0,0,0,0,0,0,0,1,1,0,0,1,0
0,51,107.45,0,1,0,109.24807692307692,0,0,0,1,1,1,0,1,1,1,0,1,1,1,0,0,0,0,0,0,1
0,29,75.35,0,0,0,74.79666666666667,1,0,0,1,0,0,0,0,0,1,1,1,1,1,0,1,0,0,0,1,0
0,70,64.95,0,0,0,63.70774647887324,1,1,0,1,0,0,0,1,1,1,1,0,0,0,1,0,1,0,0,0,1
0,71,100.45,4,0,0,99.44027777777778,0,1,1,1,1,1,0,1,0,1,1,0,1,0,1,0,0,1,0,0,1
0,41,68.5,0,0,0,67.61785714285713,1,1,1,1,1,0,0,0,1,1,0,1,0,1,0,0,0,0,0,0,1
0,1,80.55,0,0,0,40.275,1,0,0,1,0,1,0,0,0,0,0,1,0,0,0,1,0,1,0,0,0
0,7,81.25,0,0,0,72.5125,0,1,0,1,0,0,0,1,0,1,1,1,1,0,0,0,0,0,0,0,0
0,25,90.4,0,1,1,83.79230769230769,1,1,1,1,0,1,0,0,0,0,0,1,1,1,0,1,0,1,0,1,0
0,67,89.55,0,0,0,88.80220588235295,1,1,1,1,1,1,0,1,1,0,1,0,0,1,0,0,0,1,0,0,1
0,5,55.7,0,0,0,43.23333333333333,1,1,1,1,1,0,0,0,0,0,1,0,0,0,0,1,0,0,1,0,0
0,15,24.8,0,0,0,20.259375,1,0,1,1,1,0,1,0,0,0,0,0,0,0,0,1,0,1,0,1,0
0,20,20.0,0,0,0,19.888095238095236,0,1,1,1,0,0,1,0,0,0,0,0,0,0,0,0,0,1,0,1,0
0,3,56.15,0,0,1,42.0375,1,1,1,1,0,0,0,0,1,1,0,0,0,0,0,1,0,0,1,0,0
0,54,105.2,0,0,0,102.50636363636364,1,1,1,1,1,1,0,0,1,0,1,1,1,1,0,1,0,1,0,0,1
0,42,19.55,0,0,0,19.52093023255814,1,0,0,1,0,0,1,0,0,0,0,0,0,1,0,1,0,0,1,0,1
0,9,79.75,0,0,0,76.91,0,1,0,1,0,1,0,0,0,0,0,0,1,0,0,1,0,1,0,0,0
0,63,97.45,0,0,0,97.703125,0,0,0,1,1,1,0,0,1,0,0,1,1,0,1,0,0,0,0,0,1
0,69,24.25,0,0,0,23.454285714285714,0,1,0,1,1,0,1,0,0,0,0,0,0,0,1,0,0,0,0,0,1
0,69,24.6,0,0,0,23.972142857142856,0,0,0,1,1,0,1,0,0,0,0,0,0,0,1,0,1,0,0,0,1
0,40,50.15,0,0,0,50.207317073170735,1,1,0,1,0,0,0,0,1,0,0,0,0,0,0,1,0,0,1,0,1
0,60,39.6,0,0,0,39.74590163934426,1,0,0,0,0,0,0,1,1,1,0,0,0,0,1,0,0,0,0,0,1
0,4,94.4,0,0,1,77.44,0,0,0,1,0,1,0,1,0,1,1,0,1,0,0,1,0,0,0,0,0
1,71,89.85,1,0,0,87.40902777777778,0,0,0,1,1,0,0,1,1,1,1,1,1,0,1,0,0,0,1,0,1
0,37,78.95,0,0,1,74.72763157894737,0,1,0,1,1,1,0,0,0,1,0,0,0,0,0,1,1,0,0,0,1
0,32,98.85,5,2,0,95.33030303030303,1,1,0,1,1,1,0,0,1,0,0,1,1,0,0,1,1,0,0,1,0
0,39,53.85,0,0,0,55.0175,1,0,0,1,1,0,0,0,0,0,1,0,0,0,1,1,1,0,0,0,1
0,38,24.25,0,0,0,23.446153846153845,0,0,0,1,1,0,1,0,0,0,0,0,0,1,0,1,0,1,0,0,1
0,52,89.45,0,0,0,86.37264150943396,1,0,0,1,1,1,0,0,0,1,0,0,1,0,1,1,1,0,0,0,1
0,48,105.25,2,0,0,101.98979591836735,0,1,1,1,1,1,0,1,1,0,0,1,1,0,0,1,1,0,0,0,1
0,70,59.5,0,0,0,58.3774647887324,1,1,1,0,0,0,0,1,0,1,1,1,1,0,1,0,0,0,0,0,1
0,20,70.55,2,0,0,71.12142857142857,1,0,0,1,0,1,0,0,0,0,0,0,0,0,0,0,1,0,0,1,0
0,50,82.5,0,0,0,81.94313725490197,0,0,0,1,1,0,0,1,0,1,1,1,1,1,0,1,1,0,0,0,1
0,19,44.85,0,0,1,44.677499999999995,0,0,0,0,0,0,0,0,0,0,0,1,1,1,0,1,1,0,0,1,0
0,25,61.6,0,0,0,61.96153846153846,1,1,1,1,0,0,0,1,1,1,0,0,0,1,0,1,0,0,0,1,0
0,12,49.05,0,0,0,45.61923076923077,1,0,0,1,0,0,0,0,1,0,0,0,0,0,0,1,0,0,0,0,0
1,39,105.65,0,3,1,107.12,1,1,0,1,1,1,0,0,1,1,0,1,1,0,0,1,0,1,0,0,1
0,7,74.65,0,0,1,68.06875,1,0,0,1,0,1,0,0,0,1,0,0,0,0,0,0,0,0,1,0,0
0,23,66.25,0,0,0,63.90833333333333,0,1,1,1,0,0,0,1,1,1,1,0,0,1,0,1,0,0,1,1,0
0,27,19.4,0,0,0,18.92142857142857,1,0,0,1,0,0,1,0,0,0,0,0,0,0,0,1,0,1,0,1,0
1,47,86.05,0,0,0,80.53333333333333,1,0,0,1,1,1,0,0,0,0,0,1,0,0,0,1,1,0,0,0,1
0,26,19.15,0,0,0,19.10185185185185,1,1,1,1,0,0,1,0,0,0,0,0,0,0,1,1,1,0,0,1,0
0,14,64.7,0,0,1,62.733333333333334,0,1,0,1,1,0,0,1,0,0,0,1,0,0,0,1,0,0,0,1,0
1,11,104.05,0,1,1,94.47083333333335,0,1,0,1,1,1,0,0,0,1,1,1,1,0,0,1,0,0,0,0,0
0,2,19.25,3,0,0,16.116666666666667,1,0,1,1,0,0,1,0,0,0,0,0,0,0,0,0,0,0,1,0,0
0,26,81.95,0,0,0,76.66851851851852,0,1,1,1,0,1,0,1,1,0,0,0,0,0,0,0,0,1,0,1,0
1,72,114.65,0,0,0,114.16369863013699,0,1,0,1,1,1,0,1,1,1,1,1,1,0,1,1,0,0,0,0,1
0,63,20.0,0,0,0,18.89453125,0,1,1,1,0,0,1,0,0,0,0,0,0,0,1,0,1,0,0,0,1
0,71,19.8,0,3,0,19.39236111111111,1,1,1,1,0,0,1,0,0,0,0,0,0,0,1,0,0,0,1,0,1
0,11,65.15,0,0,0,60.27916666666667,1,1,1,1,1,0,0,1,0,0,0,1,0,0,0,1,0,0,0,0,0
1,14,19.65,0,0,0,15.243333333333334,1,1,0,1,0,0,1,0,0,0,0,0,0,1,0,0,0,0,1,1,0
0,13,88.95,0,0,0,82.98214285714286,0,0,1,1,1,0,0,1,1,1,1,1,1,0,1,0,1,0,0,1,0
0,6,20.2,3,0,0,14.049999999999999,1,0,1,1,0,0,1,0,0,0,0,0,0,0,0,1,0,0,1,0,0
1,11,75.2,0,0,0,64.60833333333333,1,1,1,1,1,1,0,0,0,0,0,0,0,0,0,1,1,0,0,0,0
0,18,56.8,0,0,0,56.56052631578948,1,1,0,1,1,0,0,0,1,0,0,0,0,0,0,0,1,0,0,1,0
0,1,35.55,0,0,1,17.775,1,0,0,0,0,0,0,0,0,0,0,0,1,0,0,1,0,1,0,0,0
0,32,75.5,2,0,0,70.44545454545454,0,1,0,1,0,1,0,1,0,0,0,0,0,0,0,1,0,0,0,1,0
0,29,35.6,0,0,0,35.75333333333333,1,0,0,0,0,0,0,1,0,0,1,0,0,1,0,0,0,0,1,1,0
0,3,60.25,0,0,0,42.625,0,0,0,1,1,0,0,0,0,0,0,1,0,0,0,1,0,1,0,0,0
0,2,95.15,0,0,1,65.63333333333334,0,0,0,1,1,1,0,0,0,0,0,1,1,0,0,1,0,1,0,0,0
0,13,96.65,3,1,1,83.06071428571428,1,1,1,1,0,1,0,0,0,1,0,1,1,0,0,1,0,0,1,1,0
0,41,40.35,0,0,0,39.94880952380952,0,0,0,0,0,0,0,0,1,0,0,0,1,0,0,1,0,1,0,0,1
0,1,18.85,0,0,0,9.425,0,0,0,1,0,0,1,0,0,0,0,0,0,0,0,0,0,1,0,0,0
0,7,54.85,0,0,0,46.3,1,0,0,1,0,0,0,0,0,0,0,1,0,0,0,0,0,0,1,0,0
0,52,64.3,0,0,0,64.35094339622641,0,1,0,1,0,0,0,1,0,1,0,1,0,1,0,1,0,0,1,0,1
0,45,24.65,0,0,0,24.756521739130434,0,1,1,1,1,0,1,0,0,0,0,0,0,0,1,1,0,0,0,0,1
0,70,76.1,0,0,0,74.1443661971831,1,1,0,1,1,0,0,0,1,1,1,1,0,0,1,0,1,0,0,0,1
0,53,18.7,0,0,0,18.624074074074073,0,0,0,1,0,0,1,0,0,0,0,0,0,0,1,0,0,0,1,0,1
1,62,97.95,0,0,0,94.23095238095239,0,1,0,1,1,1,0,0,1,1,0,1,0,1,0,1,1,0,0,0,1
0,60,94.1,0,5,0,89.76885245901639,0,1,0,1,1,1,0,1,1,0,0,0,1,0,0,1,1,0,0,0,1
1,3,80.4,0,0,1,56.0125,0,1,0,1,0,1,0,0,0,0,0,1,0,0,0,1,0,1,0,0,0
1,23,95.1,0,0,0,96.91875,0,1,0,1,0,1,0,1,0,0,0,1,1,0,0,1,0,1,0,1,0
0,1,31.35,4,0,1,15.675,1,0,1,0,0,0,0,0,1,0,0,0,0,0,0,1,0,0,1,0,0
0,67,72.35,0,0,0,73.40441176470588,0,0,0,1,0,0,0,1,0,1,1,0,1,1,0,1,0,0,0,0,1
0,12,89.75,5,1,1,80.95384615384616,0,0,0,1,1,1,0,0,1,0,0,1,0,0,0,1,0,0,0,0,0
1,71,82.7,0,0,0,80.98888888888888,0,1,0,1,1,0,0,1,1,1,1,0,1,0,1,1,0,0,0,0,1
0,25,19.9,0,0,0,19.646153846153847,1,0,0,1,0,0,1,0,0,0,0,0,0,1,0,0,1,0,0,1,0
0,5,53.8,0,0,0,47.324999999999996,0,0,0,1,1,0,0,1,0,0,0,0,0,0,0,1,0,1,0,0,0
0,26,51.55,0,0,0,47.97777777777778,1,0,0,1,1,0,0,0,0,0,0,0,0,1,0,1,1,0,0,1,0
0,1,19.65,5,0,0,9.825,1,1,1,1,0,0,1,0,0,0,0,0,0,1,0,0,0,0,1,0,0
1,70,44.05,0,0,0,42.417605633802815,1,0,0,0,0,0,0,0,1,1,0,1,0,1,0,1,1,0,0,0,1
0,72,114.0,0,0,0,110.86506849315067,1,1,1,1,1,1,0,1,1,1,1,1,1,0,1,1,0,1,0,0,1
0,60,94.4,2,7,1,91.97131147540983,1,1,0,1,0,1,0,0,1,0,0,1,1,1,0,1,0,1,0,0,1
1,32,100.4,0,0,0,97.50454545454545,0,1,1,1,1,1,0,0,1,0,0,1,1,0,0,1,0,1,0,1,0
0,1,19.85,0,0,1,9.925,1,0,0,1,0,0,1,0,0,0,0,0,0,0,0,1,0,1,0,0,0
0,14,54.25,2,0,0,51.54666666666667,0,0,0,1,1,0,0,0,1,0,0,0,0,1,0,1,0,0,1,1,0
0,13,80.0,0,0,0,73.52499999999999,0,0,0,1,1,1,0,1,0,0,0,0,0,0,0,1,1,0,0,1,0
0,6,109.9,0,0,1,95.63571428571429,0,0,0,1,1,1,0,0,1,1,1,1,1,0,0,1,1,0,0,0,0
0,46,79.2,3,0,0,76.46382978723405,0,0,0,1,1,0,0,1,0,1,0,1,1,0,1,0,0,0,1,0,1
0,15,101.35,2,1,1,97.121875,1,0,0,1,0,1,0,0,0,1,1,1,1,0,0,1,0,1,0,1,0
1,43,94.3,0,0,0,89.84431818181818,1,1,0,1,1,1,0,0,1,0,1,1,0,0,0,1,0,1,0,0,1
0,39,49.8,0,0,0,49.27875,1,0,0,1,0,0,0,0,0,0,1,0,0,0,1,1,0,0,0,0,1
1,21,60.05,0,2,1,56.18863636363637,1,0,0,1,0,0,0,0,0,1,0,1,0,0,0,1,0,0,0,1,0
0,57,53.75,2,0,0,55.10344827586207,1,0,0,0,0,0,0,1,0,1,0,1,1,0,0,1,0,1,0,0,1
0,53,93.45,0,3,0,90.22592592592592,0,1,0,1,0,1,0,0,0,0,1,1,1,1,0,1,0,1,0,0,1
0,18,87.9,0,0,0,78.97368421052632,1,1,1,1,0,1,0,1,0,1,0,1,0,0,0,1,0,0,1,1,0
0,1,60.15,0,0,1,30.075,0,0,0,1,1,0,0,0,0,0,0,0,1,0,0,1,0,1,0,0,0
0,58,61.05,0,0,0,58.96186440677966,0,1,0,1,1,0,0,1,0,0,1,0,0,1,0,1,0,0,0,0,1
1,71,104.05,0,0,0,102.96597222222222,0,0,0,1,1,1,0,0,0,1,0,1,1,0,1,0,0,0,0,0,1
0,35,99.25,0,0,0,98.11111111111111,0,0,0,1,0,1,0,0,0,1,1,1,1,1,0,1,0,1,0,1,0
0,3,85.7,0,0,0,64.1875,1,0,0,1,0,1,0,0,0,1,0,0,1,0,0,0,1,0,0,0,0
0,38,104.85,0,0,0,99.67307692307692,1,0,0,1,1,1,0,1,1,0,0,1,1,1,0,1,0,1,0,0,1
0,35,69.15,0,0,0,69.17083333333333,1,1,1,1,1,0,0,1,1,1,1,0,0,0,1,1,1,0,0,1,0
0,7,90.45,0,0,1,74.18125,1,0,0,1,1,1,0,0,0,1,0,1,0,0,0,1,0,1,0,0,0
0,47,74.45,0,0,0,73.13125000000001,0,0,0,1,0,0,0,0,0,1,1,1,1,0,1,0,0,0,1,0,1
0,14,50.45,3,0,0,51.03,0,0,0,1,0,0,0,0,1,0,0,0,0,0,0,0,0,1,0,1,0
1,20,60.0,0,1,0,59.969047619047615,0,1,0,1,0,0,0,0,1,0,0,0,1,0,0,1,0,1,0,1,0
0,66,85.25,0,2,0,82.66194029850747,1,1,0,1,1,0,0,1,1,0,1,1,1,0,1,0,0,1,0,0,1
0,15,19.45,5,0,0,21.303125,1,1,0,1,0,0,1,0,0,0,0,0,0,0,0,1,1,0,0,1,0
0,42,20.75,3,0,0,19.638372093023257,0,0,0,1,0,0,1,0,0,0,0,0,0,0,1,1,0,0,0,0,1
0,17,78.9,0,0,0,74.94166666666666,0,1,0,1,1,1,0,1,0,0,0,0,0,0,0,0,0,1,0,1,0
0,37,104.5,3,0,0,99.42105263157895,1,0,0,1,1,1,0,0,1,0,1,1,1,1,0,1,1,0,0,0,1
0,12,49.4,0,0,0,47.05,0,0,0,1,0,0,0,0,1,0,0,0,0,0,0,1,0,1,0,0,0
0,53,94.25,0,5,1,90.14722222222223,1,1,0,1,0,1,0,0,1,0,0,1,1,1,0,1,0,0,0,0,1
0,60,25.0,0,0,0,24.67295081967213,0,0,0,1,1,0,1,0,0,0,0,0,0,0,1,0,0,0,1,0,1
0,18,25.55,0,0,0,24.623684210526317,1,1,1,0,0,0,0,0,0,0,0,0,0,0,0,0,1,0,0,1,0
0,1,74.9,0,0,1,37.45,1,0,0,1,1,1,0,0,0,0,0,0,0,0,0,1,0,1,0,0,0
0,3,70.15,0,0,0,48.55,0,0,0,1,0,1,0,0,0,0,0,0,0,0,0,1,0,1,0,0,0
0,9,69.4,0,0,0,57.145,0,0,1,1,0,0,0,0,0,0,1,1,1,0,0,1,1,0,0,0,0
0,1,80.25,0,0,1,40.125,0,0,0,1,0,1,0,0,0,0,0,1,0,0,0,1,0,1,0,0,0
0,56,93.15,0,0,0,92.17456140350878,1,1,0,1,1,1,0,1,1,1,0,0,0,1,0,1,0,1,0,0,1
0,17,69.0,0,0,1,63.86944444444445,1,1,1,1,0,1,0,0,0,0,0,0,0,0,0,1,0,1,0,1,0
0,11,66.35,0,0,1,61.73333333333333,0,1,1,1,1,0,0,0,0,0,1,0,1,0,0,1,0,1,0,0,0
0,7,69.55,0,0,0,65.16875,1,0,0,1,0,1,0,0,0,0,0,0,0,0,0,1,0,1,0,0,0
0,69,20.2,4,0,0,20.180714285714288,0,1,1,1,0,0,1,0,0,0,0,0,0,0,1,0,0,0,0,0,1
0,19,86.0,0,0,1,76.6225,1,0,0,1,1,1,0,0,0,0,0,0,1,0,0,1,0,0,0,1,0
0,3,80.3,4,0,1,62.5125,0,1,1,1,0,1,0,0,0,0,0,0,1,0,0,1,0,1,0,0,0
0,54,20.4,0,0,0,19.829090909090908,1,1,1,1,0,0,1,0,0,0,0,0,0,0,1,0,1,0,0,0,1
0,62,23.75,0,0,0,22.965079365079365,1,1,0,1,1,0,1,0,0,0,0,0,0,1,0,1,1,0,0,0,1
0,24,90.55,0,3,1,91.302,1,0,0,1,1,1,0,0,1,0,0,1,0,0,0,1,1,0,0,1,0
0,62,70.45,0,0,0,68.2611111111111,0,1,1,1,1,0,0,0,0,0,0,1,1,0,0,1,1,0,0,0,1
0,17,65.75,0,0,0,61.733333333333334,1,0,0,1,1,0,0,1,0,0,0,0,1,0,0,0,0,0,0,1,0
0,9,24.6,0,0,0,19.009999999999998,1,0,0,0,0,0,0,0,0,0,0,0,0,0,0,1,0,0,1,0,0
0,64,69.25,0,0,0,68.42692307692307,1,1,1,1,0,0,0,1,0,1,1,1,0,0,1,0,0,0,1,0,1
0,2,75.9,0,0,1,47.78333333333333,0,0,0,1,1,1,0,0,0,0,0,0,0,0,0,1,0,1,0,0,0
0,1,45.85,0,0,1,22.925,1,1,1,1,0,0,0,0,0,0,0,0,0,0,0,1,0,0,1,0,0
0,16,49.95,0,1,1,47.65882352941177,0,1,0,0,0,0,0,0,0,0,1,1,1,0,0,1,0,1,0,1,0
0,72,24.65,0,0,0,25.06917808219178,0,1,0,1,1,0,1,0,0,0,0,0,0,0,1,0,0,0,0,0,1
0,30,90.4,0,2,0,90.98870967741935,1,0,0,1,1,1,0,1,1,1,0,0,0,1,0,0,0,0,0,1,0
0,49,100.85,3,0,0,96.947,0,1,0,1,1,1,0,1,0,0,0,1,1,0,0,1,0,0,1,0,1
0,61,75.35,0,0,0,76.27903225806452,1,1,0,1,1,0,0,1,0,1,1,0,1,0,1,0,1,0,0,0,1
0,47,87.2,0,0,0,83.69687499999999,1,1,1,1,1,1,0,0,1,0,0,1,0,0,0,0,0,1,0,0,1
0,20,64.4,1,0,0,66.6,1,0,0,1,0,0,0,1,0,1,0,0,1,0,0,0,1,0,0,1,0
0,34,78.3,0,0,1,73.2657142857143,1,1,1,1,0,1,0,0,0,0,0,1,0,0,0,0,0,1,0,1,0
0,70,24.7,2,0,0,23.745070422535214,0,1,1,1,1,0,1,0,0,0,0,0,0,0,1,0,0,0,0,0,1
0,54,105.85,0,0,0,105.93909090909091,1,0,1,1,0,1,0,1,1,0,1,1,1,1,0,1,0,1,0,0,1
1,61,98.3,0,0,0,97.84758064516129,1,1,0,1,1,1,0,0,1,1,1,1,0,1,0,1,0,0,1,0,1
0,3,76.95,3,0,1,57.1,1,0,0,1,1,1,0,0,0,0,0,0,0,0,0,1,0,1,0,0,0
0,13,19.45,0,0,0,19.3,1,0,0,1,0,0,1,0,0,0,0,0,0,1,0,0,0,0,1,1,0
1,16,96.15,0,0,1,89.95294117647059,0,0,0,1,1,1,0,0,0,0,0,1,1,0,0,1,0,1,0,1,0
0,3,58.7,0,0,0,42.15,0,1,1,1,0,0,0,0,1,0,0,1,0,0,0,1,1,0,0,0,0
0,25,20.15,0,0,0,20.628846153846155,1,0,0,1,0,0,1,0,0,0,0,0,0,0,0,1,0,0,1,1,0
0,30,64.5,1,0,0,60.917741935483875,1,0,0,1,1,0,0,1,0,0,0,0,1,0,0,1,0,0,1,1,0
0,21,28.5,0,0,0,28.606818181818184,0,1,0,0,0,0,0,1,0,0,0,0,0,0,0,0,0,1,0,1,0
0,1,45.3,0,0,1,22.65,1,0,0,1,0,0,0,0,0,0,0,0,0,0,0,0,0,1,0,0,0
0,15,19.4,0,0,1,18.08125,0,0,0,1,0,0,1,0,0,0,0,0,0,0,0,0,0,0,0,1,0
1,23,90.45,0,0,0,88.21875,1,1,0,1,0,1,0,0,0,0,0,1,1,0,0,1,0,1,0,1,0
0,45,105.15,1,0,0,102.84565217391304,0,1,1,1,1,1,0,1,1,0,0,1,1,0,0,1,0,1,0,0,1
0,24,83.15,0,0,0,81.322,0,1,1,1,1,1,0,0,1,1,0,0,0,1,0,0,0,0,0,1,0
0,11,90.15,0,0,1,82.32916666666667,0,0,0,1,1,1,0,0,0,0,1,1,0,0,0,0,0,1,0,0,0
0,1,45.05,0,0,1,22.525,1,0,0,1,0,0,0,0,0,0,0,0,0,0,0,0,0,0,1,0,0
0,56,103.2,0,0,0,100.7780701754386,0,1,0,1,1,1,0,0,0,1,1,1,1,0,1,0,0,0,0,0,1
0,1,75.8,0,0,1,37.9,0,0,0,1,0,1,0,0,1,0,0,0,0,0,0,0,0,1,0,0,0
0,1,19.45,1,0,0,9.725,1,0,0,1,0,0,1,0,0,0,0,0,0,0,0,0,0,1,0,0,0
0,7,79.3,0,0,1,65.39375,0,0,0,1,0,1,0,0,0,0,0,0,1,0,0,1,0,1,0,0,0
1,55,88.8,0,0,0,85.80892857142858,0,1,0,1,0,1,0,0,0,1,1,1,0,0,1,0,1,0,0,0,1
0,2,30.9,0,0,1,19.683333333333334,0,0,0,0,0,0,0,0,0,0,1,0,0,0,0,1,0,1,0,0,0
0,72,85.9,0,4,0,83.70890410958904,0,1,1,1,1,0,0,1,0,1,1,1,1,0,1,1,1,0,0,0,1
1,45,34.2,0,0,0,34.70869565217391,0,0,0,0,0,0,0,0,0,0,0,0,1,1,0,0,0,1,0,0,1
0,47,20.15,0,0,0,21.795833333333334,0,0,0,1,0,0,1,0,0,0,0,0,0,0,1,0,0,0,1,0,1
1,46,95.25,0,6,1,94.13191489361702,0,0,0,1,0,1,0,0,1,0,0,1,1,1,0,0,1,0,0,0,1
0,2,50.3,0,0,0,30.916666666666668,1,0,0,1,0,0,0,0,1,0,0,0,0,0,0,1,0,0,1,0,0
0,2,80.15,0,0,0,64.85000000000001,0,1,0,1,0,1,0,1,0,0,1,0,0,0,0,1,0,1,0,0,0
0,12,51.25,0,0,0,47.08461538461539,0,1,0,1,0,0,0,0,1,0,0,0,0,0,0,1,0,1,0,0,0
1,68,89.6,0,6,1,88.80579710144929,0,1,0,1,1,1,0,0,1,0,0,0,1,0,0,1,0,0,0,0,1
0,69,95.2,5,5,0,95.31,1,1,1,1,0,1,0,0,0,0,1,1,1,0,1,1,1,0,0,0,1
1,56,94.8,0,0,0,92.3561403508772,1,0,1,1,0,1,0,1,0,0,0,1,1,1,0,0,1,0,0,0,1
1,4,80.25,0,0,0,60.739999999999995,0,0,0,1,1,1,0,1,0,0,0,0,0,0,0,1,0,1,0,0,0
0,64,76.1,0,0,0,74.13538461538462,1,1,0,1,1,0,0,0,1,1,1,1,0,0,1,1,0,0,0,0,1
0,59,110.15,0,6,1,107.4675,1,1,0,1,1,1,0,1,1,1,0,1,1,1,0,1,0,1,0,0,1
0,62,115.55,0,0,0,113.63571428571429,1,1,1,1,1,1,0,1,1,1,1,1,1,0,1,0,0,0,0,0,1
0,63,24.65,0,0,0,24.6015625,1,1,1,1,1,0,1,0,0,0,0,0,0,0,1,0,1,0,0,0,1
0,53,53.6,0,0,0,53.318518518518516,0,0,0,0,0,0,0,1,1,1,1,1,0,1,0,1,0,1,0,0,1
0,5,19.45,0,0,0,14.341666666666667,1,1,1,1,0,0,1,0,0,0,0,0,0,0,0,0,0,0,1,0,0
1,49,88.2,0,0,0,83.189,1,1,0,1,1,1,0,1,1,1,0,0,0,0,0,1,0,1,0,0,1
0,62,101.15,0,0,0,105.37063492063493,0,1,1,1,1,1,0,1,0,0,0,1,1,0,1,1,0,0,0,0,1
0,55,56.8,4,0,0,55.572321428571435,0,1,0,1,0,0,0,1,1,0,1,0,0,0,1,0,0,0,1,0,1
1,71,99.4,0,0,0,99.55902777777777,0,1,0,1,0,1,0,1,1,1,1,1,0,0,1,1,0,1,0,0,1
0,72,20.1,0,0,0,18.16780821917808,0,1,1,1,0,0,1,0,0,0,0,0,0,0,1,1,1,0,0,0,1
0,36,60.7,0,0,0,60.39324324324325,1,1,1,0,0,0,0,1,0,1,1,1,1,1,0,0,1,0,0,1,0
0,25,20.95,5,0,0,19.04423076923077,1,1,0,1,0,0,1,0,0,0,0,0,0,1,0,1,0,0,0,1,0
1,72,114.85,0,0,0,113.94452054794522,0,1,0,1,1,1,0,1,1,1,1,1,1,0,1,1,0,0,0,0,1
0,36,19.25,0,2,0,18.37297297297297,0,0,0,1,0,0,1,0,0,0,0,0,0,1,0,1,0,0,0,1,0
0,1,62.8,2,0,0,31.4,1,0,0,1,0,0,0,0,0,0,0,1,1,0,0,1,0,0,1,0,0
0,72,105.5,0,0,0,103.34246575342466,0,1,0,1,1,1,0,1,0,1,0,1,1,0,1,1,0,1,0,0,1
0,59,19.85,0,1,0,19.804166666666667,1,1,1,1,0,0,1,0,0,0,0,0,0,0,1,0,0,0,1,0,1
1,7,89.5,0,2,1,84.5875,1,1,0,1,0,1,0,0,0,0,0,1,1,0,0,1,0,1,0,0,0
0,1,74.1,0,0,0,37.05,0,0,0,1,0,0,0,0,0,1,1,1,1,1,0,0,1,0,0,0,0
0,30,107.5,4,0,0,104.59677419354838,0,1,1,1,1,1,0,0,1,1,1,1,1,0,0,1,0,1,0,1,0
0,64,19.55,3,0,0,19.079230769230772,1,0,0,1,0,0,1,0,0,0,0,0,0,0,1,0,0,0,1,0,1
0,63,68.8,0,0,0,64.23984375,1,0,0,1,1,0,0,1,1,1,1,0,0,1,0,0,0,0,0,0,1
1,72,84.45,0,0,0,80.81986301369864,1,1,0,1,1,0,0,1,1,1,0,1,1,0,1,0,1,0,0,0,1
0,8,75.0,2,0,1,70.32777777777778,1,1,0,1,0,1,0,1,0,0,0,0,0,0,0,0,0,1,0,0,0
0,62,84.5,1,0,0,82.43174603174603,0,0,0,1,1,0,0,0,1,1,1,1,1,0,1,0,0,0,0,0,1
0,67,111.2,0,0,0,110.74705882352941,1,1,1,1,1,1,0,0,1,1,1,1,1,0,1,1,0,0,0,0,1
0,6,44.75,0,0,1,38.707142857142856,1,0,0,1,0,0,0,0,0,0,0,0,0,0,0,0,0,1,0,0,0
0,70,80.6,0,0,0,76.90422535211268,0,1,1,1,1,0,0,1,0,0,1,1,1,0,1,1,0,0,0,0,1
1,20,80.7,2,0,0,76.86666666666667,0,0,0,1,0,1,0,0,0,0,0,1,0,0,0,0,0,0,0,1,0
0,5,75.6,0,0,0,67.08333333333333,0,0,0,1,1,1,0,0,0,0,0,0,0,0,0,0,0,1,0,0,0
0,24,57.6,1,0,0,54.71,0,1,1,0,0,0,0,1,1,1,0,1,1,1,0,0,0,1,0,1,0
0,11,44.05,0,0,1,40.30833333333333,0,1,0,1,0,0,0,0,0,0,0,0,0,0,0,1,0,1,0,0,0
0,72,110.6,0,0,0,109.07123287671233,1,1,0,1,1,1,0,0,1,1,1,1,1,0,1,1,1,0,0,0,1
0,66,58.2,0,6,0,56.87761194029851,0,1,1,1,0,0,0,1,1,0,1,0,0,0,1,1,1,0,0,0,1
0,45,81.0,0,0,0,76.81739130434782,0,1,1,1,0,0,0,1,0,1,1,1,1,0,1,1,0,0,1,0,1
0,69,19.7,0,0,0,19.955714285714286,0,1,1,1,0,0,1,0,0,0,0,0,0,0,1,0,0,0,0,0,1
1,15,85.6,0,0,1,84.096875,1,1,0,1,1,1,0,0,0,0,0,0,1,0,0,1,0,0,0,1,0
0,28,59.55,0,0,0,56.77413793103448,0,0,0,1,0,0,0,0,0,1,0,1,0,0,0,1,0,0,0,1,0
0,70,115.55,0,6,1,114.47323943661972,0,0,0,1,1,1,0,1,1,1,1,1,1,1,0,0,1,0,0,0,1
0,36,75.55,0,0,0,72.43648648648649,0,0,0,1,0,0,0,1,1,1,1,0,1,1,0,1,0,0,1,1,0
1,16,86.6,0,0,1,75.3529411764706,1,0,0,1,1,1,0,0,0,0,0,1,0,0,0,1,0,1,0,1,0
0,18,85.2,0,0,1,81.78421052631579,0,0,0,1,1,1,0,0,0,0,0,1,0,0,0,1,0,1,0,1,0
0,34,97.65,0,3,1,91.64428571428572,0,1,0,1,1,1,0,0,0,0,0,1,1,0,0,1,0,1,0,1,0
0,42,45.1,0,0,0,47.65232558139535,1,1,1,0,0,0,0,0,1,1,0,0,1,1,0,1,1,0,0,0,1
0,48,70.95,0,0,0,74.06530612244897,1,0,0,1,1,0,0,1,0,0,1,0,1,1,0,1,0,0,0,0,1
0,47,109.55,0,4,1,106.76145833333334,1,1,0,1,1,1,0,0,1,1,1,1,1,0,0,1,0,1,0,0,1
0,39,89.55,0,1,1,86.86125,0,1,1,1,1,1,0,0,1,1,1,0,0,1,0,1,0,1,0,0,1
0,11,20.9,0,0,0,16.858333333333334,0,1,1,1,0,0,1,0,0,0,0,0,0,0,1,0,1,0,0,0,0
0,7,19.95,0,0,0,18.4375,1,0,0,1,0,0,1,0,0,0,0,0,0,0,0,1,0,0,1,0,0
0,3,24.6,0,0,0,21.5875,0,0,0,1,1,0,1,0,0,0,0,0,0,0,0,0,0,0,1,0,0
0,8,66.7,0,0,0,64.33333333333333,1,0,0,1,0,0,0,1,0,1,0,0,1,0,0,1,0,1,0,0,0
0,1,19.45,0,0,1,9.725,1,0,1,1,0,0,1,0,0,0,0,0,0,0,0,1,0,0,1,0,0
0,32,94.8,0,0,0,94.89545454545456,1,1,1,1,0,1,0,1,1,1,0,0,1,1,0,0,0,0,1,1,0
0,60,65.85,0,0,0,64.3983606557377,1,1,1,1,0,0,0,1,1,1,1,0,0,1,0,1,0,0,0,0,1
0,10,19.95,0,0,0,17.068181818181817,0,1,0,1,0,0,1,0,0,0,0,0,0,0,0,1,0,0,0,0,0
0,71,24.65,0,0,0,23.752083333333335,0,1,0,1,1,0,1,0,0,0,0,0,0,0,1,1,0,0,0,0,1
0,4,20.35,0,0,1,15.27,0,1,1,1,0,0,1,0,0,0,0,0,0,0,0,0,0,0,1,0,0
1,1,69.25,1,0,1,34.625,0,0,0,1,0,1,0,0,0,0,0,0,0,0,0,1,0,1,0,0,0
0,43,51.25,1,0,0,48.9,0,1,1,0,0,0,0,1,1,0,1,1,0,1,0,1,0,0,0,0,1
0,59,99.5,0,5,1,99.35166666666667,1,1,0,1,1,1,0,0,0,1,0,1,1,1,0,1,0,0,0,0,1
0,23,54.25,0,0,0,50.89791666666667,0,1,0,1,0,0,0,0,0,1,1,0,0,0,0,0,0,1,0,1,0
0,72,19.4,0,1,0,20.49931506849315,0,1,0,1,0,0,1,0,0,0,0,0,0,0,1,0,0,0,0,0,1
0,22,56.25,4,0,0,56.18260869565218,1,1,0,1,0,0,0,1,0,0,1,0,0,1,0,1,1,0,0,1,0
0,1,25.15,5,0,0,12.575,0,0,0,0,0,0,0,0,0,0,0,0,0,0,0,1,0,0,1,0,0
0,69,23.95,0,0,0,24.47285714285714,1,0,0,1,1,0,1,0,0,0,0,0,0,0,1,0,0,0,0,0,1
0,50,35.4,0,0,0,34.2921568627451,1,0,0,0,0,0,0,1,0,0,1,0,0,1,0,1,0,0,1,0,1
1,1,25.2,0,0,1,12.6,0,0,0,0,0,0,0,0,0,0,0,0,0,0,0,1,0,1,0,0,0
0,2,45.0,0,0,1,32.15,1,0,0,1,0,0,0,0,0,0,0,0,0,0,0,1,0,0,1,0,0
0,15,75.35,0,0,0,69.659375,0,1,0,1,0,1,0,0,1,0,0,0,0,0,0,0,0,0,0,1,0
0,31,20.4,0,0,0,19.034375,1,0,0,1,0,0,1,0,0,0,0,0,0,0,1,0,0,0,0,1,0
0,1,20.15,0,0,1,10.075,1,0,0,1,0,0,1,0,0,0,0,0,0,0,0,0,0,0,1,0,0
0,66,105.0,0,6,1,106.46641791044776,1,1,0,1,1,1,0,0,1,1,0,1,1,0,0,1,1,0,0,0,1
0,0,56.05,0,0,0,1401.4,0,1,1,0,0,0,0,1,1,1,1,1,0,0,1,0,1,0,0,0,0
0,3,54.7,0,0,1,42.3625,1,0,1,1,0,0,0,0,0,0,0,1,0,0,0,1,1,0,0,0,0
0,8,20.0,5,0,0,15.733333333333333,0,0,0,1,0,0,1,0,0,0,0,0,0,0,1,0,0,0,1,0,0
0,64,73.05,0,0,0,72.13307692307691,1,1,1,1,0,0,0,1,0,1,0,1,1,1,0,1,1,0,0,0,1
0,28,20.5,1,0,0,19.41551724137931,0,1,0,1,0,0,1,0,0,0,0,0,0,0,0,0,0,0,1,1,0
0,57,100.75,2,0,0,103.1896551724138,0,1,0,1,1,1,0,0,0,1,0,1,1,1,0,1,1,0,0,0,1
0,14,87.25,0,2,1,83.90666666666667,0,1,1,1,1,1,0,0,0,1,0,0,1,0,0,1,0,1,0,1,0
0,19,19.95,0,0,0,18.675,1,0,0,1,0,0,1,0,0,0,0,0,0,0,1,1,0,0,1,1,0
0,10,79.95,1,0,1,77.92727272727274,1,1,0,1,0,1,0,0,0,0,0,1,0,0,0,1,0,1,0,0,0
0,51,49.65,0,0,0,49.10288461538461,0,1,0,0,0,0,0,0,1,0,0,1,1,0,0,1,0,1,0,0,1
0,67,65.65,0,0,0,63.57132352941177,0,1,0,1,1,0,0,1,1,1,0,0,0,0,1,0,0,0,1,0,1
0,11,20.45,0,0,0,20.900000000000002,1,1,1,1,0,0,1,0,0,0,0,0,0,0,0,1,0,1,0,0,0
0,72,60.95,1,0,0,62.31575342465754,1,1,1,0,0,0,0,1,0,1,1,1,1,0,1,0,0,0,0,0,1
0,66,20.35,0,0,0,20.291044776119403,1,1,1,1,0,0,1,0,0,0,0,0,0,1,0,1,0,1,0,0,1
0,18,88.35,0,0,1,86.27894736842104,0,0,0,1,1,1,0,0,0,0,1,1,0,0,0,1,0,1,0,1,0
0,9,19.5,0,0,0,17.884999999999998,0,0,0,1,0,0,1,0,0,0,0,0,0,0,0,1,0,1,0,0,0
0,9,75.2,0,0,0,63.385000000000005,0,0,0,1,1,1,0,0,0,0,0,0,0,0,0,1,1,0,0,0,0
0,48,111.45,3,0,0,108.47142857142858,1,1,0,1,1,1,0,1,1,1,0,1,1,0,0,1,0,0,0,0,1
0,10,70.15,0,0,0,66.86363636363636,1,0,0,1,0,1,0,0,0,0,0,0,0,0,0,0,0,0,1,0,0
0,9,94.75,0,0,1,88.99,0,0,0,1,1,1,0,0,0,0,0,1,1,0,0,1,0,1,0,0,0
1,13,95.05,0,0,1,92.14285714285714,0,0,0,1,1,1,0,0,0,0,0,1,1,0,0,1,0,1,0,1,0
0,4,78.45,0,0,1,66.01,1,0,0,1,1,1,0,0,1,0,0,0,0,0,0,0,0,1,0,0,0
0,4,70.2,0,0,1,47.589999999999996,1,0,0,1,0,1,0,0,0,0,0,0,0,0,0,1,0,1,0,0,0
0,72,92.0,0,0,0,88.69041095890411,0,1,0,1,1,0,0,1,1,1,1,1,1,0,1,0,0,0,0,0,1
0,51,85.5,0,0,0,85.0375,0,1,1,1,0,0,0,1,1,1,1,1,1,0,1,0,1,0,0,0,1
0,59,41.05,0,4,1,40.87833333333333,1,1,0,0,0,0,0,0,1,0,0,0,1,0,0,1,0,0,0,0,1
0,10,85.6,0,0,1,73.98636363636363,1,1,0,1,1,1,0,0,0,0,0,1,0,0,0,1,0,1,0,0,0
1,61,82.15,0,0,0,79.11048387096774,1,1,0,1,1,1,0,0,1,0,0,0,0,0,0,1,0,1,0,0,1
0,54,84.4,5,0,0,81.52818181818182,1,0,0,1,0,1,0,1,0,1,1,0,0,1,0,0,0,1,0,0,1
0,33,60.9,0,0,0,59.81911764705882,0,0,0,1,1,0,0,1,1,0,0,0,0,0,0,1,0,0,1,1,0
0,27,20.25,0,0,0,19.22142857142857,0,0,0,1,0,0,1,0,0,0,0,0,0,0,1,1,0,0,0,1,0
1,1,79.2,0,0,1,39.6,0,0,0,1,0,1,0,0,0,0,0,1,0,0,0,1,0,1,0,0,0
0,23,95.3,0,0,0,91.37083333333334,1,0,0,1,0,1,0,0,1,0,0,1,1,0,0,0,0,0,1,1,0
0,1,19.85,0,0,0,9.925,1,0,1,1,0,0,1,0,0,0,0,0,0,0,0,0,0,0,1,0,0
0,45,84.35,0,0,0,83.87065217391304,1,1,1,1,0,0,0,1,1,1,1,1,1,0,1,1,0,0,1,0,1
0,39,19.85,0,0,0,21.369999999999997,0,1,1,1,0,0,1,0,0,0,0,0,0,0,1,1,0,0,0,0,1
0,5,70.0,0,0,1,57.9,1,0,0,1,0,0,0,0,0,1,0,1,1,1,0,1,0,0,1,0,0
0,72,82.3,0,0,0,79.65958904109588,1,1,1,1,1,0,0,1,1,1,1,1,0,0,1,0,0,0,0,0,1
0,58,66.8,0,0,0,67.2949152542373,0,1,1,1,1,0,0,0,1,0,0,1,0,0,0,1,0,0,0,0,1
0,70,44.6,0,0,0,43.072535211267606,0,0,0,0,0,0,0,1,1,1,1,0,0,0,1,1,0,0,0,0,1
0,61,98.45,0,0,0,99.11612903225806,1,1,1,1,0,1,0,0,1,0,1,1,1,1,0,1,0,0,0,0,1
0,2,70.7,0,0,0,43.06666666666666,1,0,0,1,0,1,0,0,0,0,0,0,0,0,0,0,0,0,1,0,0
0,46,24.95,3,0,0,24.806382978723406,0,1,1,1,1,0,1,0,0,0,0,0,0,1,0,0,0,0,1,0,1
0,1,49.95,0,0,1,24.975,0,0,0,1,1,0,0,0,0,0,0,0,0,0,0,1,0,0,0,0,0
0,22,69.25,0,0,1,67.56521739130434,0,1,0,1,0,1,0,0,0,0,0,0,0,0,0,1,0,1,0,1,0
0,48,102.5,0,0,0,100.08673469387755,0,0,0,1,0,1,0,1,0,1,1,1,1,0,1,1,1,0,0,0,1
0,64,86.55,0,0,0,86.65461538461538,1,0,0,1,1,0,0,0,1,1,1,1,1,0,1,0,1,0,0,0,1
0,72,24.3,0,5,0,22.51027397260274,1,1,1,1,1,0,1,0,0,0,0,0,0,0,1,0,0,0,0,0,1
0,12,58.35,0,0,0,56.965384615384615,0,1,1,1,0,0,0,0,0,1,0,1,0,0,0,1,1,0,0,0,0
1,34,94.25,0,2,1,91.93,0,1,0,1,1,1,0,0,1,1,0,0,1,0,0,1,0,1,0,1,0
0,72,68.75,0,0,0,66.96164383561644,0,1,1,1,0,0,0,1,1,1,0,0,1,0,1,0,1,0,0,0,1
0,29,85.8,0,0,0,81.34166666666667,1,1,0,1,1,1,0,0,1,1,0,0,0,0,0,1,0,1,0,1,0
0,33,20.1,0,0,0,18.251470588235293,1,1,1,1,0,0,1,0,0,0,0,0,0,1,0,0,1,0,0,1,0
0,1,20.35,0,0,0,10.175,0,0,0,1,0,0,1,0,0,0,0,0,0,0,0,0,0,0,1,0,0
0,62,110.8,0,0,0,108.58650793650793,0,1,1,1,1,1,0,0,1,1,1,1,1,1,0,1,0,1,0,0,1
0,41,73.0,3,4,1,71.45714285714286,1,1,0,1,1,0,0,0,0,1,0,1,1,1,0,1,0,1,0,0,1
0,64,100.05,0,8,1,96.21846153846154,0,0,0,1,1,1,0,0,0,1,0,1,1,1,0,1,1,0,0,0,1
0,4,82.85,0,0,0,63.92,0,0,0,1,0,1,0,0,0,1,0,0,1,0,0,1,1,0,0,0,0
0,24,84.35,0,0,0,77.52199999999999,0,0,0,1,1,1,0,1,0,0,1,0,0,0,0,1,0,1,0,1,0
0,14,19.55,0,0,0,19.633333333333333,0,1,1,1,0,0,1,0,0,0,0,0,0,1,0,0,0,0,1,1,0
0,3,19.95,0,0,0,14.575,1,0,1,1,0,0,1,0,0,0,0,0,0,0,0,0,0,0,1,0,0
1,4,99.8,4,0,1,88.57000000000001,0,0,0,1,0,1,0,0,1,1,0,1,1,0,0,1,1,0,0,0,0
0,18,35.0,0,0,1,29.105263157894736,0,0,1,0,0,0,0,0,0,0,0,0,1,0,0,1,0,1,0,1,0
0,8,66.25,0,0,0,60.71666666666667,1,0,0,1,0,0,0,0,0,0,0,1,1,0,0,1,0,1,0,0,0
0,35,23.3,0,0,0,22.141666666666666,0,0,0,1,1,0,1,0,0,0,0,0,0,0,1,0,0,0,0,1,0
0,1,76.0,0,0,1,38.0,0,0,0,1,1,1,0,0,0,0,0,0,0,0,0,0,0,1,0,0,0
0,66,25.3,0,0,0,24.982089552238804,1,0,1,1,1,0,1,0,0,0,0,0,0,0,1,1,1,0,0,0,1
0,8,44.55,2,0,0,38.16111111111111,1,0,1,0,0,0,0,1,0,0,1,0,1,0,1,1,0,0,1,0,0
0,71,104.1,2,0,0,102.94791666666667,0,1,0,1,1,1,0,1,0,1,0,1,1,1,0,1,1,0,0,0,1
0,43,92.55,0,2,0,91.79545454545455,0,1,1,1,1,1,0,0,0,1,0,0,1,0,0,1,0,0,0,0,1
1,2,93.85,0,0,1,56.949999999999996,0,0,0,1,1,1,0,0,0,0,0,1,1,0,0,1,0,1,0,0,0
1,29,101.45,0,0,0,98.28666666666666,1,0,0,1,0,1,0,0,1,1,0,1,1,0,0,1,0,0,0,1,0
0,15,84.3,0,3,1,81.775,0,1,0,1,0,1,0,0,0,1,0,1,0,0,0,1,0,1,0,1,0
0,65,94.55,0,0,0,92.10227272727273,1,1,1,1,1,1,0,1,1,1,1,0,0,0,1,0,1,0,0,0,1
0,35,95.5,0,0,0,94.94999999999999,1,0,0,1,1,1,0,0,0,1,1,1,0,0,0,0,0,1,0,1,0
0,64,100.3,0,0,0,101.59692307692308,1,0,0,1,0,1,0,1,1,0,0,1,1,1,0,1,1,0,0,0,1
0,58,55.5,4,0,0,53.67627118644068,0,1,1,0,0,0,0,0,0,1,1,1,1,0,1,1,1,0,0,0,1
1,18,49.85,5,0,0,45.56578947368421,0,0,0,1,0,0,0,0,1,0,0,0,0,0,0,1,1,0,0,1,0
0,67,89.55,0,0,0,93.72205882352942,1,1,1,1,1,1,0,0,1,0,0,0,1,0,0,1,0,0,0,0,1
0,63,19.15,0,0,0,18.39140625,1,1,1,1,0,0,1,0,0,0,0,0,0,0,1,1,0,0,1,0,1
0,60,99.8,0,0,0,98.12704918032787,0,1,0,1,1,1,0,0,1,0,0,1,1,0,0,1,0,1,0,0,1
1,9,84.4,0,0,1,73.25,1,0,0,1,1,1,0,0,0,0,0,0,1,0,0,1,1,0,0,0,0
0,70,113.05,0,0,0,110.83169014084507,0,1,1,1,1,1,0,1,1,1,1,1,1,0,1,1,1,0,0,0,1
0,15,101.1,0,0,1,94.003125,1,1,0,1,1,1,0,0,0,1,0,1,1,0,0,1,0,1,0,1,0
0,48,19.95,0,0,0,19.116326530612245,0,0,1,1,0,0,1,0,0,0,0,0,0,1,0,0,0,0,1,0,1
0,12,74.15,0,0,0,57.03076923076923,1,1,0,1,0,0,0,0,0,1,1,1,1,0,0,1,0,1,0,0,0
1,71,92.0,0,0,0,91.46111111111111,1,1,0,1,1,1,0,1,1,1,1,0,0,1,0,1,0,1,0,0,1
1,44,73.85,0,0,0,69.38666666666667,1,0,0,1,0,1,0,0,0,1,0,0,0,0,0,0,0,1,0,0,1
0,1,50.45,0,0,1,25.225,1,0,0,1,1,0,0,0,0,0,0,0,0,0,0,1,0,1,0,0,0
0,45,24.45,0,0,0,23.657608695652176,1,1,1,1,1,0,1,0,0,0,0,0,0,0,1,0,0,0,1,0,1
0,23,24.8,0,0,0,25.639583333333334,0,0,0,1,1,0,1,0,0,0,0,0,0,1,0,0,1,0,0,1,0
0,43,64.85,0,0,0,66.09545454545454,0,1,0,1,1,0,0,0,0,0,1,1,0,1,0,1,0,0,0,0,1
0,35,20.75,0,0,0,20.552777777777777,1,0,0,1,0,0,1,0,0,0,0,0,0,0,0,0,0,0,0,1,0
0,9,68.95,0,0,0,59.385000000000005,1,1,0,1,0,0,0,1,1,0,1,1,0,0,0,1,0,0,1,0,0
0,12,99.95,0,1,1,87.13461538461539,1,0,0,1,1,1,0,0,0,0,1,1,1,0,0,1,0,0,1,0,0
1,65,109.4,0,0,0,109.50681818181818,0,1,0,1,1,1,0,1,1,1,0,1,1,0,0,1,1,0,0,0,1
0,2,91.4,0,0,1,64.53333333333333,0,0,0,1,1,1,0,0,0,1,0,1,0,0,0,1,0,1,0,0,0
0,27,49.0,0,0,0,46.11964285714286,1,0,0,1,1,0,0,0,0,0,0,0,0,0,0,0,0,0,1,1,0
0,40,50.25,0,0,0,49.354878048780485,0,0,0,1,0,0,0,0,0,1,0,0,0,1,0,1,0,0,1,0,1
1,5,75.55,0,0,1,58.275,0,0,0,1,0,1,0,0,0,1,0,0,0,0,0,1,1,0,0,0,0
0,8,19.9,0,0,0,17.105555555555554,1,1,1,1,0,0,1,0,0,0,0,0,0,1,0,0,1,0,0,0,0
1,58,97.8,3,0,0,92.52203389830508,0,1,0,1,1,1,0,0,1,0,0,1,1,1,0,1,0,0,0,0,1
0,52,100.3,2,4,0,98.95188679245283,0,1,1,1,0,1,0,1,0,1,0,1,1,1,0,0,0,1,0,0,1
0,3,55.8,0,0,0,38.6375,1,1,0,1,0,0,0,0,0,1,1,0,0,0,0,1,0,0,1,0,0
0,41,111.15,2,0,0,107.31309523809523,1,0,1,1,0,1,0,1,1,1,1,1,1,0,1,1,0,1,0,0,1
0,20,98.55,0,0,0,96.75952380952381,1,0,0,1,1,1,0,0,0,0,1,1,1,0,0,1,0,0,1,1,0
0,1,50.05,0,0,0,25.025,1,0,1,1,1,0,0,0,0,0,0,0,0,0,0,1,0,1,0,0,0
0,4,80.8,0,0,1,66.49,1,0,1,1,1,1,0,0,0,0,1,0,0,0,0,0,1,0,0,0,0
0,23,20.85,0,0,0,19.745833333333334,1,0,0,1,0,0,1,0,0,0,0,0,0,0,0,0,0,1,0,1,0
1,6,19.5,0,0,0,15.257142857142856,0,0,0,1,0,0,1,0,0,0,0,0,0,0,0,0,0,0,0,0,0
0,8,19.35,0,0,0,16.955555555555556,1,1,1,1,0,0,1,0,0,0,0,0,0,0,0,1,0,0,1,0,0
0,18,69.5,0,1,0,63.126315789473686,1,0,0,1,1,0,0,1,0,1,0,1,0,0,0,0,0,0,1,1,0
1,52,48.8,0,0,0,48.20849056603774,1,0,0,0,0,0,0,1,0,0,0,1,1,0,0,1,1,0,0,0,1
0,31,94.5,1,0,0,93.1,1,0,0,1,0,1,0,0,1,0,0,1,1,0,0,1,0,1,0,1,0
0,29,20.65,5,0,0,21.828333333333333,1,1,1,1,0,0,1,0,0,0,0,0,0,0,0,1,0,0,1,1,0
0,36,106.05,5,2,0,103.63243243243244,0,1,0,1,1,1,0,1,1,1,1,0,1,0,1,1,1,0,0,1,0
0,16,100.0,3,2,1,90.27941176470588,0,1,0,1,1,1,0,0,1,0,0,1,1,0,0,1,0,1,0,1,0
0,42,108.3,2,0,0,106.65465116279069,1,1,0,1,1,1,0,0,0,1,1,1,1,1,0,1,0,1,0,0,1
0,1,20.55,0,0,1,10.275,1,0,0,1,0,0,1,0,0,0,0,0,0,0,0,0,0,1,0,0,0
0,60,99.65,0,0,0,97.39426229508197,0,0,0,1,0,1,0,0,1,1,0,1,1,0,1,1,0,1,0,0,1
0,5,85.3,0,1,1,70.69166666666666,1,0,0,1,1,1,0,0,1,1,0,0,0,0,0,1,0,1,0,0,0
0,22,95.9,0,0,0,97.17173913043477,1,1,0,1,1,1,0,1,0,0,1,1,0,0,0,0,1,0,0,1,0
0,36,20.0,0,0,0,18.02027027027027,1,1,0,1,0,0,1,0,0,0,0,0,0,1,0,0,0,0,1,1,0
0,4,70.4,0,0,1,56.2,0,0,0,1,0,1,0,0,0,0,0,0,0,0,0,0,0,1,0,0,0
0,9,64.95,0,0,0,54.779999999999994,1,0,0,1,0,0,0,1,0,0,1,0,1,0,0,0,0,0,1,0,0
0,1,74.6,0,0,0,37.3,1,1,1,1,0,1,0,0,1,0,0,0,0,0,0,0,1,0,0,0,0
0,12,49.2,0,0,0,43.934615384615384,1,1,1,1,0,0,0,1,0,0,0,0,0,0,0,1,0,1,0,0,0
0,23,73.75,1,0,0,73.19166666666666,0,0,0,1,1,0,0,0,0,0,1,1,1,1,0,1,0,0,1,1,0
0,62,92.3,0,0,0,90.97539682539683,1,0,0,1,1,1,0,1,1,0,0,0,1,1,0,1,0,0,0,0,1
0,37,98.8,0,1,1,91.46184210526316,1,0,0,1,1,1,0,0,0,0,1,1,1,0,0,0,0,0,0,0,1
0,8,19.2,1,0,0,17.427777777777777,0,0,0,1,0,0,1,0,0,0,0,0,0,0,0,0,0,0,1,0,0
0,31,88.65,0,0,0,83.85,1,1,0,1,1,1,0,0,0,1,0,1,0,0,0,0,1,0,0,1,0
0,13,74.4,0,0,1,64.05357142857143,1,1,1,1,1,1,0,0,0,0,0,0,0,0,0,1,1,0,0,1,0
0,24,98.75,0,3,1,96.292,0,0,0,1,1,1,0,0,0,1,0,1,1,0,0,1,0,1,0,1,0
0,45,95.95,0,3,0,96.8836956521739,1,1,1,1,1,1,0,0,1,1,0,0,1,0,0,1,0,0,0,0,1
1,69,105.4,0,0,0,99.985,0,1,0,1,1,1,0,0,1,0,1,1,1,0,1,0,1,0,0,0,1
0,2,20.25,0,0,0,12.266666666666666,1,0,0,1,0,0,1,0,0,0,0,0,0,0,0,0,0,0,1,0,0
0,61,106.0,0,6,1,105.60806451612903,1,1,1,1,1,1,0,1,1,0,0,1,1,1,0,1,0,1,0,0,1
0,41,104.7,0,4,1,103.48571428571428,1,0,0,1,1,1,0,0,1,1,0,1,1,0,0,1,0,1,0,0,1
0,44,49.05,0,0,0,50.333333333333336,0,0,0,0,0,0,0,0,0,1,0,1,1,1,0,1,0,1,0,0,1
0,39,35.55,0,0,0,32.728750000000005,1,0,0,0,0,0,0,0,0,1,1,0,0,1,0,0,0,0,1,0,1
0,72,65.1,3,0,0,65.12739726027398,1,1,1,0,0,0,0,1,1,1,1,1,1,0,1,1,1,0,0,0,1
1,13,96.85,0,0,0,88.25357142857142,0,0,0,1,0,1,0,0,0,1,0,1,1,0,0,1,0,1,0,1,0
0,51,69.75,0,0,0,68.50961538461539,0,1,1,1,0,0,0,1,1,0,1,0,1,1,0,1,1,0,0,0,1
1,71,99.2,1,0,0,100.19097222222223,0,1,0,1,0,1,0,0,1,1,0,1,1,0,1,1,0,1,0,0,1
1,22,96.7,0,2,1,90.56304347826087,1,0,0,1,1,1,0,0,0,0,0,1,1,0,0,1,0,1,0,1,0
0,2,55.05,0,0,1,34.25,0,0,0,1,0,0,0,0,1,0,1,0,0,0,0,1,1,0,0,0,0
0,56,106.8,0,0,0,103.76140350877192,0,0,0,1,1,1,0,0,1,1,0,1,1,1,0,1,0,1,0,0,1
0,1,51.25,0,0,0,25.625,1,0,0,1,0,0,0,1,0,0,0,0,0,0,0,0,0,0,1,0,0
0,23,57.75,0,0,0,53.45208333333333,0,1,1,1,0,0,0,1,1,0,1,0,0,1,0,1,0,0,1,1,0
1,66,70.85,0,0,0,70.72910447761194,0,1,0,1,1,0,0,0,1,1,0,1,0,1,0,1,0,0,0,0,1
1,19,88.2,0,1,1,88.78999999999999,1,0,0,1,1,1,0,0,1,0,0,1,0,0,0,1,0,1,0,1,0
0,11,79.5,0,0,0,66.30416666666666,1,0,0,1,0,1,0,1,0,1,0,0,0,0,0,1,0,0,0,0,0
0,8,19.75,0,0,1,16.11111111111111,0,1,1,1,0,0,1,0,0,0,0,0,0,1,0,1,0,0,1,0,0
0,52,98.15,0,1,0,94.21509433962264,0,1,1,1,1,1,0,1,1,1,0,0,1,0,0,0,0,0,0,0,1
0,3,20.25,0,0,0,15.3625,1,0,0,1,0,0,1,0,0,0,0,0,0,0,0,1,0,1,0,0,0
0,51,79.15,3,0,0,77.2798076923077,0,1,1,1,0,1,0,1,1,0,0,0,0,0,0,1,0,0,0,0,1
1,15,75.65,0,0,1,71.665625,1,0,0,1,1,1,0,0,0,0,0,0,0,0,0,0,0,1,0,1,0
1,64,94.25,0,0,0,93.55999999999999,1,1,0,1,1,1,0,0,1,1,0,0,1,0,0,1,0,1,0,0,1
0,37,40.2,0,0,0,38.91710526315789,0,0,0,0,0,0,0,0,0,1,0,0,1,0,0,1,1,0,0,0,1
0,13,19.95,0,0,0,17.40357142857143,1,0,0,1,0,0,1,0,0,0,0,0,0,0,1,0,0,0,1,1,0
0,49,55.35,0,0,0,52.678999999999995,1,1,0,1,1,0,0,1,0,0,0,0,0,1,0,1,0,1,0,0,1
1,45,102.15,0,0,0,102.94239130434784,0,0,0,1,1,1,0,0,0,1,0,1,1,1,0,1,0,0,0,0,1
0,18,71.1,0,0,0,65.67105263157895,0,0,0,1,0,1,0,0,0,0,0,0,0,0,0,1,0,1,0,1,0
1,1,74.7,4,0,1,37.35,1,0,0,1,1,1,0,0,0,0,0,0,0,0,0,1,0,1,0,0,0
0,68,54.1,0,0,0,54.992753623188406,1,1,0,0,0,0,0,1,0,1,0,1,1,0,1,1,0,0,0,0,1
0,54,19.65,3,0,0,18.34,1,0,0,1,0,0,1,0,0,0,0,0,0,0,1,0,1,0,0,0,1
1,23,88.45,0,0,0,88.77291666666667,0,1,1,1,0,1,0,0,1,1,0,0,1,0,0,1,0,0,0,1,0
0,17,76.65,0,0,1,72.975,1,0,0,1,0,1,0,0,0,1,0,0,0,0,0,1,0,1,0,1,0
0,71,80.4,0,0,0,79.54374999999999,1,1,0,1,1,0,0,1,1,1,1,0,1,0,1,0,1,0,0,0,1
0,67,19.25,0,0,0,20.189705882352943,0,1,1,1,0,0,1,0,0,0,0,0,0,0,1,1,0,0,0,0,1
0,14,84.8,2,0,0,80.26,0,1,1,1,1,1,0,0,0,0,0,1,0,0,0,1,0,1,0,1,0
1,1,25.8,0,0,1,12.9,0,0,0,0,0,0,0,0,0,0,0,0,0,0,0,1,0,0,1,0,0
0,63,19.5,0,0,0,18.9859375,0,0,1,1,0,0,1,0,0,0,0,0,0,0,1,0,1,0,0,0,1
0,41,68.6,0,0,0,68.50119047619049,0,0,0,1,1,0,0,0,0,1,1,0,1,1,0,1,0,1,0,0,1
0,17,92.6,3,0,0,87.76111111111112,0,1,0,1,1,1,0,0,0,0,0,1,1,0,0,0,0,1,0,1,0
0,56,100.55,0,0,0,96.75350877192982,1,1,0,1,1,1,0,1,0,0,0,1,1,1,0,1,0,1,0,0,1
0,5,20.55,1,0,0,16.016666666666666,0,0,0,1,0,0,1,0,0,0,0,0,0,0,0,0,1,0,0,0,0
0,2,42.6,0,0,1,24.133333333333336,0,0,0,0,0,0,0,1,1,0,0,0,1,0,0,1,0,1,0,0,0
0,3,19.6,0,0,0,13.8125,0,1,0,1,0,0,1,0,0,0,0,0,0,0,0,1,0,0,1,0,0
0,37,67.45,5,0,0,64.29736842105264,1,0,0,1,1,0,0,1,1,1,1,0,0,1,0,0,0,1,0,0,1
0,29,68.85,0,3,1,65.68333333333334,0,0,0,1,0,0,0,1,1,1,0,0,1,0,0,1,0,0,0,1,0
0,8,43.55,0,0,0,37.266666666666666,1,0,0,1,0,0,0,0,0,0,0,0,0,0,0,0,0,0,1,0,0
0,63,109.85,0,0,0,109.42109375,0,0,0,1,1,1,0,0,1,1,1,1,1,0,0,1,1,0,0,0,1
0,7,20.65,0,0,0,19.86875,0,1,1,1,0,0,1,0,0,0,0,0,0,0,0,0,0,0,1,0,0
0,3,95.4,0,0,0,73.2875,0,0,0,1,0,1,0,0,1,0,0,1,1,0,0,0,0,1,0,0,0
0,72,21.0,0,0,0,20.46232876712329,1,1,1,1,0,0,1,0,0,0,0,0,0,0,1,0,0,0,0,0,1
0,19,56.2,0,0,0,54.67,0,0,0,1,0,0,0,0,0,0,0,0,1,0,0,1,0,1,0,1,0
0,59,18.4,0,0,0,17.63083333333333,0,1,0,1,0,0,1,0,0,0,0,0,0,0,1,0,0,0,0,0,1
0,2,90.0,0,0,1,63.35,1,1,1,1,0,1,0,0,0,1,1,0,1,0,0,0,1,0,0,0,0
0,35,25.75,0,0,0,24.515277777777776,0,1,1,1,1,0,1,0,0,0,0,0,0,0,0,1,0,1,0,1,0
0,14,19.6,0,0,0,20.026666666666664,1,0,0,1,0,0,1,0,0,0,0,0,0,0,0,0,1,0,0,1,0
0,14,75.35,0,0,1,68.39666666666668,0,0,0,1,0,1,0,0,0,1,0,0,0,0,0,0,0,1,0,1,0
0,69,19.8,0,0,0,20.527857142857144,0,1,1,1,0,0,1,0,0,0,0,0,0,0,1,0,1,0,0,0,1
1,7,64.2,5,0,0,59.375,1,1,0,1,1,0,0,1,1,0,1,0,0,0,0,0,0,1,0,0,0
0,69,75.75,0,0,0,76.97357142857142,1,1,1,1,0,0,0,1,1,1,1,1,0,0,1,1,0,0,0,0,1
0,72,78.95,0,0,0,78.49520547945205,0,1,1,1,1,0,0,0,1,0,1,1,1,0,1,1,0,1,0,0,1
0,8,100.85,0,0,1,91.0611111111111,1,0,0,1,1,1,0,0,1,0,0,1,1,0,0,0,0,1,0,0,0
0,4,50.3,0,0,0,43.42,0,1,1,1,0,0,0,1,0,0,0,0,0,0,0,0,0,1,0,0,0
0,63,80.3,0,0,0,76.50546875,1,1,1,1,0,1,0,0,1,1,0,0,0,0,0,1,1,0,0,0,1
0,72,19.85,0,0,0,19.645205479452052,1,0,0,1,0,0,1,0,0,0,0,0,0,0,1,0,0,0,0,0,1
0,46,21.1,0,0,0,19.938297872340424,0,0,0,1,0,0,1,0,0,0,0,0,0,0,1,1,0,1,0,0,1
0,5,69.95,0,0,1,55.025,0,1,0,1,0,1,0,0,0,0,0,0,0,0,0,0,0,1,0,0,0
0,30,50.0,0,0,0,47.57741935483871,1,1,0,1,0,0,0,0,0,1,0,0,0,0,0,1,0,0,1,1,0
0,63,104.75,0,0,0,102.1328125,1,0,0,1,1,1,0,0,1,1,0,1,1,0,1,1,0,0,0,0,1
0,60,19.85,4,0,0,18.49344262295082,0,0,0,1,0,0,1,0,0,0,0,0,0,0,1,0,0,0,0,0,1
0,63,107.5,3,6,1,107.40234375,0,1,0,1,1,1,0,0,1,1,0,1,1,1,0,1,0,1,0,0,1
0,25,85.9,0,0,0,84.57884615384616,1,1,1,1,0,1,0,0,0,0,1,1,0,0,0,0,0,1,0,1,0
0,1,45.85,0,0,1,22.925,1,0,0,1,0,0,0,0,0,0,0,0,0,0,0,1,0,0,1,0,0
1,6,80.8,0,0,0,65.3,1,1,0,1,1,1,0,0,0,1,0,0,0,0,0,1,0,1,0,0,0
0,22,25.25,0,0,0,24.630434782608695,1,0,0,1,1,0,1,0,0,0,0,0,0,0,1,0,0,0,1,1,0
0,31,80.55,0,0,0,77.2375,0,1,1,1,1,0,0,0,1,0,1,1,1,0,1,0,0,0,0,1,0
0,39,81.5,0,0,0,77.6825,0,1,1,1,0,1,0,0,0,1,1,0,0,0,0,1,0,0,0,0,1
0,26,20.9,0,0,0,19.196296296296296,1,0,0,1,0,0,1,0,0,0,0,0,0,0,0,0,0,0,1,1,0
0,53,106.1,0,5,1,106.84722222222223,0,1,0,1,0,1,0,1,1,1,0,1,1,1,0,1,0,0,0,0,1
0,1,91.7,0,0,1,45.85,0,0,0,1,0,1,0,0,1,0,1,1,0,0,0,0,0,1,0,0,0
0,12,67.25,0,0,0,64.02307692307691,1,0,0,1,1,0,0,1,1,0,1,0,0,0,0,1,0,1,0,0,0
0,16,95.6,2,1,1,91.50882352941177,0,0,0,1,1,1,0,0,1,1,0,0,1,0,0,1,1,0,0,1,0
0,2,20.35,0,0,0,15.1,0,0,0,1,0,0,1,0,0,0,0,0,0,0,0,0,0,0,1,0,0
0,39,45.05,0,0,0,44.765,1,0,1,0,0,0,0,1,0,0,1,1,0,1,0,0,0,0,0,0,1
0,1,74.95,0,0,1,37.475,1,0,0,1,1,1,0,0,0,0,0,0,0,0,0,1,0,1,0,0,0
0,7,34.65,0,0,0,30.825,0,1,1,0,0,0,0,1,0,0,1,0,0,0,0,0,0,0,1,0,0
1,4,69.35,0,0,0,52.33,1,0,0,1,0,1,0,0,0,0,0,0,0,0,0,0,0,1,0,0,0
1,10,95.35,0,1,1,81.66818181818182,1,0,0,1,1,1,0,0,0,0,0,1,1,0,0,1,0,1,0,0,0
0,55,81.55,0,0,0,80.52678571428571,0,0,0,1,0,1,0,0,1,1,0,0,0,0,0,1,0,1,0,0,1
0,72,75.4,0,0,0,75.07191780821918,1,1,1,1,0,0,0,0,1,1,0,1,1,0,1,1,0,0,0,0,1
0,10,67.8,0,0,0,59.377272727272725,0,1,0,1,0,0,0,0,0,1,0,1,1,0,0,1,1,0,0,0,0
1,11,111.4,0,0,0,98.58749999999999,1,0,0,1,1,1,0,0,1,1,1,1,1,0,0,1,0,1,0,0,0
0,15,46.3,0,0,0,39.965625,0,1,1,1,0,0,0,0,0,0,0,0,0,0,0,0,0,1,0,1,0
0,23,20.4,0,0,0,19.947916666666668,0,1,1,1,0,0,1,0,0,0,0,0,0,0,1,0,0,0,0,1,0
0,1,20.05,0,0,0,10.025,1,0,1,1,0,0,1,0,0,0,0,0,0,0,0,0,0,0,1,0,0
1,3,45.0,0,0,1,31.775,0,0,0,1,0,0,0,0,0,0,0,0,0,0,0,0,0,1,0,0,0
0,47,96.1,0,0,0,91.48854166666666,1,1,1,1,0,1,0,1,1,1,0,0,1,1,0,1,0,1,0,0,1
0,15,19.65,5,0,0,16.9125,0,0,1,1,0,0,1,0,0,0,0,0,0,1,0,0,0,0,1,1,0
0,66,99.5,0,8,1,100.15671641791045,1,0,0,1,0,1,0,0,1,1,0,1,1,0,0,0,0,1,0,0,1
1,68,60.65,0,0,0,57.62173913043478,0,1,0,1,0,0,0,0,1,1,1,0,0,1,0,1,0,0,0,0,1
0,17,98.6,3,1,1,94.71944444444445,0,1,1,1,0,1,0,0,0,1,1,1,1,1,0,0,0,0,0,1,0
0,7,59.5,0,0,1,51.99375,0,0,0,1,0,0,0,0,0,0,1,1,0,0,0,1,0,0,1,0,0
1,12,80.45,0,0,1,73.0923076923077,1,1,0,1,0,1,0,0,0,0,0,0,1,0,0,1,0,1,0,0,0
1,21,71.7,0,0,0,68.04772727272727,0,1,0,1,1,0,0,0,1,1,0,0,1,1,0,0,0,0,0,1,0
0,21,36.0,0,0,0,35.461363636363636,1,0,0,0,0,0,0,0,1,0,1,0,0,0,0,1,0,0,1,1,0
0,56,65.2,0,2,0,61.61666666666667,0,1,1,1,1,0,0,1,0,0,0,1,0,1,0,0,0,0,0,0,1
0,6,48.95,0,0,0,39.035714285714285,0,1,1,1,1,0,0,0,0,0,0,0,0,0,0,1,1,0,0,0,0
1,65,53.5,0,0,0,53.301515151515154,0,0,0,0,0,0,0,0,1,1,0,1,1,0,1,1,0,0,0,0,1
0,42,80.45,0,0,0,78.5093023255814,1,1,0,1,1,0,0,1,0,0,1,1,1,1,0,0,1,0,0,0,1
0,68,109.05,0,0,0,108.8195652173913,0,1,1,1,1,1,0,1,0,1,1,1,1,0,1,1,0,0,0,0,1
0,48,26.3,0,0,0,25.409183673469386,1,1,1,1,1,0,1,0,0,0,0,0,0,0,1,0,0,0,0,0,1
1,50,106.8,0,0,0,104.86176470588235,0,0,0,1,1,1,0,0,1,0,1,1,1,1,0,1,0,1,0,0,1
1,7,64.95,0,0,0,61.70625,0,0,0,1,0,0,0,0,1,1,0,1,0,0,0,1,0,1,0,0,0
0,63,19.35,1,0,0,19.74765625,0,1,1,1,0,0,1,0,0,0,0,0,0,0,1,0,0,1,0,0,1
0,17,21.1,0,0,0,21.419444444444444,1,0,0,1,0,0,1,0,0,0,0,0,0,0,0,0,1,0,0,1,0
0,42,77.95,4,0,1,78.69767441860465,0,1,1,1,0,1,0,0,0,0,0,1,0,0,0,1,1,0,0,0,1
0,4,18.85,5,0,0,16.84,1,1,1,1,0,0,1,0,0,0,0,0,0,0,0,0,0,0,1,0,0
0,62,26.0,0,0,0,26.011111111111113,0,0,1,1,1,0,1,0,0,0,0,0,0,0,1,0,0,0,0,0,1
1,2,74.7,0,0,1,55.13333333333333,1,0,0,1,0,1,0,0,1,0,0,0,0,0,0,1,0,1,0,0,0
0,2,70.35,0,0,0,40.083333333333336,0,1,0,1,0,1,0,0,0,0,0,0,0,0,0,1,0,1,0,0,0
0,48,96.9,0,0,0,91.29489795918367,1,1,0,1,1,1,0,1,1,1,0,1,0,0,1,1,0,0,0,0,1
0,27,19.55,4,0,0,18.59107142857143,1,1,0,1,0,0,1,0,0,0,0,0,0,0,1,0,0,0,0,1,0
0,70,80.4,3,0,0,80.5330985915493,0,1,1,1,0,0,0,0,1,1,1,1,1,0,1,1,0,0,0,0,1
1,1,88.8,0,0,1,44.4,1,0,0,1,1,1,0,0,0,1,0,1,0,0,0,1,0,1,0,0,0
0,46,94.65,2,0,0,91.75531914893617,1,1,0,1,1,1,0,0,1,1,0,1,0,1,0,1,0,1,0,0,1
0,30,90.25,0,3,1,88.88225806451612,1,0,0,1,0,1,0,0,0,0,0,1,1,0,0,1,0,1,0,1,0
0,15,64.65,5,1,1,62.159375,0,0,0,1,1,0,0,1,0,0,0,0,1,0,0,1,0,0,0,1,0
0,69,95.75,0,0,0,93.01785714285714,1,1,1,1,1,1,0,0,1,1,0,1,0,1,0,0,1,0,0,0,1
0,65,19.55,0,0,0,18.46439393939394,1,0,0,1,0,0,1,0,0,0,0,0,0,0,1,1,1,0,0,0,1
1,72,104.1,0,0,0,102.02328767123288,1,1,1,1,0,1,0,1,0,1,1,1,1,0,1,1,1,0,0,0,1
1,13,89.05,0,1,1,83.52499999999999,1,1,0,1,0,1,0,0,1,0,1,0,1,0,0,1,0,0,0,1,0
0,17,20.1,0,0,0,15.527777777777779,1,0,0,1,0,0,1,0,0,0,0,0,0,1,0,1,0,0,1,1,0
0,51,111.55,0,4,0,110.00673076923077,1,1,0,1,1,1,0,1,0,1,1,1,1,1,0,1,0,1,0,0,1
0,51,60.5,0,0,0,60.027884615384615,1,1,1,1,0,0,0,1,1,0,1,0,0,0,1,0,1,0,0,0,1
0,72,90.95,0,0,0,88.6109589041096,0,1,0,1,1,0,0,1,1,1,1,1,1,0,1,1,0,0,0,0,1
0,67,87.4,4,6,1,87.04117647058824,1,1,1,1,1,1,0,0,1,1,0,0,0,1,0,0,0,1,0,0,1
0,34,19.7,1,0,0,19.302857142857142,1,0,0,1,0,0,1,0,0,0,0,0,0,0,0,0,0,0,1,1,0
0,67,50.95,0,0,0,51.78970588235294,1,1,0,0,0,0,0,1,1,0,1,0,1,0,1,1,0,0,0,0,1
0,49,20.05,0,0,0,18.462,0,1,0,1,0,0,1,0,0,0,0,0,0,1,0,1,0,0,0,0,1
0,53,19.4,0,3,0,20.562037037037037,1,1,1,1,0,0,1,0,0,0,0,0,0,0,1,1,0,0,1,0,1
0,27,59.45,0,0,0,57.558928571428574,1,0,0,1,1,0,0,0,0,1,1,0,0,0,0,0,0,1,0,1,0
1,23,94.75,0,2,1,95.56666666666666,0,0,0,1,0,1,0,0,1,0,0,1,1,0,0,1,0,1,0,1,0
0,69,81.5,0,0,0,79.33214285714286,1,0,0,1,1,0,0,1,1,1,1,0,1,0,1,1,1,0,0,0,1
0,2,29.05,0,0,0,14.916666666666666,0,1,1,0,0,0,0,0,0,0,1,0,0,0,0,0,0,0,0,0,0
0,35,86.45,0,0,1,84.14166666666667,0,0,0,1,1,1,0,0,0,0,0,1,0,0,0,1,0,1,0,1,0
0,46,70.6,0,0,0,68.74574468085106,0,1,0,1,0,0,0,1,1,0,1,0,1,1,0,0,0,0,1,0,1
0,54,97.2,5,3,0,93.26272727272728,0,0,0,1,1,1,0,0,1,0,0,1,1,0,1,1,0,0,0,0,1
0,56,98.25,0,5,1,96.63771929824561,0,1,0,1,1,1,0,0,1,0,0,1,1,1,0,1,0,1,0,0,1
0,9,75.75,0,0,1,65.59,0,1,0,1,0,1,0,0,0,1,0,0,0,0,0,1,0,0,0,0,0
0,20,59.2,3,0,0,56.72380952380953,1,0,0,1,1,0,0,1,0,0,1,0,0,0,0,0,0,0,0,1,0
0,11,75.9,2,0,0,72.2,1,0,0,1,0,1,0,0,1,0,0,0,0,0,0,1,0,0,1,0,0
1,30,90.05,0,0,0,84.74838709677418,0,1,0,1,1,1,0,0,1,0,0,1,0,0,0,1,0,1,0,1,0
0,68,70.95,0,6,0,68.71666666666667,1,1,0,1,0,0,0,1,1,1,0,0,1,0,1,0,0,0,0,0,1
1,38,102.6,0,0,0,102.8,1,1,0,1,1,1,0,0,1,1,0,1,1,0,0,1,0,1,0,0,1
1,17,85.35,5,1,1,81.30277777777778,0,1,0,1,1,1,0,1,0,1,0,0,0,0,0,1,0,0,0,1,0
0,48,106.1,0,4,1,103.73061224489797,1,0,0,1,1,1,0,0,1,1,0,1,1,1,0,1,1,0,0,0,1
0,1,43.8,0,0,0,21.9,0,0,0,1,0,0,0,0,0,0,0,0,0,0,0,0,0,1,0,0,0
0,63,59.0,0,0,0,57.93125,1,1,1,0,0,0,0,1,1,1,0,1,1,0,1,0,0,1,0,0,1
0,3,69.95,0,0,0,55.1125,0,0,0,1,0,0,0,0,0,1,0,1,1,1,0,1,0,1,0,0,0
0,48,24.35,0,0,0,23.136734693877553,0,0,0,1,1,0,1,0,0,0,0,0,0,1,0,0,0,0,0,0,1
0,66,29.45,4,0,0,29.599253731343286,1,0,0,0,0,0,0,0,0,0,1,0,0,1,0,0,1,0,0,0,1
0,68,84.4,0,0,0,83.28623188405797,0,1,1,1,1,1,0,0,1,1,0,0,0,0,1,1,1,0,0,0,1
1,17,45.05,0,0,1,42.81111111111111,1,0,0,1,0,0,0,0,0,0,0,0,0,0,0,1,0,1,0,1,0
0,7,20.65,0,0,0,16.75625,0,1,1,1,0,0,1,0,0,0,0,0,0,1,0,0,0,0,1,0,0
0,72,87.1,0,0,0,85.34383561643835,1,1,0,1,1,0,0,1,1,1,1,1,1,0,1,1,0,0,0,0,1
0,29,19.85,0,2,0,19.101666666666667,0,1,0,1,0,0,1,0,0,0,0,0,0,0,0,0,0,0,1,1,0
0,37,90.35,0,0,0,89.98157894736842,1,1,0,1,0,1,0,0,0,1,1,0,1,0,0,1,0,1,0,0,1
0,34,109.8,0,3,1,102.49285714285715,0,0,0,1,1,1,0,1,1,1,0,1,1,0,0,1,0,0,1,1,0
1,42,84.65,0,0,1,82.35697674418604,0,0,0,1,1,1,0,0,0,0,0,1,0,0,0,1,0,1,0,0,1
0,59,65.5,4,0,0,63.355000000000004,0,1,1,1,1,0,0,1,1,0,1,0,0,1,0,0,0,0,1,0,1
0,11,79.5,0,0,1,72.375,1,1,1,1,0,1,0,0,0,0,0,1,0,0,0,1,0,0,0,0,0
1,60,80.95,0,0,0,79.65737704918034,1,1,1,1,1,1,0,1,0,0,0,0,0,0,0,1,0,1,0,0,1
0,27,56.15,4,0,0,51.40535714285714,0,0,0,1,0,0,0,0,1,0,1,0,0,0,0,1,0,0,1,1,0
0,1,85.8,0,0,1,42.9,0,0,0,1,1,1,0,0,0,0,0,0,1,0,0,0,0,0,1,0,0
1,1,79.1,3,0,1,39.55,1,0,0,1,0,1,0,0,0,0,0,1,0,0,0,1,0,1,0,0,0
0,17,34.4,0,0,0,32.93055555555556,1,1,0,0,0,0,0,1,0,1,0,0,0,0,0,0,0,0,1,1,0
0,58,20.75,1,0,0,20.10084745762712,1,1,0,1,0,0,1,0,0,0,0,0,0,0,1,0,0,0,1,0,1
0,1,18.8,0,0,0,9.4,1,1,1,1,0,0,1,0,0,0,0,0,0,1,0,0,0,0,1,0,0
0,3,44.3,0,0,1,33.625,0,1,1,1,0,0,0,0,0,0,0,0,0,0,0,0,0,0,1,0,0
0,53,90.8,0,0,0,91.13333333333333,0,0,0,1,1,1,0,1,1,1,0,0,0,0,0,0,0,1,0,0,1
0,35,25.6,0,0,0,25.03472222222222,1,0,0,1,1,0,1,0,0,0,0,0,0,0,0,1,0,1,0,1,0
0,50,105.95,0,5,1,104.74117647058824,1,1,1,1,1,1,0,1,0,1,0,1,1,0,0,0,1,0,0,0,1
0,68,70.8,0,0,0,70.4340579710145,1,1,1,1,1,0,0,0,1,0,1,0,1,0,1,0,1,0,0,0,1
0,47,25.4,0,0,0,23.733333333333334,1,1,0,1,1,0,1,0,0,0,0,0,0,0,0,0,0,1,0,0,1
1,65,108.8,0,0,0,107.30984848484849,0,1,0,1,1,1,0,0,1,1,0,1,1,0,0,1,0,0,0,0,1
0,5,69.75,0,0,1,54.1,1,0,0,1,0,1,0,0,0,0,0,0,0,0,0,1,0,1,0,0,0
0,51,94.65,0,4,1,92.55288461538461,1,1,0,1,1,1,0,0,0,0,0,1,1,0,0,1,0,1,0,0,1
0,46,96.05,0,4,1,93.6063829787234,0,0,0,1,1,1,0,0,0,0,0,1,1,0,0,0,0,0,0,0,1
0,9,76.85,0,0,0,66.35499999999999,0,0,0,1,1,1,0,0,0,0,0,0,0,0,0,1,0,1,0,0,0
0,8,20.25,0,0,0,19.405555555555555,0,0,0,1,0,0,1,0,0,0,0,0,0,0,1,0,0,0,1,0,0
0,14,24.8,2,0,0,21.446666666666665,1,0,0,1,1,0,1,0,0,0,0,0,0,1,0,1,1,0,0,1,0
0,45,115.65,2,0,0,111.42391304347827,0,0,0,1,1,1,0,1,1,1,1,1,1,0,0,1,0,1,0,0,1
0,8,74.6,4,0,0,60.98888888888889,0,0,0,1,1,1,0,0,0,0,0,0,0,0,0,1,1,0,0,0,0
1,1,50.15,0,0,1,25.075,1,0,1,1,0,0,0,0,0,1,0,0,0,0,0,1,0,0,1,0,0
0,66,103.15,4,0,0,104.94477611940299,1,1,1,1,0,1,0,1,1,1,0,1,1,1,0,1,0,0,0,0,1
0,72,72.1,3,0,0,68.72123287671232,1,1,1,1,1,0,0,1,1,1,1,0,0,0,1,0,1,0,0,0,1
0,41,113.6,0,6,1,109.40357142857142,0,1,0,1,1,1,0,1,1,1,1,1,1,0,0,1,0,0,0,0,1
0,23,25.1,0,1,0,25.477083333333336,0,1,1,1,1,0,1,0,0,0,0,0,0,0,1,0,0,0,1,1,0
0,29,78.9,0,0,1,79.47166666666666,0,0,0,1,0,1,0,0,0,0,0,1,0,0,0,1,0,1,0,1,0
0,4,80.15,0,0,0,63.970000000000006,0,0,0,1,1,1,0,1,0,0,0,0,0,0,0,1,0,1,0,0,0
0,6,25.4,0,0,0,21.900000000000002,1,1,1,1,1,0,1,0,0,0,0,0,0,0,1,0,0,0,1,0,0
1,67,105.4,4,0,0,103.46470588235294,0,1,0,1,1,1,0,1,1,1,1,0,1,1,0,1,1,0,0,0,1
1,7,45.75,5,0,0,43.025,1,0,1,1,0,0,0,0,0,0,0,0,0,0,0,1,0,0,1,0,0
0,56,24.45,0,0,0,25.116666666666667,1,1,1,1,1,0,1,0,0,0,0,0,0,1,0,1,0,0,1,0,1
0,72,25.0,0,0,0,25.33150684931507,0,1,0,1,1,0,1,0,0,0,0,0,0,0,1,0,1,0,0,0,1
0,72,85.25,0,0,0,83.33013698630137,1,1,0,1,1,0,0,1,1,1,0,1,1,0,1,1,0,1,0,0,1
0,23,19.6,0,0,0,17.777083333333334,1,1,1,1,0,0,1,0,0,0,0,0,0,0,1,0,1,0,0,1,0
0,35,50.15,2,0,0,45.981944444444444,0,0,1,1,1,0,0,0,0,0,0,0,0,0,0,0,0,0,1,1,0
1,27,70.55,0,0,0,69.425,1,1,0,1,0,1,0,0,0,0,0,0,0,0,0,1,0,1,0,1,0
0,26,60.05,0,0,1,59.85740740740741,0,1,1,1,1,0,0,0,1,0,1,0,0,0,0,1,0,1,0,1,0
0,12,26.4,0,0,0,24.226923076923075,1,1,1,1,1,0,1,0,0,0,0,0,0,1,0,0,0,0,1,0,0
0,40,20.15,0,0,0,19.63048780487805,0,0,0,1,0,0,1,0,0,0,0,0,0,0,1,0,0,0,1,0,1
0,7,58.85,0,0,0,58.2125,1,1,1,0,0,0,0,1,1,1,0,1,1,0,0,0,0,0,1,0,0
0,70,97.55,0,0,0,93.93028169014084,1,1,1,1,1,1,0,1,1,0,0,1,0,0,0,1,1,0,0,0,1
0,60,19.65,0,3,0,19.045081967213115,1,1,1,1,0,0,1,0,0,0,0,0,0,0,1,0,1,0,0,0,1
0,39,25.25,0,0,0,23.69375,1,1,1,0,0,0,0,0,0,0,0,0,0,1,0,1,1,0,0,0,1
0,72,114.45,0,0,0,114.7267123287671,1,1,0,1,1,1,0,1,1,1,1,1,1,0,1,0,1,0,0,0,1
0,1,34.7,0,0,1,17.35,0,0,0,0,0,0,0,0,0,0,0,1,0,0,0,1,0,1,0,0,0
0,54,70.7,0,0,0,68.54545454545455,1,1,1,1,1,0,0,0,1,0,1,1,0,1,0,1,0,1,0,0,1
0,3,85.3,0,0,1,66.2,1,0,0,1,1,1,0,0,0,0,0,0,1,0,0,1,0,1,0,0,0
0,63,75.55,0,0,0,73.56015625,0,1,1,1,0,0,0,1,1,1,1,1,0,0,1,0,1,0,0,0,1
0,71,84.8,0,0,0,85.44999999999999,1,1,1,1,1,1,0,0,1,0,1,0,0,0,1,1,0,1,0,0,1
0,42,20.65,0,0,0,22.28139534883721,0,0,0,1,0,0,1,0,0,0,0,0,0,1,0,1,0,0,1,0,1
0,47,20.45,0,0,0,19.645833333333332,1,0,0,1,0,0,1,0,0,0,0,0,0,0,1,0,0,0,0,0,1
0,66,102.45,0,6,1,98.73358208955223,0,1,1,1,1,1,0,0,1,1,0,1,1,1,0,1,1,0,0,0,1
0,21,104.4,0,2,1,100.01136363636364,0,1,0,1,1,1,0,1,0,1,0,1,1,0,0,1,0,0,0,1,0
0,11,35.65,0,0,0,35.425000000000004,1,0,0,0,0,0,0,0,1,0,1,0,0,0,0,1,0,1,0,0,0
0,1,99.75,0,1,1,49.875,1,0,1,1,1,1,0,0,0,1,0,1,1,0,0,1,0,1,0,0,0
1,55,90.45,0,0,0,90.08571428571429,0,1,0,1,1,1,0,0,1,1,1,0,0,0,0,0,0,1,0,0,1
0,69,97.65,0,0,0,96.33642857142857,1,0,0,1,1,1,0,0,1,1,1,1,0,0,1,1,1,0,0,0,1
1,3,73.85,0,0,0,49.1,0,0,0,1,0,1,0,0,0,1,0,0,0,0,0,0,0,1,0,0,0
0,4,74.4,5,0,1,59.94,1,0,0,1,0,0,0,0,0,1,1,1,1,0,0,1,0,1,0,0,0
1,30,69.1,0,0,0,67.54516129032258,1,0,0,1,1,0,0,0,0,1,1,1,0,0,1,1,1,0,0,1,0
0,5,82.75,0,0,0,69.625,0,0,0,1,1,1,0,0,0,1,1,0,0,0,0,1,0,1,0,0,0
0,71,24.4,0,0,0,23.96388888888889,0,1,0,1,1,0,1,0,0,0,0,0,0,0,1,1,1,0,0,0,1
0,29,55.25,0,0,0,54.00666666666667,0,0,0,1,1,0,0,0,1,0,0,0,0,1,0,1,0,1,0,1,0
0,52,61.35,0,0,0,59.80283018867925,1,1,0,1,1,0,0,0,1,0,1,0,0,0,0,0,0,0,0,0,1
0,68,76.75,0,0,0,75.84420289855072,1,0,0,1,1,0,0,1,1,1,0,0,1,1,0,0,1,0,0,0,1
0,46,19.4,0,0,0,20.592553191489362,0,1,1,1,0,0,1,0,0,0,0,0,0,0,1,0,0,0,1,0,1
0,8,54.75,0,0,0,48.672222222222224,1,0,0,1,0,0,0,0,0,0,0,0,1,0,0,1,1,0,0,0,0
0,72,19.7,0,0,0,19.478082191780825,1,1,0,1,0,0,1,0,0,0,0,0,0,0,1,0,1,0,0,0,1
0,17,19.9,0,0,0,17.952777777777776,0,0,0,1,0,0,1,0,0,0,0,0,0,1,0,0,0,0,0,1,0
0,3,107.95,4,0,0,79.65,1,0,0,1,0,1,0,0,1,1,1,1,1,0,0,1,0,1,0,0,0
1,2,83.8,0,0,0,54.56666666666666,0,0,0,1,0,1,0,0,1,0,0,1,0,0,0,1,0,0,0,0,0
0,9,74.25,0,0,1,63.964999999999996,0,0,0,1,0,1,0,1,0,0,0,0,0,0,0,1,1,0,0,0,0
0,51,56.4,0,0,0,56.31730769230769,0,0,0,0,0,0,0,0,1,1,0,1,1,1,0,1,1,0,0,0,1
0,6,20.1,0,0,0,14.335714285714285,0,1,1,1,0,0,1,0,0,0,0,0,0,0,1,0,0,0,1,0,0
0,3,94.9,0,0,0,68.3,0,1,0,1,1,1,0,0,0,0,0,1,1,0,0,0,0,1,0,0,0
1,17,94.2,0,0,0,89.34166666666667,0,0,0,1,1,1,0,0,0,0,0,1,1,0,0,1,0,1,0,1,0
0,30,49.9,0,0,0,46.51451612903226,1,1,0,1,1,0,0,0,0,0,0,0,0,0,0,0,0,1,0,1,0
0,31,71.05,0,0,0,67.7546875,1,0,0,1,1,0,0,0,1,0,1,1,0,0,0,1,0,1,0,1,0
0,45,81.65,5,0,0,78.66739130434782,0,0,0,1,0,0,0,1,0,1,1,1,1,0,1,0,0,0,0,0,1
0,64,89.45,0,0,0,87.57923076923076,1,1,0,1,1,1,0,1,1,1,0,0,0,1,0,0,0,0,0,0,1
0,1,59.85,0,0,1,29.925,1,0,0,1,1,0,0,0,0,0,0,1,0,0,0,1,0,1,0,0,0
1,1,69.6,0,0,1,34.8,0,0,0,1,0,1,0,0,0,0,0,0,0,0,0,1,0,1,0,0,0
1,61,99.0,0,5,0,96.27903225806452,1,1,1,1,1,1,0,0,1,0,0,1,1,1,0,0,0,1,0,0,1
0,1,19.05,0,0,0,9.525,1,0,0,1,0,0,1,0,0,0,0,0,0,0,0,0,0,0,1,0,0
0,9,45.4,0,0,1,41.88,1,0,0,0,0,0,0,0,0,0,0,1,1,0,0,1,0,1,0,0,0
0,72,114.45,0,0,0,110.96643835616439,1,1,1,1,1,1,0,1,1,1,1,1,1,0,1,0,0,0,0,0,1
0,1,19.5,5,0,1,9.75,0,0,0,1,0,0,1,0,0,0,0,0,0,0,0,0,0,0,1,0,0
0,7,44.25,0,0,0,39.18125,0,1,0,1,0,0,0,0,0,0,0,0,0,0,0,1,0,0,1,0,0
0,66,90.55,0,0,0,91.50671641791044,0,1,0,1,1,1,0,0,1,1,1,0,0,1,0,1,0,0,0,0,1
0,40,20.4,0,0,0,18.178048780487803,1,1,1,1,0,0,1,0,0,0,0,0,0,0,0,1,0,0,0,0,1
0,16,71.4,2,0,0,71.3,1,0,0,1,1,0,0,0,1,1,0,0,1,0,0,1,0,0,0,1,0
0,2,87.15,0,0,1,61.25,0,0,0,1,0,1,0,0,1,0,0,1,0,0,0,1,0,0,0,0,0
0,67,24.85,4,0,0,23.28676470588235,1,1,0,1,1,0,1,0,0,0,0,0,0,0,1,0,1,0,0,0,1
0,41,104.45,0,0,0,99.09642857142858,0,1,0,1,0,1,0,1,1,1,0,1,1,1,0,1,0,0,0,0,1
0,56,19.8,0,0,0,19.647368421052633,0,1,1,1,0,0,1,0,0,0,0,0,0,0,1,1,1,0,0,0,1
0,72,116.45,0,0,0,109.77465753424657,0,0,0,1,1,1,0,1,1,1,1,1,1,0,1,1,0,0,0,0,1
0,3,84.75,0,0,1,66.2125,0,1,1,1,1,1,0,0,0,0,0,0,1,0,0,1,0,0,0,0,0
0,54,20.05,0,0,0,20.043636363636367,0,1,0,1,0,0,1,0,0,0,0,0,0,0,1,0,1,0,0,0,1
1,52,110.75,0,0,0,110.0377358490566,1,0,0,1,1,1,0,0,1,1,1,1,1,0,0,1,0,1,0,0,1
0,50,89.7,0,0,0,84.40196078431373,0,0,0,1,0,1,0,0,0,1,1,0,1,0,1,1,0,0,0,0,1
0,14,89.95,0,0,1,78.56,1,0,0,1,1,1,0,0,0,0,1,1,0,0,0,1,0,1,0,1,0
0,27,48.7,0,0,0,50.776785714285715,1,1,0,1,0,0,0,1,0,0,0,0,0,1,0,0,1,0,0,1,0
1,72,96.6,0,0,0,93.52739726027397,0,1,0,1,1,1,0,1,1,1,1,0,0,0,1,1,0,0,0,0,1
0,62,74.3,0,0,0,74.57222222222222,1,0,0,1,0,0,0,1,1,0,0,1,1,1,0,1,1,0,0,0,1
0,12,54.3,0,1,0,50.34615384615385,0,0,0,1,0,0,0,0,1,0,1,0,0,0,0,1,0,1,0,0,0
1,44,74.85,0,0,0,72.62333333333333,0,0,0,1,0,0,0,0,0,1,1,1,1,1,0,0,0,0,0,0,1
0,54,79.95,3,2,0,79.31,1,1,1,1,0,1,0,0,1,0,1,0,0,0,1,1,0,0,0,0,1
0,68,20.05,0,0,0,20.1,0,0,0,1,0,0,1,0,0,0,0,0,0,0,1,0,0,0,0,0,1
0,20,19.4,0,0,0,19.780952380952378,1,0,0,1,0,0,1,0,0,0,0,0,0,0,0,0,0,0,1,1,0
0,50,54.9,0,0,0,51.25686274509804,1,1,1,1,1,0,0,0,0,1,0,0,0,1,0,0,0,0,0,0,1
0,58,24.45,0,3,0,25.65423728813559,1,0,0,1,1,0,1,0,0,0,0,0,0,0,1,1,1,0,0,0,1
0,35,89.65,0,0,0,87.82222222222222,1,1,1,1,1,1,0,0,1,0,0,1,0,0,0,1,0,0,0,1,0
0,2,45.4,0,0,0,26.983333333333334,0,0,0,1,0,0,0,0,0,0,0,0,0,0,0,1,0,1,0,0,0
0,63,75.7,0,0,0,73.0734375,1,1,1,1,1,0,0,1,0,1,1,0,1,0,1,0,0,0,1,0,1
0,58,110.65,0,0,0,110.62118644067796,0,1,0,1,1,1,0,1,1,1,0,1,1,1,0,1,1,0,0,0,1
0,27,20.55,0,0,0,20.832142857142856,0,1,1,1,0,0,1,0,0,0,0,0,0,1,0,1,0,0,1,1,0
0,71,115.15,0,0,0,112.19583333333334,0,1,0,1,1,1,0,1,1,1,1,1,1,0,1,1,1,0,0,0,1
0,63,58.55,0,1,0,54.7421875,0,0,0,1,0,0,0,0,0,1,0,0,1,1,0,0,1,0,0,0,1
0,71,93.25,0,5,0,92.63125,1,1,0,1,1,1,0,0,1,1,0,0,1,0,0,1,0,0,0,0,1
1,41,113.2,0,3,1,111.6547619047619,0,0,0,1,1,1,0,1,1,1,0,1,1,0,0,1,0,1,0,0,1
1,13,90.5,0,0,1,85.79642857142858,1,0,0,1,0,1,0,0,0,0,0,1,1,0,0,1,0,1,0,1,0
0,2,79.0,0,0,1,47.88333333333333,1,0,0,1,0,1,0,0,0,0,0,1,0,0,0,0,0,1,0,0,0
0,68,19.35,1,0,0,18.734057971014494,0,1,1,1,0,0,1,0,0,0,0,0,0,0,1,1,0,0,0,0,1
0,1,48.75,0,0,0,24.375,1,1,1,1,0,0,0,1,0,0,0,0,0,0,0,1,0,0,1,0,0
1,65,109.05,0,0,0,107.7,1,0,0,1,1,1,0,1,0,1,1,1,1,0,1,1,0,1,0,0,1
1,72,25.0,0,0,0,24.692465753424656,1,1,0,1,1,0,1,0,0,0,0,0,0,0,1,1,0,0,0,0,1
0,28,54.9,0,0,0,51.90172413793104,0,0,0,1,1,0,0,0,0,0,1,0,0,0,0,1,1,0,0,1,0
0,72,24.75,0,0,0,25.46712328767123,1,1,1,1,1,0,1,0,0,0,0,0,0,0,1,0,1,0,0,0,1
0,2,91.15,0,0,0,56.166666666666664,0,0,0,1,0,1,0,1,1,0,0,1,0,0,0,1,0,1,0,0,0
0,18,20.15,0,0,1,20.571052631578947,0,0,1,1,0,0,1,0,0,0,0,0,0,1,0,0,0,0,0,1,0
1,60,104.35,0,0,0,103.92540983606557,1,1,0,1,1,1,0,0,1,1,0,1,1,1,0,1,0,1,0,0,1
1,26,66.05,0,0,0,61.2,0,0,0,1,1,0,0,0,0,0,1,0,1,0,0,1,0,1,0,1,0
0,1,71.65,0,0,1,35.825,1,0,1,1,0,1,0,0,0,0,0,0,0,0,0,1,0,1,0,0,0
0,4,20.35,0,0,1,15.5,0,0,0,1,0,0,1,0,0,0,0,0,0,0,0,0,0,0,1,0,0
0,68,92.2,0,0,0,92.65,1,1,1,1,1,0,0,1,1,1,1,1,1,0,1,1,1,0,0,0,1
0,38,84.25,0,3,1,83.7051282051282,0,0,0,1,0,1,0,0,1,1,1,0,0,0,0,1,1,0,0,0,1
1,42,105.2,0,0,0,106.95697674418604,0,1,0,1,1,1,0,1,0,1,0,1,1,1,0,1,0,0,0,0,1
0,57,19.6,0,0,0,19.55603448275862,0,1,0,1,0,0,1,0,0,0,0,0,0,0,1,1,0,0,0,0,1
0,54,30.4,0,0,0,29.479090909090907,1,1,0,0,0,0,0,0,1,0,0,0,0,0,0,0,0,1,0,0,1
0,12,78.1,0,0,1,72.86923076923077,0,0,0,1,0,1,0,0,0,0,0,0,1,0,0,0,0,0,0,0,0
0,44,61.5,0,0,0,60.49333333333333,0,1,0,1,0,0,0,1,1,1,0,0,0,1,0,1,0,0,1,0,1
0,42,69.4,4,0,0,71.12325581395349,1,1,1,1,1,0,0,1,1,0,0,1,0,0,0,1,0,0,0,0,1
0,72,24.75,0,0,0,24.241095890410957,1,1,1,1,1,0,1,0,0,0,0,0,0,0,1,0,0,0,0,0,1
0,71,91.05,0,0,0,87.41319444444444,0,1,1,1,1,0,0,1,1,1,1,1,1,0,1,0,0,0,1,0,1
0,19,89.65,3,1,1,88.0525,0,1,0,1,1,1,0,0,0,1,0,0,1,0,0,0,0,0,1,1,0
0,23,73.65,0,0,0,68.44791666666667,0,1,0,1,1,0,0,0,0,0,1,1,1,0,0,1,1,0,0,1,0
0,30,19.4,0,0,0,18.661290322580644,0,0,0,1,0,0,1,0,0,0,0,0,0,0,1,0,1,0,0,1,0
0,35,26.2,0,0,0,26.525,1,0,0,1,1,0,1,0,0,0,0,0,0,1,0,0,0,0,0,1,0
0,10,98.7,0,1,1,88.47727272727273,0,0,0,1,1,1,0,1,0,0,0,1,1,0,0,1,0,1,0,0,0
0,1,43.85,0,0,0,21.925,1,0,0,1,0,0,0,0,0,0,0,0,0,0,0,1,0,0,0,0,0
0,22,69.7,0,0,0,64.8,1,0,0,1,0,1,0,0,0,0,0,0,0,0,0,1,0,0,1,1,0
0,7,38.55,0,0,0,35.0,1,1,1,0,0,0,0,1,1,1,0,0,0,0,1,0,0,0,1,0,0
0,36,53.1,0,0,0,51.38513513513514,0,0,0,0,0,0,0,1,1,1,1,0,1,0,1,1,0,0,1,1,0
0,34,20.65,0,0,0,20.468571428571426,0,1,1,1,0,0,1,0,0,0,0,0,0,0,0,0,0,0,1,1,0
0,72,64.45,0,0,0,64.65753424657534,1,1,1,1,1,0,0,1,1,1,0,0,0,0,1,0,1,0,0,0,1
0,36,25.1,3,0,0,25.160810810810812,1,1,1,1,1,0,1,0,0,0,0,0,0,0,1,0,1,0,0,1,0
0,1,76.35,0,0,1,38.175,0,0,0,1,0,1,0,0,0,1,0,0,0,0,0,0,0,1,0,0,0
0,23,79.15,0,0,1,69.87291666666667,0,0,0,1,1,1,0,0,1,0,0,0,0,0,0,1,0,1,0,1,0
1,32,85.0,0,0,1,80.06212121212121,1,1,0,1,1,1,0,0,0,0,0,0,1,0,0,1,0,1,0,1,0
0,71,95.15,0,0,0,94.03958333333334,0,1,1,1,1,1,0,1,1,1,1,0,0,1,0,1,1,0,0,0,1
1,23,79.35,0,0,0,76.47083333333333,0,0,0,1,1,1,0,0,0,1,0,0,0,0,0,1,0,0,1,1,0
0,17,96.65,0,0,0,88.23611111111111,1,1,0,1,0,1,0,0,0,1,0,1,1,1,0,1,0,0,0,1,0
0,1,75.5,0,0,0,37.75,1,0,0,1,0,0,0,0,0,1,1,1,1,0,0,1,0,1,0,0,0
0,12,19.7,0,0,0,19.873076923076926,1,1,1,1,0,0,1,0,0,0,0,0,0,0,1,0,0,0,1,0,0
0,72,20.5,2,0,0,20.578767123287673,0,1,0,1,0,0,1,0,0,0,0,0,0,0,1,0,1,0,0,0,1
0,1,19.2,5,0,0,9.6,1,0,0,1,0,0,1,0,0,0,0,0,0,0,0,0,0,0,1,0,0
1,72,98.35,5,0,0,94.92328767123287,1,1,0,1,1,1,0,0,1,0,0,1,1,0,1,0,0,0,0,0,1
0,60,74.35,0,1,0,73.00491803278689,1,1,1,1,1,1,0,0,0,0,0,0,0,0,0,0,0,0,0,0,1
0,61,51.35,0,5,0,52.329032258064515,0,1,1,0,0,0,0,0,1,1,1,1,0,0,1,0,1,0,0,0,1
0,6,45.65,0,0,0,46.207142857142856,0,1,0,1,0,0,0,0,0,0,0,0,0,0,0,0,0,0,1,0,0
1,32,85.3,0,0,1,80.63939393939394,1,1,0,1,1,1,0,0,0,0,0,0,1,0,0,0,0,1,0,1,0
0,31,86.55,0,0,1,84.29375,0,0,1,1,1,1,0,0,0,0,0,1,0,0,0,1,1,0,0,1,0
0,19,73.85,0,0,1,71.225,1,0,0,1,0,1,0,0,1,0,0,0,0,0,0,1,1,0,0,1,0
0,72,20.3,0,0,0,19.193835616438356,1,1,1,1,0,0,1,0,0,0,0,0,0,0,1,0,0,0,0,0,1
0,32,54.2,0,0,0,52.71515151515151,0,0,0,1,1,0,0,0,1,0,0,0,0,0,0,1,0,1,0,1,0
0,65,90.65,0,0,0,89.86363636363636,1,1,0,1,1,1,0,0,1,0,0,0,1,0,0,1,0,1,0,0,1
0,45,50.9,0,0,0,50.73586956521739,0,1,1,0,0,0,0,1,0,0,0,1,1,0,0,1,0,0,0,0,1
0,42,25.05,4,0,0,22.08953488372093,1,0,0,1,1,0,1,0,0,0,0,0,0,1,0,0,0,1,0,0,1
0,8,74.85,0,0,0,63.60555555555556,1,0,0,1,1,1,0,0,0,0,0,0,0,0,0,1,0,1,0,0,0
0,32,20.5,0,0,0,21.115151515151513,1,0,1,1,0,0,1,0,0,0,0,0,0,0,1,0,0,0,1,1,0
1,22,63.55,0,0,0,60.07826086956521,0,1,0,1,1,0,0,1,1,0,1,0,0,0,0,1,0,0,1,1,0
1,57,44.85,0,4,1,44.36120689655172,1,1,0,0,0,0,0,0,0,0,0,1,1,0,0,1,0,1,0,0,1
0,1,47.95,0,0,0,23.975,1,0,0,1,0,0,0,1,0,0,0,0,0,0,0,0,0,1,0,0,0
1,1,45.1,0,0,1,22.55,1,0,0,1,0,0,0,0,0,0,0,0,0,0,0,0,0,1,0,0,0
0,1,45.0,0,0,0,22.5,0,1,0,1,0,0,0,0,0,0,0,0,0,0,0,1,0,1,0,0,0
0,24,96.0,0,2,1,84.898,1,0,0,1,0,1,0,0,0,0,1,1,1,0,0,1,0,1,0,1,0
0,1,20.05,0,0,1,10.025,1,0,0,1,0,0,1,0,0,0,0,0,0,0,0,0,0,0,0,0,0
1,54,90.05,0,0,0,89.66909090909091,1,0,0,1,1,1,0,0,1,0,0,0,1,0,0,1,0,1,0,0,1
0,4,25.3,2,0,0,23.39,0,0,0,1,1,0,1,0,0,0,0,0,0,0,1,1,1,0,0,0,0
0,65,108.65,0,6,1,105.12045454545455,1,1,1,1,1,1,0,1,0,1,1,1,1,0,1,0,0,0,0,0,1
0,56,24.3,0,0,0,22.135087719298248,0,1,0,1,1,0,1,0,0,0,0,0,0,1,0,0,0,1,0,0,1
0,45,75.95,0,0,0,71.16956521739131,1,0,0,1,0,0,0,1,0,1,0,1,1,0,0,1,0,1,0,0,1
0,71,19.7,0,0,0,19.664583333333333,0,1,1,1,0,0,1,0,0,0,0,0,0,0,1,0,1,0,0,0,1
0,59,66.4,0,0,0,65.97,1,1,0,1,0,0,0,1,1,1,0,1,0,1,0,0,1,0,0,0,1
0,69,35.75,1,0,0,35.60357142857143,1,0,0,0,0,0,0,0,1,1,0,0,0,1,0,1,0,0,0,0,1
0,19,18.8,0,0,0,13.959999999999999,1,0,0,1,0,0,1,0,0,0,0,0,0,1,0,0,0,0,1,1,0
0,55,19.4,3,0,0,19.339285714285715,0,1,1,1,0,0,1,0,0,0,0,0,0,0,1,0,1,0,0,0,1
0,38,19.3,0,0,0,19.371794871794872,0,0,0,1,0,0,1,0,0,0,0,0,0,1,0,0,0,0,1,0,1
0,10,45.55,0,0,1,36.6,1,0,0,1,0,0,0,0,0,0,0,0,0,0,0,1,0,1,0,0,0
1,47,67.45,0,0,0,67.75,0,1,0,1,1,0,0,1,1,1,0,0,0,0,0,1,1,0,0,0,1
0,2,35.1,0,0,1,22.916666666666668,0,1,0,0,0,0,0,0,0,0,0,0,1,0,0,1,0,1,0,0,0
0,1,46.2,0,0,1,23.1,1,0,0,1,0,0,0,0,0,0,0,0,0,0,0,0,1,0,0,0,0
0,1,45.15,0,0,1,22.575,0,0,0,1,0,0,0,0,0,0,0,0,0,0,0,0,0,1,0,0,0
1,1,43.3,0,0,1,21.65,1,0,0,0,0,0,0,0,1,1,0,0,1,0,0,1,0,1,0,0,0
0,46,20.1,2,0,0,19.932978723404254,1,1,1,1,0,0,1,0,0,0,0,0,0,0,1,1,0,0,1,0,1
1,38,57.15,0,3,1,57.70897435897436,0,0,0,1,0,0,0,1,1,0,0,0,0,0,0,1,1,0,0,0,1
0,65,58.9,0,0,0,58.44090909090909,0,1,0,1,0,0,0,1,0,1,1,0,0,0,1,0,1,0,0,0,1
0,19,73.2,0,0,1,72.05499999999999,0,1,0,1,0,1,0,1,0,0,0,0,0,0,0,1,0,1,0,1,0
0,52,85.35,0,5,1,81.86037735849057,1,0,0,1,0,1,0,0,1,0,0,0,1,0,0,1,0,1,0,0,1
0,71,19.45,0,0,0,19.14513888888889,1,1,1,1,0,0,1,0,0,0,0,0,0,0,1,0,0,0,1,0,1
0,1,45.95,0,0,1,22.975,0,0,0,1,0,0,0,0,0,0,0,0,0,0,0,0,0,0,1,0,0
1,52,50.5,3,0,0,48.420754716981136,0,0,0,0,0,0,0,0,1,1,1,1,0,0,0,1,0,1,0,0,1
0,6,25.1,0,0,0,24.428571428571427,1,1,0,1,1,0,1,0,0,0,0,0,0,1,0,0,0,0,1,0,0
1,26,60.7,0,0,0,59.162962962962965,0,1,0,1,0,0,0,0,0,1,0,0,1,1,0,0,0,0,1,1,0
1,48,99.0,0,0,0,96.82346938775511,1,0,0,1,1,1,0,0,1,0,0,1,1,1,0,1,0,1,0,0,1
0,64,104.4,0,2,0,103.40923076923077,0,1,1,1,1,1,0,1,0,0,1,1,1,1,0,1,0,0,0,0,1
0,3,83.75,0,0,1,61.8125,0,0,0,1,0,1,0,0,1,0,0,1,0,0,0,0,0,1,0,0,0
0,1,44.05,0,0,0,22.025,1,0,0,1,0,0,0,0,0,0,0,0,0,0,0,1,0,0,0,0,0
0,72,24.1,1,6,0,23.76232876712329,1,1,1,1,1,0,1,0,0,0,0,0,0,0,1,0,1,0,0,0,1
0,1,45.55,0,0,0,22.775,1,0,0,1,0,0,0,0,0,0,0,0,0,0,0,1,0,0,1,0,0
0,51,93.8,0,0,0,87.29519230769232,0,1,1,1,1,1,0,1,1,0,0,0,1,0,0,1,0,1,0,0,1
0,41,19.7,0,0,0,19.148809523809526,0,1,1,1,0,0,1,0,0,0,0,0,0,0,1,0,0,0,0,0,1
0,72,70.65,0,0,0,68.6458904109589,0,1,1,1,0,0,0,1,1,1,0,1,0,0,1,1,1,0,0,0,1
0,43,86.45,0,0,0,81.23863636363636,0,1,0,1,1,0,0,1,1,0,1,1,1,0,1,0,1,0,0,0,1
0,72,114.1,0,0,0,110.77260273972603,1,1,0,1,1,1,0,1,1,1,1,1,1,0,1,1,1,0,0,0,1
0,47,95.2,0,4,0,95.0625,1,1,0,1,1,1,0,0,0,0,0,1,1,1,0,1,1,0,0,0,1
0,72,88.55,0,0,0,87.1554794520548,1,0,0,1,1,0,0,1,1,1,1,1,1,0,1,0,1,0,0,0,1
0,3,20.75,0,0,0,16.775,1,0,0,1,0,0,1,0,0,0,0,0,0,0,0,1,1,0,0,0,0
0,1,70.05,5,0,1,35.025,1,0,0,1,0,1,0,0,0,0,0,0,0,0,0,1,0,1,0,0,0
0,2,86.0,0,0,1,55.15,1,0,0,1,1,1,0,0,0,0,0,0,1,0,0,1,0,1,0,0,0
0,26,44.65,3,0,0,42.83518518518518,1,0,0,0,0,0,0,1,1,0,0,0,1,0,0,1,0,0,0,1,0
0,29,60.2,0,0,0,61.138333333333335,1,1,1,1,0,0,0,1,0,0,0,0,1,0,0,1,0,0,1,1,0
1,35,100.5,0,3,1,101.48194444444444,0,1,0,1,1,1,0,1,1,0,1,1,0,0,0,1,0,0,0,1,0
0,27,55.45,0,0,0,52.77321428571429,1,0,0,1,0,0,0,1,1,0,0,0,0,1,0,0,0,0,0,1,0
0,24,70.3,5,1,0,68.258,1,1,1,1,0,0,0,1,1,0,1,0,1,0,0,1,1,0,0,1,0
0,67,60.4,0,0,0,58.14264705882353,1,1,1,1,0,0,0,1,0,1,1,0,0,0,1,1,0,0,0,0,1
0,16,72.65,4,0,1,70.25294117647059,0,0,0,1,1,1,0,0,0,0,0,0,0,0,0,0,0,1,0,1,0
0,23,55.8,0,0,0,55.32708333333333,0,0,0,1,0,0,0,0,1,1,0,0,0,1,0,0,0,0,0,1,0
0,14,31.1,0,0,0,27.98,1,0,0,0,0,0,0,0,1,0,0,0,0,0,0,1,0,0,1,1,0
0,1,21.0,0,0,1,10.5,0,1,1,1,0,0,1,0,0,0,0,0,0,0,0,1,0,1,0,0,0
1,1,45.1,0,0,1,22.55,0,0,0,1,0,0,0,0,0,0,0,0,0,0,0,0,0,0,1,0,0
1,4,50.95,0,0,0,41.47,1,0,0,0,0,0,0,0,1,0,0,1,1,0,0,1,1,0,0,0,0
0,16,69.1,0,0,0,63.747058823529414,1,0,1,1,1,0,0,1,1,0,0,0,1,0,0,1,0,1,0,1,0
0,46,43.95,0,0,0,42.72021276595744,0,1,0,0,0,0,0,0,0,0,0,1,1,0,0,1,0,1,0,0,1
0,68,86.5,0,0,0,85.2572463768116,1,0,1,1,1,0,0,1,1,0,1,1,1,0,1,1,0,0,0,0,1
0,38,69.95,0,2,0,68.1423076923077,1,0,0,1,1,0,0,1,1,1,1,0,0,0,0,0,0,1,0,0,1
1,30,50.4,0,0,1,49.274193548387096,1,1,0,1,0,0,0,0,1,0,0,0,0,0,0,1,0,0,0,1,0
1,5,78.95,0,0,1,63.06666666666666,0,0,0,1,0,1,0,0,0,0,0,0,1,0,0,0,0,1,0,0,0
0,17,90.95,0,0,0,89.56666666666666,1,0,0,1,0,1,0,0,1,1,0,0,1,0,0,1,1,0,0,1,0
0,4,19.9,0,0,0,15.330000000000002,1,1,1,1,0,0,1,0,0,0,0,0,0,0,1,0,0,0,1,0,0
0,12,20.15,0,0,0,20.053846153846152,0,0,0,1,0,0,1,0,0,0,0,0,0,1,0,0,0,1,0,0,0
0,72,90.6,0,0,0,88.24452054794521,1,1,1,1,1,0,0,1,1,1,1,1,1,0,1,1,1,0,0,0,1
0,3,92.0,0,0,0,66.7,1,0,0,1,0,1,0,0,0,0,0,1,1,0,0,1,0,1,0,0,0
0,56,94.45,0,5,1,89.90526315789474,1,0,0,1,1,1,0,0,1,0,1,0,1,0,0,1,0,1,0,0,1
0,41,24.85,0,0,0,22.910714285714285,0,0,0,1,1,0,1,0,0,0,0,0,0,1,0,1,0,0,1,0,1
0,40,36.0,0,0,0,33.72926829268293,1,0,0,0,0,0,0,0,1,0,1,0,0,1,0,0,1,0,0,0,1
0,7,78.5,0,0,0,71.38125,0,0,0,1,0,0,0,1,1,0,1,1,1,0,0,1,0,1,0,0,0
0,69,19.95,0,0,0,19.990714285714283,1,0,0,1,0,0,1,0,0,0,0,0,0,0,1,0,1,0,0,0,1
0,7,20.65,0,0,0,18.75,1,1,1,1,0,0,1,0,0,0,0,0,0,1,0,0,0,0,1,0,0
0,5,30.5,0,0,0,27.866666666666664,0,1,1,0,0,0,0,0,1,0,0,0,0,0,0,1,0,1,0,0,0
0,72,106.1,4,0,0,104.8958904109589,0,1,1,1,1,1,0,1,1,1,1,1,0,0,1,0,1,0,0,0,1
0,44,20.5,0,0,0,19.223333333333333,1,1,1,1,0,0,1,0,0,0,0,0,0,1,0,1,0,0,0,0,1
0,65,95.5,1,0,0,93.24015151515152,0,0,0,1,1,1,0,0,1,1,0,1,0,1,0,1,0,1,0,0,1
0,3,64.6,0,0,0,43.55,0,0,0,1,1,0,0,0,0,0,1,1,0,0,0,0,0,1,0,0,0
0,24,51.1,0,0,0,50.784,1,0,0,1,0,0,0,0,0,0,1,0,0,0,0,1,1,0,0,1,0
0,44,84.8,2,4,1,85.83444444444444,0,0,0,1,1,1,0,0,1,1,0,0,0,0,0,1,0,0,0,0,1
1,72,89.1,0,0,0,87.01917808219177,0,1,0,1,1,0,0,1,1,1,1,1,1,0,1,0,1,0,0,0,1
0,24,54.95,0,0,0,53.94,1,0,0,1,0,0,0,1,0,0,1,0,0,0,0,0,0,1,0,1,0
0,1,50.9,0,0,1,25.45,1,0,0,1,0,0,0,0,0,1,0,0,0,0,0,0,0,0,1,0,0
0,22,20.45,0,0,0,20.502173913043478,1,1,0,1,0,0,1,0,0,0,0,0,0,0,0,1,0,0,0,1,0
0,70,85.95,0,0,0,83.54577464788733,1,1,1,1,1,0,0,0,1,1,1,1,1,0,1,1,1,0,0,0,1
0,25,60.35,3,0,0,54.025000000000006,1,1,1,1,1,0,0,0,0,0,0,1,0,0,0,0,0,1,0,1,0
0,37,19.8,0,2,0,19.107894736842105,1,1,1,1,0,0,1,0,0,0,0,0,0,0,1,0,0,0,0,0,1
1,22,85.35,0,0,0,85.28695652173913,0,1,1,1,1,1,0,0,0,0,0,1,0,0,0,0,0,0,0,1,0
0,59,72.1,0,0,0,69.91416666666667,0,1,1,1,1,0,0,0,0,1,1,1,0,0,1,1,0,0,0,0,1
0,49,99.8,0,2,1,97.449,1,1,1,1,1,1,0,0,0,1,0,1,1,0,0,1,0,1,0,0,1
0,47,107.35,0,5,1,106.64479166666666,1,1,1,1,1,1,0,0,0,1,1,1,1,0,0,1,0,0,0,0,1
0,31,19.55,0,0,1,20.5921875,0,1,1,1,0,0,1,0,0,0,0,0,0,0,0,1,0,0,1,1,0
0,1,81.05,0,0,0,40.525,1,1,1,1,0,1,0,0,0,0,0,0,1,0,0,1,0,1,0,0,0
0,3,20.5,0,0,0,19.2375,1,0,0,1,0,0,1,0,0,0,0,0,0,0,0,1,0,1,0,0,0
0,53,111.8,0,0,0,107.58796296296296,0,1,0,1,1,1,0,0,1,1,1,1,1,1,0,1,0,0,0,0,1
0,20,19.7,0,0,0,19.804761904761904,1,0,0,1,0,0,1,0,0,0,0,0,0,1,0,1,0,0,1,1,0
0,3,79.1,0,0,1,61.625,0,0,0,1,0,1,0,1,1,0,0,0,0,0,0,1,0,1,0,0,0
0,51,19.85,0,0,0,19.172115384615385,0,0,0,1,0,0,1,0,0,0,0,0,0,1,0,1,0,0,0,0,1
0,51,60.5,0,0,0,60.48365384615385,0,1,0,1,0,0,0,1,1,0,1,0,0,1,0,1,0,0,0,0,1
0,13,19.55,0,0,0,18.95,0,1,1,1,0,0,1,0,0,0,0,0,0,0,1,0,0,0,1,1,0
0,1,20.9,1,0,0,10.45,0,0,0,1,0,0,1,0,0,0,0,0,0,0,0,0,0,0,1,0,0
0,1,21.05,0,0,0,10.525,1,0,1,1,0,0,1,0,0,0,0,0,0,0,0,1,0,0,1,0,0
0,63,71.5,0,0,0,71.5046875,1,0,0,1,1,0,0,1,1,1,1,0,0,1,0,0,0,1,0,0,1
0,3,54.65,0,0,0,47.275,1,0,0,1,0,0,0,0,0,0,0,0,1,0,0,0,0,0,1,0,0
0,46,19.2,0,0,0,19.322340425531916,1,0,0,1,0,0,1,0,0,0,0,0,0,0,1,0,1,0,0,0,1
0,1,49.8,0,0,0,24.9,1,0,0,1,1,0,0,0,0,0,0,0,0,0,0,1,1,0,0,0,0
0,8,25.5,0,0,1,23.91111111111111,1,0,1,0,0,0,0,0,0,0,0,0,0,0,0,0,0,0,1,0,0
0,71,20.5,0,4,0,20.84652777777778,0,1,1,1,0,0,1,0,0,0,0,0,0,0,1,0,0,0,0,0,1
0,55,90.4,0,0,0,91.05624999999999,1,1,1,1,1,1,0,0,0,1,0,1,0,0,0,1,1,0,0,0,1
0,70,90.25,0,0,0,89.94295774647887,0,0,0,1,1,1,0,0,1,1,1,0,0,1,0,1,0,0,0,0,1
0,2,80.75,2,0,1,53.15,0,0,0,1,0,1,0,0,0,0,0,0,1,0,0,0,0,1,0,0,0
0,67,104.6,0,0,0,101.26102941176471,1,1,1,1,1,1,0,1,0,0,1,1,1,0,1,0,0,0,0,0,1
0,65,91.85,0,8,1,90.01287878787879,1,1,0,1,1,1,0,0,1,0,0,1,0,0,0,1,0,0,0,0,1
0,14,50.2,0,0,0,44.59,1,1,0,1,0,0,0,0,0,1,0,0,0,0,0,0,1,0,0,1,0
0,20,95.5,0,0,0,91.24761904761905,0,1,1,1,1,1,0,0,0,1,1,0,1,0,0,1,0,0,0,1,0
0,1,75.35,0,0,1,37.675,1,0,1,1,0,1,0,0,1,0,0,0,0,0,0,1,0,1,0,0,0
0,1,75.45,0,0,1,37.725,1,0,0,1,1,1,0,0,0,0,0,0,0,0,0,1,0,1,0,0,0
0,49,95.4,4,0,0,92.279,0,1,1,1,1,1,0,0,0,0,0,1,1,0,0,1,0,0,0,0,1
0,72,101.3,0,0,0,99.46917808219177,0,0,0,1,1,1,0,1,1,1,0,1,0,0,1,1,0,0,0,0,1
0,46,53.1,0,0,0,52.336170212765964,0,1,0,1,1,0,0,1,0,0,0,0,0,0,0,0,0,1,0,0,1
0,24,84.85,0,0,0,81.95200000000001,1,0,0,1,1,1,0,0,1,1,0,0,0,0,0,1,0,0,0,1,0
0,5,34.25,0,0,0,27.258333333333336,0,1,1,0,0,0,0,0,1,0,1,0,0,0,0,0,0,1,0,0,0
0,33,88.6,0,0,0,84.96176470588235,0,1,1,1,1,1,0,0,1,1,1,0,0,0,0,0,1,0,0,1,0
0,42,60.15,0,0,0,56.31627906976744,0,0,0,1,1,0,0,1,1,0,0,0,0,1,0,1,0,0,0,0,1
0,23,99.95,0,0,0,95.53125,1,0,0,1,0,1,0,1,0,1,0,1,1,1,0,1,1,0,0,1,0
0,8,70.7,0,0,0,61.48888888888889,1,0,0,1,0,1,0,0,0,0,0,0,0,0,0,0,0,0,0,0,0
0,66,54.8,5,4,0,51.72686567164179,1,0,0,1,0,0,0,1,1,0,0,0,0,1,0,1,0,0,1,0,1
0,24,49.55,0,0,1,48.416000000000004,1,0,0,1,0,0,0,1,0,0,0,0,0,0,0,1,0,0,0,1,0
1,24,54.8,0,0,0,51.652,1,0,0,1,1,0,0,0,1,0,0,0,0,0,0,0,1,0,0,1,0
0,69,78.6,0,5,1,76.52071428571428,1,0,0,1,1,0,0,1,1,1,1,0,1,1,0,1,1,0,0,0,1
0,53,100.3,4,0,0,96.31111111111112,0,0,0,1,0,1,0,0,1,1,0,1,1,1,0,1,0,0,1,0,1
0,60,53.6,5,2,0,53.06639344262295,0,0,0,0,0,0,0,1,0,1,0,1,1,0,1,0,0,1,0,0,1
0,7,81.1,0,0,1,72.08125,0,1,0,1,0,1,0,0,0,0,0,1,0,0,0,1,0,1,0,0,0
0,20,19.35,0,0,0,20.654761904761905,0,0,0,1,0,0,1,0,0,0,0,0,0,1,0,1,1,0,0,1,0
0,23,85.6,0,0,0,77.85000000000001,0,1,1,1,1,1,0,0,0,0,0,0,1,0,0,0,0,1,0,1,0
0,72,80.8,4,0,0,78.47328767123288,1,1,1,1,0,0,0,1,0,1,1,1,1,0,1,1,0,1,0,0,1
0,11,74.95,0,0,1,68.80833333333334,1,1,0,1,1,1,0,0,0,0,0,0,0,0,0,1,0,1,0,0,0
0,21,19.6,0,1,0,17.745454545454546,1,0,0,1,0,0,1,0,0,0,0,0,0,0,1,0,0,0,1,1,0
1,1,93.55,0,1,1,46.775,1,0,0,1,1,1,0,0,0,0,0,1,1,0,0,1,0,1,0,0,0
1,31,90.7,0,0,0,88.9109375,1,0,0,1,1,1,0,0,1,0,0,1,0,0,0,1,0,1,0,1,0
0,57,69.75,0,0,0,67.1448275862069,0,0,0,1,0,0,0,0,1,1,1,1,0,0,1,0,0,0,1,0,1
0,45,20.0,0,0,0,19.269565217391303,0,1,1,1,0,0,1,0,0,0,0,0,0,0,1,1,0,0,0,0,1
0,10,95.25,0,0,0,92.86818181818181,1,0,0,1,1,1,0,0,1,1,0,0,1,0,0,1,0,1,0,0,0
0,58,102.1,3,6,1,99.75254237288135,0,1,0,1,1,1,0,0,0,1,1,1,1,0,0,1,1,0,0,0,1
0,14,19.95,0,0,0,17.89333333333333,1,0,1,1,0,0,1,0,0,0,0,0,0,0,0,0,0,0,1,1,0
0,27,80.85,0,0,0,78.72678571428571,1,1,0,1,1,0,0,1,0,0,1,1,1,1,0,0,0,0,1,1,0
0,14,90.9,0,1,1,83.93333333333334,0,1,1,1,1,1,0,0,1,0,0,0,1,0,0,1,0,0,0,1,0
0,12,29.2,0,0,1,23.77692307692308,0,1,1,0,0,0,0,0,1,0,0,0,0,0,0,0,0,0,1,0,0
0,69,93.3,0,0,0,91.40071428571429,0,1,1,1,1,1,0,0,1,0,1,0,1,0,1,1,0,0,0,0,1
0,25,89.15,0,0,1,86.83653846153847,0,1,1,1,0,1,0,0,1,1,0,1,0,0,0,1,0,0,0,1,0
1,58,108.85,0,6,1,106.5635593220339,1,1,0,1,1,1,0,1,1,1,0,1,1,1,0,1,0,1,0,0,1
0,35,46.35,0,0,0,46.168055555555554,0,1,1,0,0,0,0,1,0,0,1,1,0,0,1,1,1,0,0,1,0
1,16,84.75,0,0,1,79.42058823529412,0,0,0,1,1,1,0,0,0,0,0,1,0,0,0,1,0,1,0,1,0
0,45,78.75,0,0,0,78.275,1,1,1,1,1,0,0,0,1,1,0,1,1,1,0,0,1,0,0,0,1
0,17,83.55,0,0,0,73.84166666666667,0,0,0,1,0,1,0,0,1,0,0,1,0,0,0,1,0,1,0,1,0
0,1,45.7,0,0,1,22.85,0,1,1,1,0,0,0,0,0,0,0,0,0,0,0,1,0,1,0,0,0
0,22,19.6,0,0,0,18.369565217391305,1,0,0,1,0,0,1,0,0,0,0,0,0,1,0,0,0,0,1,1,0
1,1,69.95,0,0,1,34.975,0,0,0,1,0,1,0,0,0,0,0,0,0,0,0,1,0,1,0,0,0
0,67,67.85,0,0,0,68.05367647058823,1,1,1,1,0,0,0,1,0,1,1,0,1,0,1,0,0,0,1,0,1
0,67,105.65,0,0,0,98.79264705882352,0,1,1,1,1,1,0,0,0,1,1,1,1,0,1,1,0,0,0,0,1
0,2,44.6,0,0,1,32.36666666666667,0,1,0,0,0,0,0,0,0,0,0,1,1,0,0,0,0,1,0,0,0
0,23,74.95,0,0,1,71.26875,1,0,0,1,1,1,0,0,0,0,0,0,0,0,0,1,0,1,0,1,0
1,9,75.5,0,0,0,63.739999999999995,0,0,0,1,0,1,0,0,0,1,0,0,0,0,0,0,1,0,0,0,0
0,5,20.15,1,0,0,19.658333333333335,0,0,0,1,0,0,1,0,0,0,0,0,0,0,0,0,0,0,1,0,0
0,54,45.2,1,0,0,44.73727272727273,1,0,0,0,0,0,0,1,0,0,1,1,0,0,1,0,1,0,0,0,1
0,57,95.25,0,5,1,94.21810344827585,0,0,0,1,0,1,0,0,0,1,0,1,1,0,1,1,0,1,0,0,1
0,24,89.85,0,3,1,86.602,1,0,0,1,1,1,0,0,0,1,0,1,0,0,0,1,0,0,1,1,0
0,49,100.45,5,4,1,98.836,0,1,1,1,1,1,0,0,1,0,0,1,1,1,0,0,0,0,1,0,1
0,5,47.15,0,0,1,37.19166666666667,1,0,0,1,1,0,0,0,0,0,0,0,0,0,0,0,0,1,0,0,0
0,2,80.2,0,0,1,60.36666666666667,1,0,0,1,0,1,0,0,0,0,0,0,1,0,0,1,0,1,0,0,0
0,4,87.1,0,0,1,68.28999999999999,0,0,1,1,1,1,0,0,0,1,1,0,0,0,0,1,0,0,1,0,0
0,70,79.25,0,0,0,80.73028169014086,1,1,1,1,1,0,0,1,1,1,1,1,0,0,1,1,0,0,0,0,1
0,5,75.9,0,0,1,59.625,1,0,0,1,1,1,0,0,0,0,0,0,0,0,0,1,0,0,0,0,0
0,53,85.7,0,0,0,85.48333333333333,1,1,1,1,1,0,0,1,0,1,1,1,1,0,0,0,0,1,0,0,1
0,47,98.75,0,6,1,94.45208333333333,0,1,0,1,1,1,0,1,1,1,0,1,0,0,0,1,0,1,0,0,1
0,31,20.1,0,0,0,18.4140625,0,0,1,1,0,0,1,0,0,0,0,0,0,1,0,0,1,0,0,1,0
0,13,61.8,0,0,0,53.57857142857143,1,1,1,1,0,0,0,0,1,1,1,0,0,0,0,0,0,0,0,1,0
0,28,49.9,5,0,0,48.62931034482759,0,1,1,1,1,0,0,0,0,0,0,0,0,0,0,0,0,0,1,1,0
0,10,86.45,0,0,1,75.53181818181818,0,0,0,1,1,1,0,0,0,0,0,0,1,0,0,0,0,1,0,0,0
0,38,20.4,0,0,0,19.064102564102566,1,1,0,1,0,0,1,0,0,0,0,0,0,0,1,0,0,0,0,0,1
0,1,45.3,0,0,1,22.65,0,0,0,1,0,0,0,0,0,0,0,0,0,0,0,1,0,0,1,0,0
0,67,104.1,0,6,1,103.54191176470589,1,1,0,1,1,1,0,0,1,1,0,1,1,1,0,0,0,1,0,0,1
0,52,75.4,0,0,0,72.93301886792453,1,1,0,1,0,0,0,1,1,0,0,1,1,1,0,1,0,0,1,0,1
0,62,108.15,5,0,0,108.34365079365078,1,1,1,1,0,1,0,1,1,1,1,1,1,0,1,0,0,0,1,0,1
0,16,86.25,0,0,0,78.82941176470588,0,0,0,1,0,1,0,0,1,0,0,0,1,0,0,1,0,1,0,1,0
1,5,81.0,4,0,1,61.94166666666666,0,1,0,1,1,1,0,0,1,0,0,0,0,0,0,1,0,1,0,0,0
0,12,95.7,2,0,0,91.07692307692308,1,0,0,1,0,1,0,0,0,1,0,1,1,1,0,0,0,1,0,0,0
0,72,116.85,0,0,0,116.13287671232878,0,1,1,1,1,1,0,1,1,1,1,1,1,0,1,1,0,0,0,0,1
1,71,105.75,0,0,0,102.53958333333334,1,0,0,1,1,1,0,0,1,0,1,1,1,1,0,0,0,0,0,0,1
0,24,20.15,0,0,0,18.274,0,1,0,1,0,0,1,0,0,0,0,0,0,1,0,0,0,0,1,1,0
0,15,19.6,0,0,0,20.725,0,0,0,1,0,0,1,0,0,0,0,0,0,0,1,0,0,0,1,1,0
0,67,90.6,0,7,1,89.06102941176471,1,1,0,1,0,1,0,1,1,0,0,0,1,1,0,1,1,0,0,0,1
0,2,60.95,0,0,0,44.86666666666667,1,0,1,1,1,0,0,1,1,0,0,0,0,0,0,0,0,0,0,0,0
0,5,25.05,0,0,0,20.916666666666668,0,1,1,0,0,0,0,0,0,0,0,0,0,0,0,0,0,0,1,0,0
0,15,88.15,0,1,1,86.9125,0,1,0,1,0,1,0,0,0,0,0,1,1,0,0,0,0,1,0,1,0
0,1,20.2,0,0,1,10.1,1,0,0,1,0,0,1,0,0,0,0,0,0,0,0,1,0,0,1,0,0
0,41,60.3,0,0,0,59.792857142857144,1,1,1,1,0,0,0,1,1,1,0,0,0,1,0,1,0,0,0,0,1
0,43,63.95,0,0,0,62.20568181818182,0,0,1,1,0,0,0,1,1,0,0,0,1,0,0,1,0,1,0,0,1
1,1,74.3,5,0,0,37.15,1,1,0,1,1,1,0,0,0,0,0,0,0,0,0,0,0,1,0,0,0
1,1,70.6,0,0,0,35.3,0,0,0,1,0,1,0,0,0,0,0,0,0,0,0,1,0,0,1,0,0
0,26,90.8,0,2,1,87.47407407407408,0,1,1,1,0,1,0,0,0,0,0,1,1,0,0,1,0,1,0,1,0
0,22,79.35,0,1,1,75.23260869565217,1,0,0,1,1,1,0,0,1,0,0,0,0,0,0,1,0,1,0,1,0
0,71,90.55,0,0,0,88.94444444444444,1,1,0,1,1,0,0,1,1,1,1,1,1,0,1,0,0,0,0,0,1
0,7,19.45,1,0,0,20.66875,1,0,0,1,0,0,1,0,0,0,0,0,0,0,1,0,0,0,1,0,0
1,28,64.45,0,0,0,64.39999999999999,0,0,0,1,1,0,0,0,1,1,1,0,0,0,0,0,0,0,0,1,0
1,16,69.65,3,0,0,61.370588235294115,1,0,0,1,0,1,0,0,0,0,0,0,0,0,0,0,0,1,0,1,0
0,7,19.5,0,0,0,16.075,1,0,0,1,0,0,1,0,0,0,0,0,0,1,0,0,0,0,1,0,0
0,69,110.5,0,4,0,106.50642857142857,0,0,0,1,1,1,0,0,1,1,1,1,1,0,1,1,0,0,0,0,1
0,1,24.7,0,0,0,12.35,0,0,1,0,0,0,0,0,0,0,0,0,0,0,0,0,0,0,1,0,0
0,3,77.4,0,0,0,51.5375,1,0,0,1,0,0,0,1,0,1,0,1,1,0,0,1,0,1,0,0,0
1,21,96.8,0,2,1,92.28636363636363,1,0,0,1,0,1,0,0,0,1,0,1,1,0,0,1,0,0,0,1,0
0,69,85.4,0,0,0,83.84857142857142,0,1,0,1,1,1,0,0,1,1,0,0,0,0,0,1,0,0,0,0,1
0,71,47.6,2,0,0,46.91388888888889,0,1,0,0,0,0,0,1,1,1,1,0,0,0,1,1,0,0,0,0,1
0,69,19.4,0,0,0,19.231428571428573,0,1,1,1,0,0,1,0,0,0,0,0,0,0,1,0,0,0,1,0,1
0,48,103.85,0,4,0,100.93979591836735,0,0,0,1,1,1,0,0,0,1,1,1,1,0,0,1,0,1,0,0,1
0,47,83.35,0,4,1,84.6875,1,1,0,1,1,1,0,0,1,1,0,0,0,0,0,1,0,0,0,0,1
0,2,49.4,0,0,1,35.516666666666666,0,0,0,1,1,0,0,0,0,0,0,0,0,0,0,1,0,1,0,0,0
0,45,108.45,0,0,0,107.92826086956521,1,0,0,1,1,1,0,1,0,1,1,1,1,0,0,1,1,0,0,0,1
0,51,81.0,0,0,0,78.57211538461539,1,0,0,1,1,1,0,0,1,0,0,0,0,0,0,0,0,0,0,0,1
0,22,79.2,1,3,1,75.77173913043478,0,1,0,1,1,0,0,1,0,0,1,1,1,0,0,1,0,1,0,1,0
0,72,86.65,0,0,0,85.27123287671233,1,0,0,1,1,0,0,1,1,1,1,1,1,0,1,0,0,0,0,0,1
0,37,92.95,0,2,0,89.875,1,1,1,1,1,1,0,0,1,1,0,1,0,0,0,1,0,1,0,0,1
0,71,90.35,0,0,0,87.85069444444444,1,1,1,1,1,0,0,1,1,1,1,1,1,0,1,0,0,1,0,0,1
0,7,48.7,0,0,1,42.53125,1,1,1,1,0,0,0,0,0,1,0,0,0,0,0,0,0,1,0,0,0
0,66,25.15,0,0,0,25.128358208955223,0,0,0,1,1,0,1,0,0,0,0,0,0,0,1,1,1,0,0,0,1
0,51,76.4,0,0,0,76.275,1,1,1,1,0,0,0,1,0,0,1,1,1,1,0,1,0,0,0,0,1
0,30,19.55,0,0,0,19.629032258064516,0,1,1,1,0,0,1,0,0,0,0,0,0,1,0,0,0,0,0,1,0
0,34,85.35,0,0,0,82.75999999999999,0,0,0,1,1,1,0,0,0,0,0,1,0,0,0,0,0,1,0,1,0
0,64,24.8,0,0,0,23.305384615384614,1,1,1,1,1,0,1,0,0,0,0,0,0,0,1,1,0,0,1,0,1
1,65,103.15,2,0,0,102.91590909090908,1,1,0,1,1,1,0,0,1,1,0,1,1,1,0,1,0,0,0,0,1
0,47,100.75,0,0,0,97.27499999999999,1,0,0,1,1,1,0,1,1,0,1,1,0,0,0,0,0,0,1,0,1
0,1,95.6,4,0,1,47.8,0,0,0,1,0,1,0,1,0,0,0,1,1,0,0,1,0,1,0,0,0
0,49,59.75,0,5,1,58.68600000000001,0,0,0,1,1,0,0,1,1,0,0,0,0,0,0,1,1,0,0,0,1
0,67,94.1,0,0,0,92.68823529411765,0,1,1,1,1,1,0,0,1,0,1,1,0,0,1,0,1,0,0,0,1
0,39,19.35,0,0,0,19.48,1,0,1,1,0,0,1,0,0,0,0,0,0,1,0,0,0,0,0,0,1
0,14,19.9,0,0,0,18.916666666666668,1,0,0,1,0,0,1,0,0,0,0,0,0,0,0,0,0,0,1,1,0
1,43,108.15,0,4,1,104.56136363636364,0,0,0,1,0,1,0,1,1,0,1,1,1,0,0,1,1,0,0,0,1
1,56,101.05,0,0,0,98.14035087719299,1,0,0,1,1,1,0,0,0,1,0,1,1,0,0,1,0,1,0,0,1
0,14,59.1,0,0,0,51.52333333333333,0,0,0,1,0,0,0,0,0,0,1,0,1,1,0,0,1,0,0,1,0
0,1,71.35,1,0,1,35.675,0,0,0,1,0,1,0,0,0,0,0,0,0,0,0,0,0,1,0,0,0
0,16,55.85,0,0,0,50.45882352941176,1,1,1,1,0,0,0,1,1,0,0,0,0,1,0,1,0,0,1,1,0
0,70,106.05,4,0,0,106.39507042253521,1,1,1,1,1,1,0,1,1,0,0,1,1,0,0,1,0,1,0,0,1
1,72,84.1,4,0,0,81.94041095890411,1,1,0,1,1,0,0,1,1,1,0,1,1,0,1,1,1,0,0,0,1
0,23,75.3,1,0,0,70.95416666666667,0,1,1,1,0,1,0,0,0,1,0,0,0,0,0,1,1,0,0,1,0
0,21,24.7,0,0,0,21.23409090909091,1,0,1,1,1,0,1,0,0,0,0,0,0,0,0,0,0,0,1,1,0
0,1,20.15,0,0,1,10.075,0,0,0,1,0,0,1,0,0,0,0,0,0,0,0,1,0,0,1,0,0
0,1,69.75,0,0,1,34.875,1,0,1,1,0,1,0,0,0,0,0,0,0,0,0,0,0,0,0,0,0
1,32,93.2,0,3,1,88.81818181818181,0,1,0,1,1,1,0,0,0,0,0,1,1,0,0,1,0,1,0,1,0
0,17,80.85,0,0,1,77.82499999999999,1,1,1,1,0,1,0,0,0,0,0,1,0,0,0,0,0,1,0,1,0
0,4,33.65,0,1,1,27.57,0,0,0,0,0,0,0,1,1,0,0,0,0,0,0,1,0,1,0,0,0
0,36,55.8,3,0,0,52.472972972972975,0,0,0,1,1,0,0,0,0,1,0,0,0,1,0,0,0,1,0,1,0
0,50,39.7,0,0,0,37.89705882352941,0,0,0,0,0,0,0,0,1,1,1,0,0,0,1,0,1,0,0,0,1
0,48,29.5,0,0,0,29.041836734693877,0,1,1,0,0,0,0,0,0,0,1,0,0,0,0,1,1,0,0,0,1
0,50,20.15,0,3,0,19.03627450980392,0,0,1,1,0,0,1,0,0,0,0,0,0,0,1,0,1,0,0,0,1
0,72,79.55,3,0,0,79.60136986301369,1,1,0,1,1,0,0,1,1,1,1,0,1,0,1,0,1,0,0,0,1
0,10,24.8,0,0,0,20.354545454545455,1,0,1,1,1,0,1,0,0,0,0,0,0,0,0,0,1,0,0,0,0
0,18,19.65,2,1,0,20.61578947368421,0,0,0,1,0,0,1,0,0,0,0,0,0,0,0,0,0,0,1,1,0
0,1,79.95,3,0,1,39.975,1,0,0,1,0,1,0,0,0,0,0,1,0,0,0,1,0,1,0,0,0
0,1,19.3,0,0,1,9.65,0,0,0,1,0,0,1,0,0,0,0,0,0,0,0,0,0,1,0,0,0
0,9,94.05,0,0,0,81.16499999999999,1,0,0,1,0,1,0,0,0,1,0,1,1,0,0,1,0,1,0,0,0
0,2,90.75,0,0,0,58.25,1,0,0,1,1,1,0,1,0,0,0,0,1,0,0,0,0,0,1,0,0
0,40,78.85,0,0,0,76.26463414634146,0,1,0,1,1,1,0,0,0,0,1,0,0,0,0,1,1,0,0,0,1
0,69,99.5,0,0,0,97.735,1,1,0,1,1,1,0,0,0,1,0,1,1,1,0,0,0,0,0,0,1
0,37,99.2,0,4,1,98.80526315789473,0,1,0,1,1,1,0,1,0,1,1,0,1,1,0,1,0,1,0,0,1
0,18,80.55,3,0,0,74.03421052631579,1,0,1,1,1,1,0,0,0,1,0,0,0,0,0,1,1,0,0,1,0
1,11,70.2,0,0,0,69.55833333333334,1,1,0,1,0,1,0,0,0,0,0,0,0,0,0,1,0,1,0,0,0
0,8,85.2,0,0,1,69.71111111111111,0,1,0,1,1,1,0,0,0,0,0,0,1,0,0,1,1,0,0,0,0
0,3,75.25,0,0,1,60.5,0,0,0,1,1,1,0,0,0,0,0,0,0,0,0,0,0,1,0,0,0
0,55,59.45,0,0,0,56.375,1,1,1,1,0,0,0,1,0,0,0,0,1,1,0,0,1,0,0,0,1
0,33,93.35,0,0,0,90.94117647058823,1,1,0,1,1,1,0,0,1,1,0,0,1,0,0,1,0,1,0,1,0
0,46,44.95,0,0,0,46.1468085106383,0,0,0,1,0,0,0,0,0,0,0,0,0,0,0,0,0,0,0,0,1
0,34,26.1,0,0,0,28.01,1,0,0,1,1,0,1,0,0,0,0,0,0,0,1,0,0,0,0,1,0
0,3,20.2,0,0,0,16.4875,0,0,0,1,0,0,1,0,0,0,0,0,0,0,0,0,0,1,0,0,0
0,30,21.25,0,0,0,22.96451612903226,1,1,1,1,0,0,1,0,0,0,0,0,0,0,1,0,0,0,1,1,0
0,33,59.4,0,0,0,57.43529411764706,0,0,0,1,1,0,0,1,0,0,1,0,0,1,0,0,0,1,0,1,0
0,45,95.0,0,0,0,94.97500000000001,1,1,1,1,1,1,0,0,1,1,0,0,1,1,0,1,1,0,0,0,1
0,40,61.9,0,0,0,64.56341463414634,1,0,0,1,0,0,0,1,1,0,1,0,0,0,0,1,0,0,1,0,1
0,71,118.65,3,0,0,117.74444444444445,0,0,0,1,1,1,0,1,1,1,1,1,1,0,1,1,0,1,0,0,1
0,1,54.35,0,0,1,27.175,1,0,0,1,1,0,0,0,0,1,0,0,0,0,0,0,0,1,0,0,0
0,72,64.45,0,0,0,62.02739726027397,0,1,1,0,0,0,0,1,1,1,1,1,1,0,1,0,0,0,0,0,1
0,22,80.15,0,0,0,77.85434782608696,0,1,1,1,0,1,0,0,0,0,0,0,1,0,0,1,0,1,0,1,0
0,46,20.2,0,0,0,17.99148936170213,1,1,1,1,0,0,1,0,0,0,0,0,0,1,0,1,0,0,0,0,1
0,55,21.0,0,5,0,21.6125,0,1,1,1,0,0,1,0,0,0,0,0,0,0,1,0,0,0,1,0,1
0,1,20.45,0,0,0,10.225,1,0,0,1,0,0,1,0,0,0,0,0,0,0,0,0,0,0,1,0,0
0,12,75.85,5,0,0,65.72692307692309,0,0,0,1,1,0,0,0,0,0,1,1,1,1,0,1,0,0,1,0,0
0,31,80.45,0,0,0,75.909375,1,0,0,1,1,1,0,0,1,0,0,0,0,0,0,1,0,1,0,1,0
0,5,24.95,0,0,1,16.733333333333334,1,1,0,0,0,0,0,0,0,0,0,0,0,0,0,1,0,1,0,0,0
0,67,75.5,0,0,0,76.90367647058824,0,1,1,1,1,0,0,1,0,0,0,1,1,0,1,1,0,1,0,0,1
0,1,44.45,0,0,0,22.225,1,0,0,1,0,0,0,0,0,0,0,0,0,0,0,0,0,0,1,0,0
0,40,42.35,0,5,1,41.864634146341466,1,1,0,0,0,0,0,1,1,1,0,0,0,1,0,1,0,1,0,0,1
0,41,74.55,0,0,0,71.98928571428571,1,1,1,1,1,0,0,1,1,1,0,1,0,0,0,1,1,0,0,0,1
0,1,75.3,0,0,1,37.65,1,0,0,1,1,1,0,0,0,0,0,0,0,0,0,1,0,1,0,0,0
0,51,94.8,0,4,1,93.03076923076924,1,0,0,1,1,1,0,1,1,0,0,1,0,1,0,1,0,1,0,0,1
0,42,48.15,0,0,0,47.26279069767442,1,1,1,0,0,0,0,1,0,1,1,1,0,0,1,0,1,0,0,0,1
0,23,19.65,0,0,0,18.204166666666666,1,1,1,1,0,0,1,0,0,0,0,0,0,1,0,0,0,0,1,1,0
1,1,70.55,0,0,1,35.275,0,0,0,1,0,1,0,0,0,0,0,0,0,0,0,1,0,1,0,0,0
0,1,20.15,1,0,0,10.075,0,0,0,1,0,0,1,0,0,0,0,0,0,0,0,0,0,0,1,0,0
0,56,106.6,0,0,0,103.40263157894736,0,0,0,1,1,1,0,1,1,0,0,1,1,0,0,1,1,0,0,0,1
0,15,91.0,0,0,0,89.378125,1,0,1,1,1,1,0,0,1,0,0,1,0,0,0,1,0,1,0,1,0
0,12,25.4,1,0,0,24.076923076923077,1,1,1,1,1,0,1,0,0,0,0,0,0,0,1,1,0,0,0,0,0
0,54,69.95,3,0,0,70.39727272727272,0,1,1,1,0,0,0,1,0,1,1,0,1,0,1,0,0,0,0,0,1
0,7,66.85,0,0,0,57.2625,0,0,0,1,0,0,0,0,0,0,0,1,1,0,0,1,0,1,0,0,0
0,33,86.15,0,0,1,80.75588235294117,0,1,1,1,1,1,0,0,0,0,0,0,1,0,0,0,1,0,0,1,0
0,16,20.15,0,0,0,20.079411764705885,1,1,1,1,0,0,1,0,0,0,0,0,0,0,0,0,0,1,0,1,0
0,21,64.85,0,0,0,60.76363636363636,0,0,1,1,0,0,0,1,0,1,0,0,1,1,0,0,0,0,1,1,0
1,30,74.85,0,0,0,70.37903225806451,1,1,0,1,1,0,0,0,0,1,0,1,1,0,1,0,0,1,0,1,0
0,3,50.5,0,0,0,36.9375,1,0,0,1,0,0,0,0,0,0,1,0,0,0,0,1,0,0,1,0,0
0,11,72.9,0,0,0,68.20416666666667,1,0,0,1,0,1,0,0,0,1,0,0,0,0,0,0,0,1,0,0,0
0,62,115.05,0,0,0,113.22936507936508,0,0,0,1,1,1,0,1,1,1,1,1,1,1,0,1,1,0,0,0,1
0,18,19.0,0,0,0,18.357894736842105,1,0,0,1,0,0,1,0,0,0,0,0,0,0,0,0,0,1,0,1,0
0,6,19.55,0,0,0,18.37142857142857,1,0,1,1,0,0,1,0,0,0,0,0,0,0,0,0,0,0,1,0,0
0,46,101.1,3,0,0,99.45531914893617,0,0,0,1,1,1,0,0,0,1,0,1,1,1,0,1,0,1,0,0,1
0,21,84.1,0,0,0,78.97500000000001,1,0,0,1,1,1,0,0,0,0,0,0,1,0,0,1,0,1,0,1,0
0,68,24.15,0,0,0,21.72246376811594,1,0,0,1,1,0,1,0,0,0,0,0,0,0,1,1,0,0,0,0,1
0,1,50.1,0,0,0,25.05,0,0,0,1,1,0,0,0,0,0,0,0,0,0,0,1,0,1,0,0,0
0,25,74.6,0,0,0,69.14423076923077,0,1,0,1,0,1,0,0,0,1,0,0,0,0,0,1,0,1,0,1,0
0,24,19.75,0,0,0,19.924,0,0,1,1,0,0,1,0,0,0,0,0,0,0,1,0,0,0,1,1,0
0,30,85.0,0,0,1,84.65322580645162,0,1,0,1,1,1,0,0,0,0,0,0,1,0,0,1,0,1,0,1,0
0,2,80.55,0,0,1,61.36666666666667,0,0,0,1,0,1,0,0,0,0,0,0,1,0,0,0,0,1,0,0,0
0,51,106.8,0,0,0,105.74615384615385,1,1,0,1,1,1,0,0,1,1,0,1,1,1,0,1,0,0,0,0,1
0,57,84.5,5,0,0,83.54137931034482,0,1,1,1,1,0,0,1,0,1,1,1,1,0,1,1,0,1,0,0,1
0,15,25.05,0,0,0,23.06875,0,0,0,1,1,0,1,0,0,0,0,0,0,0,1,0,0,0,0,1,0
0,72,83.7,0,0,0,83.51917808219177,0,1,1,1,0,0,0,1,1,1,1,1,1,0,1,1,0,0,0,0,1
0,2,75.8,0,0,1,53.583333333333336,0,0,0,1,0,1,0,0,0,1,0,0,0,0,0,1,0,1,0,0,0
0,28,96.6,0,0,0,92.56379310344828,1,1,0,1,1,1,0,0,1,1,0,1,0,0,0,0,1,0,0,1,0
1,29,98.5,0,4,1,100.13833333333334,1,1,0,1,1,1,0,0,0,1,0,1,1,0,0,1,0,1,0,1,0
0,70,101.1,0,0,0,98.51830985915493,1,1,1,1,0,1,0,1,1,1,1,1,0,0,1,1,1,0,0,0,1
0,13,20.2,0,0,0,19.517857142857142,0,0,0,1,0,0,1,0,0,0,0,0,0,1,0,0,0,0,1,1,0
1,59,94.05,0,5,0,91.39833333333333,0,1,0,1,1,1,0,1,1,1,1,0,0,1,0,1,0,1,0,0,1
1,13,95.25,0,0,1,88.11785714285715,1,1,0,1,1,1,0,0,0,0,0,1,1,0,0,1,0,1,0,1,0
1,7,74.4,0,0,1,65.9875,1,1,0,1,1,1,0,0,0,0,0,0,0,0,0,1,0,0,1,0,0
0,62,81.0,0,2,0,79.14126984126983,0,1,0,1,0,0,0,1,0,1,1,1,1,0,1,0,0,0,1,0,1
0,21,60.25,0,0,0,57.19772727272727,0,0,0,1,0,0,0,1,0,1,1,0,0,1,0,1,0,1,0,1,0
0,2,60.85,0,0,0,37.13333333333333,0,0,0,1,0,0,0,0,0,1,0,0,1,0,0,0,0,1,0,0,0
0,1,43.95,0,0,0,21.975,0,0,0,1,0,0,0,0,0,0,0,0,0,0,0,0,1,0,0,0,0
0,4,86.05,3,0,0,61.620000000000005,1,0,0,1,0,1,0,0,0,1,0,0,1,0,0,0,0,1,0,0,0
0,19,20.25,1,0,0,19.182499999999997,0,0,0,1,0,0,1,0,0,0,0,0,0,1,0,0,1,0,0,1,0
0,30,85.15,0,0,1,82.4483870967742,0,0,0,1,0,1,0,0,0,0,1,1,0,0,0,0,0,1,0,1,0
0,67,19.4,0,0,0,18.88529411764706,1,1,1,1,0,0,1,0,0,0,0,0,0,0,1,1,1,0,0,0,1
1,72,102.65,1,0,0,103.42876712328767,1,1,0,1,1,1,0,1,1,1,0,0,1,0,1,1,1,0,0,0,1
0,53,19.9,0,0,0,20.55648148148148,1,1,0,1,0,0,1,0,0,0,0,0,0,0,1,0,1,0,0,0,1
0,5,19.55,0,0,0,16.599999999999998,0,0,0,1,0,0,1,0,0,0,0,0,0,1,0,0,0,1,0,0,0
1,71,95.5,0,0,0,93.1548611111111,1,1,0,1,0,1,0,0,1,1,1,0,1,0,1,1,1,0,0,0,1
0,50,84.15,0,0,0,81.6549019607843,0,1,1,1,1,0,0,0,1,1,1,1,1,1,0,1,1,0,0,0,1
0,56,103.2,0,0,0,103.04824561403508,1,1,1,1,1,1,0,0,0,1,1,1,1,0,1,1,0,1,0,0,1
0,2,50.2,4,0,0,36.416666666666664,1,0,0,1,0,0,0,0,0,0,1,0,0,0,0,1,1,0,0,0,0
1,2,88.55,0,0,1,59.75,0,0,0,1,1,1,0,0,0,1,0,0,1,0,0,1,0,1,0,0,0
0,24,54.75,0,0,1,53.526,1,1,1,1,1,0,0,1,0,0,0,0,0,0,0,0,0,1,0,1,0
0,46,19.95,0,0,0,18.348936170212767,1,1,1,1,0,0,1,0,0,0,0,0,0,0,1,0,1,0,0,0,1
0,71,116.25,0,0,0,118.95486111111111,1,1,0,1,1,1,0,1,1,1,1,1,1,0,1,1,0,1,0,0,1
0,29,31.2,0,2,0,30.873333333333335,0,0,0,0,0,0,0,0,0,0,1,0,0,0,0,1,0,1,0,1,0
0,69,24.45,0,0,0,24.545714285714286,1,1,1,1,1,0,1,0,0,0,0,0,0,0,1,0,0,0,0,0,1
0,71,84.2,0,0,0,82.73402777777778,1,1,0,1,1,0,0,0,1,1,1,1,1,0,1,0,1,0,0,0,1
1,1,91.3,0,1,1,45.65,0,0,0,1,0,1,0,0,0,0,0,1,1,0,0,1,0,1,0,0,0
1,56,85.65,0,5,0,84.63947368421053,1,1,0,1,0,0,0,1,1,1,1,1,1,0,1,1,0,0,0,0,1
0,56,21.2,0,0,0,21.730701754385965,1,0,1,1,0,0,1,0,0,0,0,0,0,1,0,1,0,0,1,0,1
0,1,79.5,5,0,1,39.75,1,0,0,1,0,1,0,0,0,0,0,1,0,0,0,1,0,1,0,0,0
0,28,25.55,0,0,0,23.179310344827588,0,1,0,1,1,0,1,0,0,0,0,0,0,1,0,0,0,0,1,1,0
0,19,20.2,0,0,0,19.11,0,1,1,1,0,0,1,0,0,0,0,0,0,0,0,0,0,0,1,1,0
0,66,63.85,3,0,0,63.650746268656725,1,1,0,1,1,0,0,0,0,0,1,0,1,0,0,0,0,1,0,0,1
0,17,61.95,0,0,0,59.483333333333334,0,1,1,1,1,0,0,0,0,1,1,0,0,1,0,1,0,0,1,1,0
0,52,25.75,0,0,0,25.393396226415092,1,1,1,1,1,0,1,0,0,0,0,0,0,0,1,0,0,0,1,0,1
0,19,58.2,0,0,0,52.2625,0,0,0,1,0,0,0,0,1,0,0,1,0,1,0,0,0,1,0,1,0
0,36,85.85,0,0,0,81.17702702702704,0,0,0,1,0,0,0,1,1,1,1,1,1,1,0,0,0,0,0,1,0
1,7,70.1,0,0,1,58.44375,1,1,0,1,0,1,0,0,0,0,0,0,0,0,0,1,0,0,1,0,0
0,72,104.9,0,0,0,103.25342465753425,1,1,1,1,1,1,0,1,1,1,1,0,1,1,0,1,1,0,0,0,1
0,67,111.3,0,7,1,110.03088235294118,1,1,1,1,1,1,0,1,1,1,0,1,1,1,0,1,0,1,0,0,1
1,34,99.85,0,0,0,95.51857142857143,1,0,0,1,0,1,0,0,1,1,0,1,1,1,0,1,0,1,0,1,0
1,57,95.25,0,6,1,93.5698275862069,1,1,0,1,1,1,0,0,1,1,0,0,1,0,0,1,0,0,0,0,1
0,7,86.25,0,1,1,73.3875,0,1,0,1,0,1,0,0,0,1,0,1,0,0,0,1,0,1,0,0,0
1,1,100.8,4,0,1,50.4,0,1,0,1,1,1,0,0,0,1,0,1,1,0,0,1,0,1,0,0,0
0,8,19.55,0,0,0,17.905555555555555,1,1,0,1,0,0,1,0,0,0,0,0,0,0,0,1,0,0,0,0,0
0,69,104.0,0,0,0,100.40714285714286,0,0,0,1,1,1,0,0,0,1,1,1,1,0,1,0,0,1,0,0,1
0,50,104.4,0,0,0,102.60588235294117,0,1,0,1,1,1,0,1,0,1,0,1,1,1,0,1,0,0,1,0,1
0,10,19.5,0,0,0,20.53181818181818,1,0,0,1,0,0,1,0,0,0,0,0,0,1,0,0,0,0,1,0,0
0,12,25.25,2,0,0,21.13076923076923,0,1,1,1,1,0,1,0,0,0,0,0,0,0,1,0,1,0,0,0,0
0,14,86.3,3,1,1,78.73,0,0,0,1,0,1,0,0,1,0,0,0,1,0,0,1,0,1,0,1,0
0,70,49.85,0,0,0,47.46760563380281,0,1,0,0,0,0,0,1,0,1,1,0,1,0,1,1,0,0,0,0,1
1,64,108.95,0,0,0,109.40461538461538,0,0,0,1,1,1,0,1,0,1,1,1,1,0,0,1,0,0,0,0,1
0,66,89.9,0,0,0,88.93805970149255,0,1,1,1,1,0,0,1,1,1,1,1,1,0,1,0,1,0,0,0,1
0,71,82.0,0,0,0,83.33125000000001,0,1,1,1,0,0,0,1,0,1,1,1,1,0,1,1,1,0,0,0,1
1,20,89.95,0,0,0,78.49761904761905,1,0,0,1,0,1,0,0,0,0,0,1,1,0,0,0,0,1,0,1,0
0,72,79.35,0,0,0,78.81164383561644,1,1,0,1,0,0,0,1,1,0,1,1,1,0,1,1,0,0,0,0,1
0,71,64.05,0,0,0,62.40138888888888,0,1,1,1,0,0,0,1,1,1,1,0,0,0,1,0,1,0,0,0,1
0,38,101.15,0,0,0,101.45384615384614,1,1,1,1,1,1,0,0,0,1,0,1,1,0,0,1,1,0,0,0,1
0,28,89.95,0,2,1,90.53620689655173,0,0,0,1,1,1,0,0,1,0,0,0,1,0,0,1,0,1,0,1,0
1,17,76.45,0,0,1,68.52222222222223,1,1,0,1,0,1,0,0,1,0,0,0,0,0,0,1,0,1,0,1,0
0,33,39.1,0,0,0,38.5,1,0,0,0,0,0,0,0,1,0,0,1,0,1,0,1,0,1,0,1,0
0,23,34.6,0,1,0,33.893750000000004,0,1,1,0,0,0,0,1,0,0,1,0,0,0,1,0,0,0,1,1,0
0,58,19.55,3,0,0,18.79322033898305,1,1,1,1,0,0,1,0,0,0,0,0,0,1,0,1,0,1,0,0,1
1,70,104.45,0,0,0,103.51197183098591,0,1,0,1,1,1,0,0,1,0,1,1,1,0,1,1,0,0,0,0,1
0,4,70.5,0,0,0,58.839999999999996,1,1,0,1,0,1,0,0,0,0,0,0,0,0,0,0,0,1,0,0,0
0,45,20.35,0,0,0,20.2,1,1,1,1,0,0,1,0,0,0,0,0,0,0,1,0,0,0,1,0,1
0,10,70.0,0,0,1,67.27272727272727,1,0,0,1,0,1,0,0,0,0,0,0,0,0,0,1,0,1,0,0,0
0,36,19.45,0,0,0,20.39189189189189,1,1,1,1,0,0,1,0,0,0,0,0,0,0,1,0,1,0,0,1,0
0,54,69.9,0,4,0,70.60545454545455,1,0,0,1,0,0,0,1,1,0,1,1,0,0,0,1,0,0,1,0,1
0,23,59.7,0,0,0,58.925000000000004,1,1,1,1,1,0,0,0,1,0,1,0,0,0,1,0,0,0,1,1,0
0,41,78.35,0,0,0,76.45714285714286,0,1,1,1,1,0,0,1,1,1,0,1,0,1,0,1,1,0,0,0,1
1,5,71.45,5,0,0,61.93333333333334,1,0,0,1,0,1,0,0,0,0,0,0,0,0,0,1,0,0,1,0,0
0,27,45.85,3,0,0,44.51428571428572,1,1,1,0,0,0,0,0,1,1,0,0,1,1,0,1,1,0,0,1,0
0,1,95.85,5,0,0,47.925,0,0,0,1,0,1,0,0,0,0,1,1,1,0,0,1,0,1,0,0,0
0,67,35.7,0,3,0,37.436764705882354,0,1,1,0,0,0,0,1,0,0,1,0,0,0,1,0,1,0,0,0,1
1,72,89.55,0,1,0,88.34041095890412,0,1,1,1,1,0,0,1,1,1,1,1,1,0,1,1,1,0,0,0,1
0,56,24.95,0,2,0,25.770175438596493,0,1,1,1,1,0,1,0,0,0,0,0,0,0,1,1,1,0,0,0,1
0,44,24.85,0,0,0,22.524444444444445,1,1,1,1,1,0,1,0,0,0,0,0,0,1,0,0,0,1,0,0,1
1,66,100.8,4,0,0,99.86194029850746,0,1,0,1,1,1,0,0,1,0,0,1,1,0,0,1,0,1,0,0,1
0,34,64.4,0,5,1,59.67857142857143,0,0,0,1,1,0,0,1,1,0,1,0,0,1,0,1,0,0,1,1,0
0,69,105.35,1,0,0,103.43785714285714,0,1,0,1,1,1,0,0,0,1,1,1,1,0,1,0,0,0,0,0,1
0,1,102.45,0,0,1,51.225,0,1,1,1,1,1,0,1,0,1,0,1,1,0,0,1,0,1,0,0,0
0,40,19.65,0,0,0,20.25,0,0,0,1,0,0,1,0,0,0,0,0,0,0,1,0,1,0,0,0,1
0,30,54.45,0,0,0,51.248387096774195,1,1,1,1,1,0,0,1,0,0,0,0,0,0,0,1,0,0,0,1,0
0,11,70.5,0,0,0,69.10833333333333,0,0,0,1,0,0,0,0,0,0,1,1,1,0,0,0,0,0,1,0,0
0,15,20.1,5,0,0,18.903125,0,0,0,1,0,0,1,0,0,0,0,0,0,1,0,0,1,0,0,1,0
0,11,69.35,0,0,0,59.354166666666664,1,0,0,1,0,0,0,0,0,1,0,1,1,0,0,1,0,1,0,0,0
0,64,19.8,0,0,0,20.563846153846157,0,1,1,1,0,0,1,0,0,0,0,0,0,1,0,0,0,0,0,0,1
1,72,74.4,0,0,0,73.43493150684931,1,1,0,1,0,0,0,1,1,1,1,1,0,0,1,0,0,0,0,0,1
1,72,93.05,5,0,0,92.26095890410959,1,1,0,1,1,1,0,1,1,1,1,0,0,0,1,1,0,0,0,0,1
0,1,51.2,0,0,0,25.6,0,0,1,1,0,0,0,1,0,0,0,0,0,0,0,0,0,0,1,0,0
0,15,65.6,0,0,0,63.125,0,0,1,1,0,0,0,1,1,1,1,0,0,1,0,0,1,0,0,1,0
0,60,80.55,0,0,0,79.45983606557377,0,0,0,1,1,0,0,0,0,1,1,1,1,1,0,0,1,0,0,0,1
0,56,52.7,0,0,0,52.97719298245614,1,0,0,1,0,0,0,1,0,1,0,0,0,1,0,0,0,0,1,0,1
0,8,20.85,5,0,0,17.961111111111112,0,0,0,1,0,0,1,0,0,0,0,0,0,0,1,0,0,0,1,0,0
0,3,80.1,0,0,1,54.3875,0,0,0,1,0,1,0,0,0,1,1,0,0,0,0,0,1,0,0,0,0
0,49,52.15,0,0,0,51.675,0,1,0,1,1,0,0,0,0,0,0,0,0,0,0,1,1,0,0,0,1
0,2,80.2,0,0,1,48.68333333333334,0,0,0,1,0,1,0,0,0,0,0,1,0,0,0,1,0,1,0,0,0
0,6,98.15,0,0,1,81.06428571428572,0,0,0,1,0,1,0,1,1,1,1,0,1,0,0,1,0,0,0,0,0
0,70,114.95,0,0,0,108.60915492957747,1,0,0,1,1,1,0,1,1,1,1,1,1,0,1,1,0,0,0,0,1
0,12,112.95,0,0,1,106.51923076923077,1,0,0,1,1,1,0,0,1,1,1,1,1,0,0,1,0,0,1,0,0
1,52,104.45,0,4,0,103.41981132075472,1,1,0,1,0,1,0,1,0,1,1,1,1,1,0,1,0,0,0,0,1
0,72,113.65,0,0,0,111.2904109589041,0,1,0,1,1,1,0,1,1,1,1,1,1,0,1,1,1,0,0,0,1
0,40,20.6,0,0,0,20.178048780487803,0,0,0,1,0,0,1,0,0,0,0,0,0,0,1,1,0,0,0,0,1
0,1,70.9,0,0,1,35.45,0,0,0,1,0,1,0,0,0,0,0,0,0,0,0,0,0,0,1,0,0
1,3,86.85,1,0,1,55.2375,0,0,0,1,0,1,0,0,0,1,0,1,0,0,0,1,0,1,0,0,0
1,40,91.55,0,0,0,89.6,0,0,0,1,0,1,0,0,0,0,0,1,1,0,0,1,0,1,0,0,1
0,1,49.85,0,0,0,24.925,1,0,1,1,0,0,0,0,0,1,0,0,0,0,0,1,0,1,0,0,0
0,30,19.8,0,0,0,18.601612903225806,1,1,0,1,0,0,1,0,0,0,0,0,0,1,0,0,1,0,0,1,0
0,23,99.85,0,4,1,97.1375,1,1,1,1,0,1,0,1,0,0,1,1,1,0,0,1,0,1,0,1,0
0,1,74.5,0,0,1,37.25,1,1,1,1,1,1,0,0,0,0,0,0,0,0,0,1,0,1,0,0,0
1,44,104.15,0,0,0,99.90333333333332,0,1,0,1,1,1,0,0,0,1,1,1,1,0,0,0,0,1,0,0,1
0,65,109.15,0,6,1,105.16969696969697,1,0,0,1,1,1,0,0,1,1,1,1,1,0,0,1,0,1,0,0,1
1,7,48.2,0,0,0,42.54375,0,0,0,1,0,0,0,1,0,0,0,0,0,0,0,1,0,1,0,0,0
1,72,25.1,0,0,0,24.519178082191782,1,0,0,1,1,0,1,0,0,0,0,0,0,0,1,1,1,0,0,0,1
1,8,100.15,5,0,0,100.94999999999999,0,0,0,1,1,1,0,0,0,0,1,1,1,0,0,1,1,0,0,0,0
0,16,65.2,0,2,1,61.3735294117647,0,0,0,1,1,0,0,0,0,1,0,0,1,0,0,1,1,0,0,1,0
1,66,99.5,0,5,1,101.82313432835821,1,1,1,1,1,1,0,0,0,1,0,1,1,0,0,1,1,0,0,0,1
0,1,71.55,0,0,1,35.775,1,0,0,1,0,1,0,0,0,0,0,0,0,0,0,1,0,0,1,0,0
0,3,55.9,0,0,0,39.3875,1,0,1,1,0,0,0,1,0,1,0,0,0,0,0,0,0,0,1,0,0
0,53,93.9,0,5,1,93.13333333333333,1,1,0,1,1,1,0,1,0,1,0,0,1,0,0,0,0,1,0,0,1
1,8,64.4,0,0,0,64.63333333333334,1,1,0,1,0,0,0,0,0,1,1,0,1,0,0,1,1,0,0,0,0
1,69,108.4,0,7,1,104.54571428571428,1,1,0,1,1,1,0,0,1,1,1,1,1,0,1,1,0,0,0,0,1
0,5,85.3,0,0,0,70.075,0,0,0,1,0,1,0,0,1,0,0,1,0,0,0,1,0,0,1,0,0
0,72,107.45,0,0,0,103.7904109589041,0,1,1,1,1,1,0,1,0,1,1,1,1,0,1,0,0,0,1,0,1
0,13,48.75,0,1,1,45.24285714285714,0,1,0,0,0,0,0,0,0,1,0,1,1,0,0,1,0,0,0,1,0
0,4,85.65,0,0,1,64.33,0,0,0,1,1,1,0,0,0,0,0,1,0,0,0,1,0,1,0,0,0
0,54,91.3,0,0,0,90.27272727272727,0,1,1,1,1,0,0,1,1,1,1,1,1,0,1,0,1,0,0,0,1
0,72,85.95,0,0,0,84.27260273972603,1,1,0,1,1,0,0,0,1,1,1,1,1,0,1,0,0,0,0,0,1
0,12,106.7,0,2,1,96.45384615384616,1,0,0,1,1,1,0,0,1,1,0,1,1,0,0,1,0,1,0,0,0
0,1,25.15,0,0,1,12.575,1,0,0,0,0,0,0,0,0,0,0,0,0,0,0,1,0,1,0,0,0
1,1,45.2,5,0,0,22.6,1,0,0,1,0,0,0,0,0,0,0,0,0,0,0,0,0,1,0,0,0
0,54,110.35,0,5,1,107.14818181818181,0,1,0,1,1,1,0,0,1,1,1,1,1,1,0,0,0,1,0,0,1
0,69,79.2,5,0,0,77.43785714285714,1,1,1,1,1,1,0,0,0,1,0,0,0,0,1,1,1,0,0,0,1
0,48,55.5,0,0,0,53.61938775510204,0,0,0,1,0,0,0,1,1,0,0,0,0,0,1,0,1,0,0,0,1
0,48,103.25,0,3,1,102.80714285714286,0,1,1,1,1,1,0,1,1,0,0,1,1,1,0,1,1,0,0,0,1
0,8,90.25,0,0,0,82.63888888888889,0,1,0,1,1,1,0,0,0,0,1,0,1,0,0,1,0,1,0,0,0
0,71,91.25,0,0,0,91.52222222222223,1,1,1,1,1,0,0,1,1,1,1,1,1,0,1,1,0,0,1,0,1
0,2,47.8,0,0,1,30.816666666666666,1,0,0,1,0,0,0,1,0,0,0,0,0,0,0,1,0,1,0,0,0
0,67,100.9,0,0,0,99.01691176470588,1,1,0,1,0,1,0,1,1,0,0,1,1,1,0,1,1,0,0,0,1
0,34,97.7,1,0,0,97.42857142857143,1,1,1,1,1,1,0,0,1,0,0,1,1,0,0,1,0,0,0,1,0
0,3,69.85,0,0,0,49.9625,0,0,0,1,0,1,0,0,0,0,0,0,0,0,0,1,0,1,0,0,0
0,9,65.6,0,0,0,59.33,0,1,1,1,0,0,0,0,1,0,1,1,0,1,0,1,0,0,1,0,0
0,71,104.65,0,0,0,101.22777777777777,1,1,1,1,0,1,0,1,1,1,0,1,1,1,0,1,0,0,0,0,1
0,57,90.45,0,0,0,90.16896551724139,1,0,0,1,1,1,0,0,0,0,1,1,0,0,1,1,1,0,0,0,1
0,72,63.7,2,0,0,61.16164383561644,1,0,0,0,0,0,0,1,1,1,1,1,1,0,1,1,0,0,0,0,1
1,48,104.5,0,0,0,103.4295918367347,0,1,1,1,0,1,0,1,0,1,1,1,1,0,0,1,0,1,0,0,1
0,18,20.1,0,0,0,21.150000000000002,1,0,0,1,0,0,1,0,0,0,0,0,0,1,0,0,0,0,1,1,0
0,43,104.3,0,0,0,101.1784090909091,1,1,1,1,1,1,0,0,0,1,1,1,1,1,0,1,1,0,0,0,1
0,72,93.25,0,0,0,91.62945205479451,0,1,1,1,1,0,0,1,1,1,1,1,1,0,1,1,0,0,0,0,1
0,35,73.45,2,0,0,73.91944444444444,1,1,1,1,1,0,0,0,0,0,1,1,1,1,0,1,0,0,0,1,0
0,4,20.7,0,0,0,14.61,1,0,0,1,0,0,1,0,0,0,0,0,0,0,0,0,0,0,1,0,0
0,49,25.25,0,0,0,24.233,0,1,1,1,1,0,1,0,0,0,0,0,0,0,1,0,0,0,1,0,1
0,71,100.5,0,0,0,97.64791666666666,0,1,1,1,1,1,0,1,1,1,0,1,0,0,1,0,0,0,0,0,1
0,11,90.6,0,0,0,85.01666666666667,1,1,1,1,0,1,0,0,0,0,0,1,1,0,0,0,0,1,0,0,0
0,63,89.4,0,0,0,87.46328125,1,1,1,1,1,0,0,1,1,1,1,1,1,0,1,1,1,0,0,0,1
1,65,95.45,0,0,0,94.29242424242425,0,0,0,1,1,1,0,0,1,1,0,1,0,0,0,1,0,0,0,0,1
0,49,20.45,0,0,0,20.493000000000002,0,0,1,1,0,0,1,0,0,0,0,0,0,0,1,0,1,0,0,0,1
0,29,98.6,0,2,1,97.77333333333333,0,0,0,1,1,1,0,0,0,1,0,1,1,0,0,1,1,0,0,1,0
1,15,83.05,0,0,1,78.64375,0,1,0,1,1,1,0,0,0,1,1,0,0,0,0,1,0,1,0,1,0
0,4,19.95,3,0,0,16.580000000000002,0,1,1,1,0,0,1,0,0,0,0,0,0,0,0,1,0,1,0,0,0
0,72,109.15,0,0,0,106.7068493150685,0,1,0,1,1,1,0,0,1,1,1,1,1,1,0,0,1,0,0,0,1
1,26,85.7,2,1,0,76.55555555555556,0,1,0,1,0,1,0,0,0,1,0,1,0,0,0,1,1,0,0,1,0
1,35,102.05,2,0,0,95.90416666666667,0,1,0,1,1,1,0,0,0,1,0,1,1,0,0,0,0,0,0,1,0
0,57,94.7,0,0,0,94.29224137931034,0,0,0,1,1,1,0,0,1,0,1,0,1,1,0,0,0,1,0,0,1
0,28,64.4,0,0,0,62.143103448275866,1,1,1,1,1,0,0,0,1,0,0,0,1,0,0,0,0,1,0,1,0
0,25,26.8,0,0,0,28.213461538461537,0,1,0,1,1,0,1,0,0,0,0,0,0,1,0,1,0,0,1,1,0
0,47,66.05,0,0,0,62.946875,0,1,0,1,0,0,0,1,0,1,0,1,0,1,0,1,1,0,0,0,1
0,57,65.2,0,0,0,63.58362068965517,0,1,1,1,1,0,0,1,1,0,1,0,0,0,0,0,0,0,0,0,1
1,16,85.05,0,0,0,81.83235294117648,1,1,0,1,1,1,0,0,0,0,0,1,0,0,0,1,1,0,0,1,0
0,5,55.8,0,0,0,45.725,1,0,0,1,0,0,0,1,0,1,0,0,0,0,0,1,0,0,1,0,0
0,17,70.4,0,0,1,67.44722222222222,1,1,0,1,0,1,0,0,0,0,0,0,0,0,0,1,0,0,0,1,0
1,56,104.75,0,6,1,96.67807017543859,0,0,0,1,1,1,0,0,1,1,0,1,1,1,0,1,0,0,0,0,1
0,72,19.95,0,4,0,18.121232876712327,1,1,1,1,0,0,1,0,0,0,0,0,0,0,1,0,0,0,0,0,1
1,21,94.25,0,2,1,89.7159090909091,0,0,0,1,1,1,0,0,0,0,0,1,1,0,0,1,0,1,0,1,0
0,48,45.0,0,0,0,44.82244897959184,0,1,1,0,0,0,0,1,0,1,0,0,1,1,0,0,1,0,0,0,1
0,68,114.9,1,0,0,113.67463768115942,0,1,0,1,1,1,0,1,1,1,1,1,1,0,1,0,0,0,0,0,1
0,30,106.4,0,0,0,103.60967741935484,0,0,0,1,1,1,0,1,0,0,1,1,1,0,0,0,0,0,0,1,0
0,3,46.1,0,0,0,32.5375,0,1,0,1,0,0,0,0,0,0,0,0,0,0,0,1,0,0,1,0,0
1,14,39.7,0,0,0,46.156666666666666,0,0,0,0,0,0,0,1,0,1,1,0,0,0,1,0,0,0,1,1,0
0,4,20.05,3,0,0,17.1,0,0,1,1,0,0,1,0,0,0,0,0,0,0,0,1,0,0,0,0,0
0,71,95.75,0,0,0,95.13055555555555,0,1,1,1,1,1,0,0,1,1,0,0,1,0,1,1,1,0,0,0,1
0,8,24.4,0,0,0,22.66111111111111,1,1,1,1,1,0,1,0,0,0,0,0,0,1,0,0,0,0,1,0,0
0,61,33.6,4,0,0,34.148387096774194,1,1,1,0,0,0,0,1,0,1,0,0,0,0,0,0,0,0,0,0,1
0,72,90.45,0,0,0,89.94315068493151,1,1,1,1,1,1,0,0,1,1,1,0,0,0,1,0,0,0,0,0,1
0,5,84.0,0,0,0,70.79166666666667,0,0,0,1,1,1,0,0,0,0,0,1,0,0,0,1,0,1,0,0,0
0,49,67.4,0,0,0,66.137,0,0,0,1,0,0,0,1,1,1,1,0,0,0,1,0,0,0,0,0,1
0,8,19.7,0,0,0,18.766666666666666,1,0,0,1,0,0,1,0,0,0,0,0,0,0,0,1,0,0,0,0,0
0,3,80.35,0,0,0,63.45,1,0,0,1,0,1,0,0,0,0,0,0,1,0,0,1,0,1,0,0,0
0,9,19.6,0,0,0,19.740000000000002,1,1,1,1,0,0,1,0,0,0,0,0,0,0,1,0,0,0,1,0,0
0,67,54.2,1,0,0,56.44411764705882,1,1,1,1,0,0,0,1,1,0,0,0,0,0,1,1,0,0,0,0,1
0,46,45.2,0,2,0,43.93936170212766,1,0,0,1,0,0,0,0,0,0,0,0,0,0,0,1,1,0,0,0,1
0,67,75.1,0,0,0,74.47720588235293,0,1,0,1,1,0,0,1,1,1,0,0,1,1,0,0,0,0,1,0,1
0,55,19.7,2,0,0,20.358035714285712,0,1,0,1,0,0,1,0,0,0,0,0,0,1,0,0,0,1,0,0,1
0,33,72.75,0,0,0,71.98382352941177,1,1,0,1,1,0,0,1,1,1,0,1,0,0,0,1,0,0,0,1,0
0,62,20.05,0,0,0,20.061904761904763,1,1,1,1,0,0,1,0,0,0,0,0,0,0,1,0,1,0,0,0,1
0,1,45.95,0,0,1,22.975,0,0,1,1,0,0,0,0,0,0,0,0,0,0,0,0,0,0,1,0,0
0,49,39.2,0,0,0,36.763000000000005,1,1,1,0,0,0,0,1,0,0,0,0,1,0,0,1,0,1,0,0,1
0,1,44.75,0,0,0,22.375,1,0,0,1,0,0,0,0,0,0,0,0,0,0,0,1,0,1,0,0,0
0,14,82.65,0,0,0,79.0,1,1,0,1,1,1,0,0,1,1,0,0,0,0,0,1,0,1,0,1,0
1,18,93.9,0,0,0,91.78421052631579,1,0,0,1,1,1,0,0,0,1,1,1,0,0,0,0,0,0,0,1,0
1,1,70.15,5,0,1,35.075,0,0,0,1,0,1,0,0,0,0,0,0,0,0,0,1,0,1,0,0,0
0,1,85.55,0,0,1,42.775,0,0,0,1,0,1,0,0,0,1,0,1,0,0,0,1,1,0,0,0,0
0,72,117.15,0,6,0,116.84246575342466,0,1,0,1,1,1,0,1,1,1,1,1,1,0,1,1,1,0,0,0,1
0,64,99.25,0,0,0,100.76076923076923,1,0,0,1,1,1,0,1,0,1,1,0,1,0,1,0,1,0,0,0,1
0,69,112.55,0,0,0,111.52142857142857,1,1,0,1,1,1,0,1,1,1,1,1,1,0,1,1,0,0,0,0,1
0,1,25.7,0,0,0,12.85,0,0,0,1,1,0,1,0,0,0,0,0,0,0,0,1,0,1,0,0,0
0,71,90.3,0,0,0,87.32361111111112,1,1,1,1,1,0,0,1,1,1,1,1,1,0,1,0,1,0,0,0,1
0,66,49.4,0,0,0,48.53507462686567,0,1,1,1,0,0,0,0,0,0,1,0,0,1,0,1,1,0,0,0,1
0,2,19.4,2,0,0,16.866666666666667,1,0,0,1,0,0,1,0,0,0,0,0,0,0,0,0,0,0,1,0,0
1,71,109.7,0,0,0,109.78125,0,1,0,1,0,1,0,1,1,1,1,1,1,0,1,1,0,0,0,0,1
0,11,61.25,0,0,0,60.82916666666667,1,0,0,1,0,0,0,0,1,0,0,1,0,1,0,1,0,1,0,0,0
0,47,55.3,0,0,0,55.29270833333334,1,0,1,1,0,0,0,1,1,0,0,0,0,0,0,1,0,1,0,0,1
0,35,70.3,0,0,1,67.1263888888889,0,1,0,1,0,1,0,0,0,0,0,0,0,0,0,1,0,1,0,1,0
1,32,106.35,0,3,1,106.68939393939394,1,1,0,1,1,1,0,0,1,1,0,1,1,0,0,0,0,0,0,1,0
0,60,103.75,0,0,0,97.86803278688524,1,1,1,1,1,1,0,0,1,0,1,1,1,0,0,1,0,0,0,0,1
0,11,19.5,0,0,0,18.900000000000002,1,0,0,1,0,0,1,0,0,0,0,0,0,1,0,0,0,0,1,0,0
0,29,39.5,0,0,0,36.09166666666667,0,0,0,0,0,0,0,1,1,0,1,0,0,1,0,0,1,0,0,1,0
0,21,26.05,0,1,0,25.71590909090909,1,1,1,0,0,0,0,0,0,0,0,0,0,0,0,1,0,1,0,1,0
1,48,91.05,0,0,0,89.19897959183673,1,1,0,1,1,1,0,0,0,1,0,0,1,0,0,1,1,0,0,0,1
0,3,29.65,0,0,0,22.5125,0,0,1,0,0,0,0,0,1,0,0,0,0,0,0,0,0,0,1,0,0
0,43,50.2,0,0,0,49.304545454545455,0,1,1,1,0,0,0,0,1,0,0,0,0,0,0,0,0,0,1,0,1
0,5,105.3,0,0,0,91.76666666666667,1,0,0,1,1,1,0,0,1,1,0,1,1,0,0,0,0,1,0,0,0
0,1,55.45,0,0,0,27.725,0,0,0,1,0,0,0,0,0,0,0,0,1,0,0,1,0,1,0,0,0
0,71,85.45,0,0,0,87.51180555555555,1,1,1,1,1,0,0,1,0,1,1,1,1,1,0,0,0,1,0,0,1
0,8,19.8,0,0,0,17.783333333333335,0,1,1,1,0,0,1,0,0,0,0,0,0,1,0,0,0,1,0,0,0
0,8,59.25,0,0,0,48.51111111111111,1,0,0,1,1,0,0,0,0,0,0,1,0,0,0,1,0,1,0,0,0
0,20,90.7,0,0,0,84.82619047619048,1,0,0,1,1,1,0,0,0,1,0,1,0,0,0,1,1,0,0,1,0
0,33,103.7,0,3,1,101.97058823529412,0,1,1,1,1,1,0,1,0,1,0,1,1,1,0,1,0,0,1,1,0
0,71,79.05,0,0,0,77.11805555555556,1,0,0,1,1,1,0,0,1,0,0,0,0,1,0,1,1,0,0,0,1
1,31,90.7,0,0,0,88.609375,0,1,0,1,1,1,0,0,0,1,0,1,0,1,0,1,0,1,0,1,0
1,38,95.0,0,0,0,92.08333333333333,0,1,0,1,1,1,0,1,1,0,0,0,1,1,0,0,1,0,0,0,1
0,1,88.35,0,0,1,44.175,1,0,0,1,0,1,0,0,0,0,0,1,1,0,0,1,0,1,0,0,0
0,2,30.25,0,0,0,21.25,0,1,1,0,0,0,0,0,1,0,0,0,0,0,0,1,0,0,1,0,0
0,12,49.85,0,0,0,47.473076923076924,0,1,0,0,0,0,0,0,0,1,0,1,1,0,0,1,0,0,0,0,0
0,9,93.0,0,0,0,87.025,0,0,1,1,0,1,0,1,0,1,1,0,1,0,0,0,0,0,0,0,0
1,11,54.55,0,0,0,50.104166666666664,1,0,1,1,0,0,0,0,1,0,1,0,0,0,0,1,0,1,0,0,0
0,6,19.7,0,0,0,15.950000000000001,1,0,1,1,0,0,1,0,0,0,0,0,0,0,0,0,0,0,1,0,0
0,71,84.8,0,0,0,83.97361111111111,0,1,0,1,0,0,0,1,1,1,1,1,1,1,0,1,0,0,0,0,1
0,42,94.45,0,4,0,91.25116279069768,0,1,1,1,1,1,0,1,1,0,0,1,0,1,0,1,1,0,0,0,1
0,8,94.2,0,1,1,86.36666666666666,0,1,1,1,0,1,0,0,0,1,0,1,1,0,0,1,0,1,0,0,0
0,5,96.25,0,0,1,85.40833333333335,0,0,0,1,0,1,0,0,1,0,0,1,1,0,0,1,0,1,0,0,0
0,2,70.7,2,0,1,47.15,0,1,0,1,0,1,0,0,0,0,0,0,0,0,0,1,0,1,0,0,0
0,45,20.85,0,0,0,19.394565217391303,0,1,1,1,0,0,1,0,0,0,0,0,0,0,1,0,0,0,1,0,1
0,28,60.0,0,0,0,58.001724137931035,1,1,1,0,0,0,0,0,1,1,1,1,1,1,0,1,1,0,0,1,0
0,43,80.45,0,0,0,77.24772727272727,0,1,0,1,1,1,0,0,1,0,0,0,0,0,0,0,0,1,0,0,1
0,60,84.95,0,0,0,81.7188524590164,1,0,1,1,1,0,0,1,0,1,1,1,1,0,1,1,0,1,0,0,1
0,42,33.55,2,0,1,33.61162790697674,0,1,0,0,0,0,0,0,1,0,1,0,0,1,0,0,0,0,1,0,1
0,7,49.65,3,0,0,38.19375,1,1,1,0,0,0,0,1,0,1,1,0,1,0,1,0,1,0,0,0,0
0,25,20.2,0,0,0,19.534615384615385,0,1,0,1,0,0,1,0,0,0,0,0,0,1,0,1,0,0,0,1,0
1,40,94.55,0,6,1,88.79146341463414,0,1,1,1,1,1,0,0,0,0,0,1,1,0,0,1,1,0,0,0,1
0,27,100.5,3,0,0,95.48035714285713,1,0,0,1,1,1,0,0,0,1,0,1,1,1,0,1,0,0,0,1,0
0,10,35.75,3,0,0,35.43636363636364,1,0,0,0,0,0,0,0,1,0,1,0,0,0,0,0,0,1,0,0,0
1,27,86.45,0,0,0,85.75178571428572,0,0,0,1,1,1,0,0,1,1,0,0,0,0,0,1,0,0,0,1,0
0,11,53.8,4,0,0,54.29583333333333,0,0,0,1,0,0,0,0,0,1,1,0,0,1,0,0,0,0,0,0,0
0,4,38.55,0,0,0,31.22,1,1,1,0,0,0,0,1,0,0,0,1,0,0,0,0,1,0,0,0,0
0,68,39.9,0,0,0,40.5268115942029,1,0,0,0,0,0,0,0,0,1,0,0,1,0,0,1,0,0,0,0,1
1,1,70.05,0,0,0,35.025,1,0,0,1,0,1,0,0,0,0,0,0,0,0,0,1,0,1,0,0,0
0,18,20.1,0,0,0,21.423684210526318,0,0,0,1,0,0,1,0,0,0,0,0,0,1,0,0,0,0,1,1,0
0,57,112.95,3,5,1,111.46551724137932,0,0,0,1,1,1,0,1,1,1,0,1,1,0,1,1,0,0,0,0,1
0,26,20.3,0,0,0,18.935185185185187,1,0,0,1,0,0,1,0,0,0,0,0,0,0,0,1,0,1,0,1,0
0,17,35.65,0,0,0,35.891666666666666,0,1,0,0,0,0,0,0,1,1,0,0,0,0,0,1,1,0,0,1,0
0,1,35.9,0,0,1,17.95,1,0,0,0,0,0,0,0,0,0,0,0,1,0,0,0,0,1,0,0,0
0,38,99.25,0,4,1,96.85000000000001,1,0,1,1,1,1,0,0,0,1,0,1,1,0,0,1,0,0,0,0,1
1,59,82.95,0,0,0,81.71916666666667,1,1,0,1,0,1,0,1,1,1,0,0,0,1,0,1,1,0,0,0,1
0,30,55.65,0,0,0,53.349999999999994,1,0,0,1,0,0,0,1,0,1,0,0,0,0,1,1,0,0,1,1,0
1,2,24.45,0,0,1,15.833333333333334,1,0,0,0,0,0,0,0,0,0,0,0,0,0,0,1,0,0,1,0,0
1,50,25.2,0,0,0,25.613725490196078,0,1,0,1,1,0,1,0,0,0,0,0,0,1,0,0,0,1,0,0,1
0,9,50.8,0,0,0,46.36,1,0,0,0,0,0,0,1,0,1,1,0,1,1,0,0,0,0,1,0,0
0,3,19.65,0,0,0,15.1625,0,1,1,1,0,0,1,0,0,0,0,0,0,0,0,0,0,0,1,0,0
0,14,59.8,0,0,0,54.99,0,0,1,1,0,0,0,0,0,1,0,1,0,0,0,1,1,0,0,1,0
1,31,73.55,0,0,0,65.4578125,0,0,0,1,0,1,0,1,0,0,0,0,0,0,0,1,1,0,0,1,0
0,7,61.4,4,0,0,54.8625,0,0,0,1,0,0,0,1,1,1,0,0,0,0,0,0,0,1,0,0,0
0,8,103.35,0,0,1,94.14444444444445,0,0,0,1,1,1,0,1,0,0,1,1,1,0,0,1,0,0,0,0,0
0,17,19.9,0,0,0,18.319444444444443,1,1,1,1,0,0,1,0,0,0,0,0,0,1,0,0,0,0,0,1,0
0,32,19.45,0,0,0,20.440909090909088,1,1,1,1,0,0,1,0,0,0,0,0,0,0,0,1,1,0,0,1,0
1,2,81.5,0,0,0,54.18333333333334,0,0,0,1,0,1,0,0,0,0,0,1,0,0,0,0,0,0,1,0,0
1,7,84.8,0,0,1,68.36875,1,0,0,1,1,1,0,0,0,0,0,1,0,0,0,1,0,1,0,0,0
0,72,109.55,4,0,0,108.04452054794521,0,1,1,1,1,1,0,1,1,1,0,1,1,0,1,0,1,0,0,0,1
1,31,99.95,0,1,1,99.5828125,0,0,0,1,1,1,0,0,1,0,0,1,1,0,0,1,0,1,0,1,0
0,27,74.4,0,0,0,70.44107142857142,0,1,1,1,0,1,0,1,0,0,0,0,0,0,0,0,0,0,1,1,0
0,18,90.0,0,1,1,80.38684210526316,0,0,0,1,1,1,0,0,1,0,0,1,0,0,0,1,1,0,0,1,0
0,7,74.9,0,0,0,61.31875,1,0,0,1,0,1,0,0,0,1,0,0,0,0,0,1,0,1,0,0,0
1,14,104.85,0,1,1,102.09333333333333,0,0,0,1,1,1,0,0,1,1,0,1,1,0,0,1,0,1,0,1,0
0,11,59.65,0,0,0,56.9375,1,1,1,1,0,0,0,0,0,1,0,1,0,0,0,1,0,0,0,0,0
0,72,110.45,0,0,0,110.39520547945206,0,1,1,1,1,1,0,1,0,1,1,1,1,0,1,1,0,0,0,0,1
0,28,106.1,0,2,1,98.18620689655172,1,1,1,1,1,1,0,1,1,0,0,1,1,1,0,0,0,1,0,1,0
1,15,74.2,0,0,1,70.86875,1,0,0,1,1,1,0,0,0,0,0,0,0,0,0,1,1,0,0,1,0
1,4,74.45,0,0,0,58.89,0,0,0,1,1,1,0,0,0,0,0,0,0,0,0,1,0,1,0,0,0
0,71,24.55,0,0,0,23.877083333333335,0,0,0,1,1,0,1,0,0,0,0,0,0,0,1,0,0,1,0,0,1
0,5,89.35,0,0,1,76.95,0,0,0,1,0,1,0,0,1,0,1,0,1,0,0,1,0,1,0,0,0
0,47,24.55,0,0,0,24.176041666666666,1,1,1,1,1,0,1,0,0,0,0,0,0,0,1,0,0,0,1,0,1
1,57,90.65,0,0,0,89.65172413793104,1,1,0,1,0,1,0,0,1,1,0,1,0,1,0,1,0,1,0,0,1
1,50,105.05,0,0,0,101.24117647058824,1,1,0,1,1,1,0,1,0,1,0,1,1,0,1,1,1,0,0,0,1
0,8,20.45,0,0,0,18.033333333333335,1,0,0,1,0,0,1,0,0,0,0,0,0,0,0,1,1,0,0,0,0
0,48,19.55,0,0,0,18.027551020408165,0,1,1,1,0,0,1,0,0,0,0,0,0,0,1,0,0,0,1,0,1
0,70,19.7,1,0,0,18.8943661971831,0,0,0,1,0,0,1,0,0,0,0,0,0,1,0,0,0,0,0,0,1
0,1,70.45,0,0,0,35.225,1,0,1,1,0,0,0,1,1,0,1,0,1,0,0,1,0,0,0,0,0
0,8,85.65,0,0,0,73.27222222222223,1,1,0,1,1,1,0,0,0,0,0,0,1,0,0,1,0,0,0,0,0
0,1,77.15,0,0,1,38.575,0,0,0,1,1,1,0,0,0,0,0,0,0,0,0,1,0,1,0,0,0
0,1,35.25,0,0,1,17.625,1,0,0,0,0,0,0,0,0,0,0,0,1,0,0,1,0,0,0,0,0
0,60,20.55,0,0,0,19.754918032786886,1,1,1,1,0,0,1,0,0,0,0,0,0,0,1,0,0,0,1,0,1
0,49,97.95,0,0,0,98.35799999999999,1,1,1,1,1,1,0,0,0,0,1,1,1,1,0,1,0,1,0,0,1
0,4,48.55,0,0,1,40.2,1,1,0,0,0,0,0,0,1,0,0,1,1,0,0,1,0,1,0,0,0
0,29,20.0,0,0,0,19.976666666666667,0,0,0,1,0,0,1,0,0,0,0,0,0,1,0,0,0,0,1,1,0
0,67,25.25,0,0,0,25.4875,0,1,0,1,1,0,1,0,0,0,0,0,0,0,1,1,1,0,0,0,1
0,53,98.4,1,6,1,95.36111111111111,0,1,0,1,1,1,0,0,1,0,0,1,1,0,0,1,1,0,0,0,1
0,67,70.9,0,0,0,68.78088235294118,1,1,0,1,1,0,0,1,1,1,1,0,0,0,1,0,1,0,0,0,1
0,6,19.85,0,0,0,17.04285714285714,0,1,1,1,0,0,1,0,0,0,0,0,0,0,0,0,0,0,1,0,0
0,47,106.35,1,0,0,101.02291666666667,0,0,0,1,1,1,0,0,1,1,0,1,1,0,0,1,0,1,0,0,1
0,53,99.5,0,0,0,100.44907407407408,0,0,0,1,0,1,0,1,1,1,1,0,1,0,1,0,0,0,1,0,1
0,69,84.7,0,0,0,83.9842857142857,1,1,0,1,0,0,0,1,1,1,1,1,1,0,1,1,0,0,1,0,1
0,3,86.05,2,0,0,61.2125,1,0,0,1,0,1,0,1,0,0,0,0,1,0,0,1,0,0,1,0,0
0,4,44.55,0,0,0,44.15,1,0,0,1,0,0,0,0,0,0,0,0,0,0,0,0,0,0,1,0,0
0,56,75.85,0,0,0,74.7578947368421,1,1,1,1,1,0,0,1,1,0,1,0,1,0,1,1,1,0,0,0,1
1,59,93.85,0,4,1,92.9125,1,1,0,1,1,1,0,0,0,0,0,1,1,0,0,1,0,0,0,0,1
1,61,25.0,0,1,0,24.221774193548388,1,1,0,1,1,0,1,0,0,0,0,0,0,0,1,0,0,0,0,0,1
0,2,45.0,0,0,0,29.916666666666668,0,1,0,1,0,0,0,0,0,0,0,0,0,0,0,1,0,1,0,0,0
1,46,100.7,0,5,1,96.62127659574467,1,1,1,1,1,1,0,1,1,1,0,1,0,0,0,1,0,1,0,0,1
0,12,20.5,0,0,0,19.653846153846153,1,1,1,1,0,0,1,0,0,0,0,0,0,0,0,0,0,0,1,0,0
0,14,80.45,5,1,1,71.46666666666667,0,0,0,1,1,1,0,0,0,1,0,0,0,0,0,1,0,1,0,1,0
0,28,90.45,2,0,0,86.52586206896552,0,1,1,1,1,1,0,0,0,0,1,0,1,1,0,1,0,1,0,1,0
0,24,60.45,0,1,0,57.63,1,0,0,1,0,0,0,1,1,0,1,0,0,0,0,0,0,0,0,1,0
0,31,55.25,0,0,1,53.6140625,1,0,0,1,0,0,0,0,0,1,1,0,0,0,0,1,0,1,0,1,0
0,68,78.45,0,0,0,77.2949275362319,0,1,1,1,1,0,0,1,1,1,1,0,1,1,0,1,0,1,0,0,1
0,39,100.55,0,3,0,97.38374999999999,1,0,1,1,1,1,0,0,0,0,1,1,1,0,1,0,0,0,1,0,1
0,42,20.35,0,0,0,20.230232558139534,0,1,0,1,0,0,1,0,0,0,0,0,0,0,0,0,1,0,0,0,1
0,13,54.45,0,0,1,50.489285714285714,1,1,0,0,0,0,0,1,0,0,1,1,1,0,0,1,0,1,0,1,0
0,6,90.75,4,0,0,73.17857142857143,0,1,0,1,1,1,0,0,1,0,0,0,1,0,0,1,0,1,0,0,0
0,35,75.35,0,0,1,73.22361111111111,1,0,0,1,1,1,0,0,0,0,0,0,0,0,0,0,1,0,0,1,0
0,38,20.25,0,0,0,20.891025641025642,0,1,0,1,0,0,1,0,0,0,0,0,0,1,0,1,1,0,0,0,1
0,18,20.05,0,0,0,20.45263157894737,1,0,0,1,0,0,1,0,0,0,0,0,0,0,1,0,1,0,0,1,0
0,4,19.6,0,0,0,18.69,0,1,0,1,0,0,1,0,0,0,0,0,0,0,0,0,0,0,1,0,0
0,27,53.8,0,0,0,49.637499999999996,1,1,0,1,0,0,0,0,1,0,1,0,0,0,0,1,0,1,0,1,0
0,41,70.2,0,0,0,68.91785714285714,1,0,1,1,0,0,0,1,1,1,0,1,0,1,0,0,0,0,1,0,1
0,50,75.5,0,0,0,78.93333333333334,1,1,1,1,0,0,0,1,0,0,1,1,1,1,0,0,0,1,0,0,1
0,72,20.35,0,0,0,18.553424657534247,1,1,1,1,0,0,1,0,0,0,0,0,0,0,1,0,0,1,0,0,1
0,70,26.05,0,0,0,26.146478873239438,0,0,0,1,1,0,1,0,0,0,0,0,0,1,0,0,1,0,0,0,1
0,44,20.6,0,0,0,20.57777777777778,1,1,1,1,0,0,1,0,0,0,0,0,0,1,0,0,0,0,0,0,1
0,2,75.7,0,0,1,63.06666666666666,1,0,0,1,0,1,0,1,0,0,0,0,0,0,0,1,0,1,0,0,0
0,34,20.1,0,0,0,19.48857142857143,0,1,1,1,0,0,1,0,0,0,0,0,0,1,0,1,0,0,0,1,0
1,72,24.3,0,0,0,24.365753424657534,0,1,0,1,1,0,1,0,0,0,0,0,0,0,1,0,0,0,0,0,1
0,71,24.5,0,6,0,25.225,1,1,0,1,1,0,1,0,0,0,0,0,0,0,1,1,0,1,0,0,1
0,64,110.5,0,0,0,108.75769230769231,0,0,0,1,1,1,0,0,1,1,1,1,1,0,1,1,1,0,0,0,1
0,72,25.25,0,0,0,25.221917808219178,0,1,0,1,1,0,1,0,0,0,0,0,0,0,1,1,0,0,0,0,1
0,1,74.25,0,0,1,37.125,1,0,0,1,1,1,0,0,0,0,0,0,0,0,0,1,0,0,1,0,0
1,29,90.1,0,0,0,88.55666666666666,1,1,0,1,0,1,0,1,0,1,0,0,1,1,0,0,0,0,0,1,0
0,23,68.75,0,0,0,70.39375,0,1,0,1,0,0,0,1,0,1,1,0,1,1,0,1,0,0,0,1,0
0,52,19.2,0,1,0,19.900943396226417,1,1,1,1,0,0,1,0,0,0,0,0,0,0,1,0,0,0,1,0,1
1,25,89.7,0,2,1,84.13653846153846,0,0,0,1,1,1,0,0,1,0,0,0,1,0,0,1,0,1,0,1,0
0,64,115.1,0,0,0,112.83153846153846,0,0,0,1,1,1,0,1,1,1,1,1,1,0,1,1,0,0,0,0,1
1,16,96.4,4,0,1,93.01176470588236,0,0,0,1,1,1,0,0,0,0,0,1,1,0,0,1,0,1,0,1,0
1,1,69.5,0,0,1,34.75,1,0,0,1,0,1,0,0,0,0,0,0,0,0,0,1,0,0,0,0,0
0,24,99.65,0,0,0,96.194,1,0,0,1,1,1,0,0,1,0,0,1,1,0,0,1,0,0,0,1,0
0,2,91.45,0,0,0,57.15,1,1,0,1,1,1,0,0,0,1,0,1,0,0,0,1,0,1,0,0,0
0,34,84.75,0,0,0,81.12714285714286,0,1,1,1,0,0,0,1,1,1,1,1,1,0,1,0,0,0,1,1,0
1,36,85.25,0,0,1,84.66891891891892,1,1,0,1,1,1,0,0,0,0,0,0,1,0,0,1,1,0,0,1,0
0,53,78.75,0,0,0,73.00833333333333,1,1,1,1,1,0,0,0,0,1,1,1,1,1,0,1,0,0,1,0,1
0,47,20.25,0,0,0,18.195833333333333,0,1,1,1,0,0,1,0,0,0,0,0,0,0,1,0,1,0,0,0,1
0,72,19.9,0,0,0,20.954109589041096,1,0,1,1,0,0,1,0,0,0,0,0,0,0,1,0,1,0,0,0,1
0,72,97.75,0,0,0,95.77534246575343,1,1,1,1,1,1,0,1,1,0,1,0,1,0,1,1,1,0,0,0,1
0,1,19.4,0,0,1,9.7,1,0,0,1,0,0,1,0,0,0,0,0,0,0,0,0,0,0,1,0,0
0,9,83.3,0,0,1,80.33,0,0,0,1,1,1,0,0,0,0,0,0,1,0,0,1,0,1,0,0,0
0,8,80.1,0,0,1,75.47777777777777,0,0,0,1,0,1,0,0,0,0,0,1,0,0,0,1,0,0,0,0,0
1,45,62.7,0,5,1,60.68478260869565,1,0,0,1,0,0,0,1,0,1,0,0,1,1,0,0,1,0,0,0,1
0,7,100.4,2,0,0,89.375,0,0,0,1,0,1,0,0,0,1,1,1,1,0,0,1,0,1,0,0,0
0,71,24.45,0,0,0,23.355555555555554,0,1,0,1,1,0,1,0,0,0,0,0,0,0,1,1,1,0,0,0,1
1,41,101.1,0,0,0,95.62380952380951,0,0,0,1,0,1,0,0,0,1,1,1,1,1,0,1,0,0,0,0,1
0,67,50.9,5,4,0,48.25955882352941,1,1,1,0,0,0,0,1,0,0,0,1,1,0,1,0,1,0,0,0,1
0,69,107.2,0,0,0,104.53,1,1,0,1,1,1,0,1,1,1,1,0,1,1,0,1,1,0,0,0,1
1,70,92.2,0,0,0,91.18943661971831,0,1,0,1,1,0,0,1,1,1,1,1,1,0,1,1,0,0,0,0,1
0,25,25.3,0,0,1,26.013461538461538,1,0,0,1,1,0,1,0,0,0,0,0,0,1,0,0,0,0,0,1,0
0,72,113.4,0,0,0,111.83698630136986,1,0,0,1,1,1,0,1,1,1,1,1,1,0,1,0,0,0,0,0,1
0,34,40.55,4,0,0,37.88142857142857,1,1,1,0,0,0,0,0,0,0,1,1,0,0,1,1,0,1,0,1,0
0,65,26.0,0,0,0,25.073484848484846,0,1,1,1,1,0,1,0,0,0,0,0,0,0,1,0,1,0,0,0,1
0,70,111.95,0,0,0,109.80211267605634,0,0,0,1,1,1,0,1,1,1,1,1,1,0,1,1,1,0,0,0,1
0,72,53.8,1,0,0,54.143150684931506,0,1,1,0,0,0,0,1,0,1,0,1,1,0,1,1,1,0,0,0,1
0,35,72.1,4,0,0,69.30972222222222,1,0,1,1,0,0,0,0,0,0,1,1,1,1,0,1,0,0,1,1,0
0,13,98.15,0,0,1,87.875,1,0,0,1,1,1,0,1,0,0,0,1,1,0,0,0,0,0,1,1,0
0,12,78.85,0,0,0,67.4423076923077,0,1,0,1,1,0,0,1,0,1,0,1,1,1,0,0,0,1,0,0,0
0,62,70.75,0,0,0,67.67380952380952,0,1,1,1,0,0,0,1,0,1,1,1,0,1,0,1,0,0,0,0,1
0,25,76.15,5,0,0,76.65192307692308,0,0,0,1,0,0,0,1,0,0,1,1,1,0,0,1,1,0,0,1,0
0,52,39.1,0,0,0,37.39811320754717,0,0,0,0,0,0,0,1,1,0,1,0,0,0,1,0,0,0,1,0,1
1,8,69.95,0,0,0,62.522222222222226,1,0,0,1,0,1,0,0,0,0,0,0,0,0,0,1,1,0,0,0,0
0,2,20.05,0,0,0,11.233333333333334,1,0,0,1,0,0,1,0,0,0,0,0,0,0,0,0,0,0,1,0,0
0,56,20.05,2,0,0,19.12456140350877,0,1,1,1,0,0,1,0,0,0,0,0,0,0,1,0,0,0,1,0,1
0,12,19.45,4,0,0,17.496153846153845,0,0,0,1,0,0,1,0,0,0,0,0,0,0,0,0,0,0,0,0,0
0,47,26.9,0,0,0,26.059375,0,1,0,1,1,0,1,0,0,0,0,0,0,1,0,0,0,1,0,0,1
1,2,19.2,0,0,0,12.4,1,0,0,1,0,0,1,0,0,0,0,0,0,0,0,0,0,1,0,0,0
0,18,50.0,0,0,0,46.98421052631579,0,0,0,1,0,0,0,0,0,1,0,0,0,0,0,1,0,0,1,1,0
0,8,60.0,0,0,0,54.19444444444444,0,0,0,1,0,0,0,1,0,0,0,1,0,0,0,1,0,1,0,0,0
0,45,84.55,0,0,0,80.73804347826086,1,1,0,1,1,1,0,1,0,1,0,0,0,0,0,1,0,0,1,0,1
0,3,45.45,0,0,0,35.425,1,0,0,1,0,0,0,0,0,0,0,0,0,0,0,0,0,0,1,0,0
0,38,20.05,5,0,0,17.389743589743592,0,0,0,1,0,0,1,0,0,0,0,0,0,1,0,0,0,0,1,0,1
0,72,115.55,0,0,0,115.41506849315067,1,1,0,1,1,1,0,1,1,1,1,1,1,0,1,1,0,1,0,0,1
0,46,93.7,0,2,1,88.4,1,0,0,1,1,1,0,1,1,0,0,0,1,0,0,1,0,1,0,0,1
0,71,99.0,0,0,0,98.07847222222222,0,1,1,1,1,1,0,1,1,1,0,1,0,0,1,1,1,0,0,0,1
0,66,50.55,0,0,0,50.21716417910448,1,1,1,0,0,0,0,0,0,0,1,1,1,0,1,0,0,0,0,0,1
1,25,105.95,0,3,1,102.125,1,0,0,1,1,1,0,0,1,1,0,1,1,0,0,0,0,0,1,1,0
0,18,82.0,5,1,1,75.02368421052631,1,0,0,1,1,0,0,0,0,1,1,1,1,1,0,1,1,0,0,1,0
0,13,25.0,0,0,0,23.75,0,1,1,1,1,0,1,0,0,0,0,0,0,0,1,1,0,0,0,1,0
0,65,91.55,0,0,0,90.36287878787878,0,1,1,1,1,0,0,1,1,1,1,1,1,0,1,0,0,0,0,0,1
0,60,95.75,0,5,1,94.14590163934426,1,1,0,1,1,1,0,0,1,1,0,1,0,0,0,1,0,1,0,0,1
0,15,19.35,0,0,0,17.428125,1,1,1,1,0,0,1,0,0,0,0,0,0,0,1,0,0,0,1,1,0
0,72,24.85,0,0,0,25.641780821917806,0,1,0,1,1,0,1,0,0,0,0,0,0,0,1,0,1,0,0,0,1
0,30,94.05,0,3,1,92.46612903225805,1,1,0,1,1,1,0,0,0,0,0,1,1,0,0,1,1,0,0,1,0
0,42,100.4,2,3,0,100.08488372093022,0,1,1,1,0,1,0,0,0,1,1,1,1,0,1,1,0,1,0,0,1
0,71,25.0,0,0,0,24.34722222222222,0,1,0,1,1,0,1,0,0,0,0,0,0,0,1,0,0,0,0,0,1
0,1,54.75,0,0,1,27.375,0,0,0,1,0,0,0,0,0,0,0,0,1,0,0,1,0,0,1,0,0
1,39,95.65,1,1,1,93.97625000000001,1,0,0,1,1,1,0,0,0,0,0,1,1,0,0,1,0,0,0,0,1
0,35,19.25,0,0,0,17.156944444444445,0,0,0,1,0,0,1,0,0,0,0,0,0,0,0,0,0,0,0,1,0
0,53,108.25,0,0,0,109.90925925925927,0,1,1,1,0,1,0,0,1,1,1,1,1,0,0,1,0,0,0,0,1
0,1,94.6,0,0,1,47.3,0,0,0,1,1,1,0,0,0,0,0,1,1,0,0,1,0,1,0,0,0
1,31,98.9,0,5,1,90.978125,0,1,1,1,0,1,0,0,0,1,1,1,1,0,0,1,0,1,0,1,0
0,48,20.15,0,0,0,20.060204081632655,1,0,0,1,0,0,1,0,0,0,0,0,0,0,1,0,1,0,0,0,1
1,30,101.3,0,0,0,95.95161290322581,0,0,1,1,1,1,0,0,0,0,1,1,1,0,0,1,0,1,0,1,0
0,10,20.0,0,0,0,18.063636363636363,1,0,0,1,0,0,1,0,0,0,0,0,0,0,0,0,1,0,0,0,0
0,12,105.3,0,0,0,98.12692307692308,0,0,1,1,1,1,0,0,1,1,0,1,1,0,0,1,0,1,0,0,0
1,57,69.85,1,0,0,69.01724137931035,0,0,0,1,0,0,0,1,0,1,1,1,0,0,1,0,0,0,0,0,1
0,58,65.25,0,3,0,64.26440677966102,0,1,0,1,0,0,0,1,1,0,0,1,0,0,0,1,1,0,0,0,1
0,37,19.8,0,0,0,21.402631578947368,0,0,0,1,0,0,1,0,0,0,0,0,0,0,1,0,0,0,1,0,1
0,44,19.6,0,0,0,17.33888888888889,0,1,1,1,0,0,1,0,0,0,0,0,0,0,0,0,0,0,1,0,1
0,27,20.05,0,0,0,19.74642857142857,1,0,1,1,0,0,1,0,0,0,0,0,0,1,0,0,1,0,0,1,0
0,8,49.4,0,0,0,45.361111111111114,0,0,0,1,0,0,0,0,0,0,1,0,0,0,0,0,0,1,0,0,0
1,3,76.05,0,0,1,57.95,1,0,0,1,1,1,0,0,0,0,0,0,0,0,0,1,0,1,0,0,0
1,25,88.4,0,0,0,84.275,0,1,0,1,0,1,0,0,1,1,0,0,1,0,0,0,0,0,0,1,0
0,57,100.6,0,0,0,96.75344827586207,0,1,1,1,1,1,0,0,1,0,0,1,1,0,0,1,0,1,0,0,1
0,12,19.45,0,0,0,18.942307692307693,0,0,0,1,0,0,1,0,0,0,0,0,0,0,0,0,0,0,1,0,0
0,62,20.3,0,0,0,20.573809523809526,0,1,1,1,0,0,1,0,0,0,0,0,0,0,1,0,0,0,0,0,1
0,65,107.65,0,0,0,107.3159090909091,0,1,0,1,1,1,0,0,1,1,1,1,1,0,1,1,0,0,0,0,1
0,71,80.45,0,0,0,78.64236111111111,0,1,0,1,1,0,0,0,0,1,1,1,1,0,1,1,0,0,0,0,1
0,21,58.85,0,0,0,55.247727272727275,0,1,1,1,0,0,0,0,1,0,0,1,0,1,0,1,1,0,0,1,0
0,71,109.6,0,3,0,109.08541666666666,1,1,0,1,1,1,0,1,1,1,0,1,1,1,0,1,0,1,0,0,1
0,7,75.15,0,0,0,65.625,0,0,0,1,0,1,0,0,0,1,0,0,0,0,0,1,0,1,0,0,0
0,72,73.0,0,0,0,72.12602739726027,0,0,0,1,0,0,0,1,1,1,1,0,1,0,1,1,1,0,0,0,1
0,1,70.1,5,0,0,35.05,0,0,0,1,0,1,0,0,0,0,0,0,0,0,0,0,0,1,0,0,0
0,72,98.65,3,0,0,97.66369863013698,0,1,1,1,1,1,0,0,1,1,1,0,1,0,1,1,0,0,0,0,1
0,64,111.45,1,0,0,111.79923076923076,0,1,1,1,1,1,0,0,1,1,1,1,1,1,0,1,0,1,0,0,1
0,72,114.9,0,0,0,116.39315068493151,0,0,0,1,1,1,0,1,1,1,1,1,1,0,1,1,0,1,0,0,1
0,29,100.55,0,0,0,95.95833333333333,0,0,0,1,1,1,0,0,0,1,0,1,1,0,0,0,0,0,0,1,0
0,13,20.4,0,0,0,18.664285714285715,0,0,0,1,0,0,1,0,0,0,0,0,0,0,1,1,0,0,1,1,0
0,31,104.35,0,0,0,100.175,0,0,0,1,1,1,0,1,1,0,0,1,1,0,0,0,0,1,0,1,0
1,1,69.75,0,0,1,34.875,1,0,0,1,0,1,0,0,0,0,0,0,0,0,0,1,0,1,0,0,0
0,7,34.5,0,0,1,34.90625,1,1,1,0,0,0,0,1,0,0,1,0,0,0,0,1,0,1,0,0,0
0,61,105.55,4,6,1,101.31370967741935,1,1,0,1,1,1,0,0,1,1,0,1,1,0,0,1,0,1,0,0,1
0,39,30.1,0,0,1,28.2825,0,0,1,0,0,0,0,0,0,1,0,0,0,0,0,0,1,0,0,0,1
0,10,70.3,0,0,1,67.10909090909091,1,1,0,1,0,1,0,0,0,0,0,0,0,0,0,1,0,1,0,0,0
0,14,80.45,4,0,0,75.80333333333333,0,1,1,1,1,0,0,0,1,0,1,1,1,0,0,0,1,0,0,1,0
0,1,80.2,5,0,1,40.1,0,0,0,1,1,1,0,0,1,0,0,0,0,0,0,1,0,0,1,0,0
0,67,94.35,0,8,1,93.25661764705882,0,1,1,1,1,1,0,1,0,0,1,0,1,1,0,1,1,0,0,0,1
0,72,91.35,4,0,0,91.74246575342465,0,0,0,1,1,0,0,1,1,1,1,1,1,0,1,1,0,0,0,0,1
0,6,44.6,0,0,1,37.25714285714286,1,1,1,1,0,0,0,0,0,0,0,0,0,0,0,1,0,0,0,0,0
0,1,19.6,0,0,1,9.8,0,0,0,1,0,0,1,0,0,0,0,0,0,0,0,1,0,0,1,0,0
0,25,19.9,0,0,0,19.440384615384616,1,1,1,1,0,0,1,0,0,0,0,0,0,1,0,0,0,1,0,1,0
1,33,110.45,0,3,1,107.51323529411764,0,0,0,1,1,1,0,0,1,1,1,1,1,0,0,1,0,1,0,1,0
0,18,68.35,4,0,0,68.41052631578947,1,0,0,1,0,0,0,1,0,1,1,1,0,0,0,1,0,1,0,1,0
0,71,79.1,0,0,0,77.28958333333334,1,1,0,1,0,0,0,0,1,1,1,1,1,0,1,1,1,0,0,0,1
1,28,51.0,0,2,0,47.648275862068964,1,1,1,1,1,0,0,0,0,0,0,0,0,1,0,1,0,1,0,1,0
0,2,80.55,5,0,0,62.699999999999996,0,0,1,1,1,1,0,1,0,0,0,0,0,0,0,0,1,0,0,0,0
0,17,66.7,0,0,0,59.83611111111111,1,1,1,1,1,0,0,0,1,1,1,0,0,0,0,1,0,0,1,1,0
0,56,86.4,0,0,0,86.3578947368421,1,0,0,1,1,1,0,1,1,0,0,0,0,0,0,1,0,1,0,0,1
0,60,50.05,0,0,0,47.72950819672131,0,1,0,0,0,0,0,1,1,1,0,0,1,1,0,0,0,1,0,0,1
0,33,25.7,0,0,0,24.29705882352941,0,0,0,1,1,0,1,0,0,0,0,0,0,0,1,0,1,0,0,1,0
0,1,83.4,0,0,0,41.7,0,0,0,1,0,1,0,1,1,0,1,0,0,0,0,1,0,0,1,0,0
0,2,70.7,0,0,1,46.9,1,0,0,1,0,1,0,0,0,0,0,0,0,0,0,0,1,0,0,0,0
0,63,84.65,0,0,0,84.028125,1,1,0,1,1,1,0,1,0,0,1,0,0,0,1,1,1,0,0,0,1
1,7,99.25,0,0,1,83.18125,1,1,0,1,1,1,0,0,0,1,0,1,1,0,0,1,0,1,0,0,0
0,55,64.75,0,0,0,64.59107142857142,0,0,0,1,0,0,0,0,1,1,0,0,1,0,1,1,0,0,1,0,1
0,65,100.15,0,0,0,100.6590909090909,0,1,0,1,1,1,0,1,1,0,1,1,0,1,0,1,0,0,0,0,1
0,1,84.8,0,0,1,42.4,1,1,0,1,0,1,0,0,0,0,1,1,0,0,0,1,0,1,0,0,0
0,63,25.25,0,0,0,24.3640625,1,0,0,1,1,0,1,0,0,0,0,0,0,0,1,0,0,0,1,0,1
1,70,113.0,3,0,0,112.50140845070423,0,1,0,1,1,1,0,1,1,1,1,1,1,0,1,1,1,0,0,0,1
0,36,40.65,0,0,0,41.82027027027027,0,1,1,0,0,0,0,1,0,1,1,0,0,0,1,0,1,0,0,1,0
0,52,105.0,0,6,1,102.3933962264151,1,0,0,1,0,1,0,0,1,1,1,1,1,1,0,1,0,0,0,0,1
0,22,54.45,5,0,1,49.01521739130435,1,0,0,1,1,0,0,1,0,0,0,0,0,0,0,1,0,1,0,1,0
0,22,94.95,0,0,0,93.16521739130435,1,0,0,1,0,1,0,0,1,1,1,0,1,0,0,1,0,0,0,1,0
1,5,59.9,1,0,0,47.975,0,0,0,1,0,0,0,1,1,0,1,0,0,0,0,0,1,0,0,0,0
0,47,85.3,1,3,1,84.284375,0,1,0,1,0,1,0,0,0,1,0,0,1,0,0,1,0,1,0,0,1
0,33,83.35,3,2,1,81.11323529411764,0,0,0,1,1,1,0,0,0,0,0,0,1,0,0,1,0,1,0,1,0
0,18,33.5,0,3,1,31.57894736842105,1,0,0,0,0,0,0,0,1,1,0,0,0,0,0,1,1,0,0,1,0
0,1,19.8,0,0,0,9.9,0,0,0,1,0,0,1,0,0,0,0,0,0,0,0,0,1,0,0,0,0
0,56,81.8,0,4,0,79.55175438596491,1,0,0,1,0,0,0,0,1,1,1,1,1,0,1,1,1,0,0,0,1
0,2,20.0,0,0,0,13.633333333333333,0,0,0,1,0,0,1,0,0,0,0,0,0,0,0,1,0,0,1,0,0
0,35,59.6,0,0,0,58.19166666666667,1,0,0,1,1,0,0,1,0,1,0,0,0,0,0,1,0,1,0,1,0
0,64,25.0,0,0,0,24.38153846153846,0,1,0,1,1,0,1,0,0,0,0,0,0,0,1,0,1,0,0,0,1
0,15,84.35,4,0,0,81.415625,0,0,0,1,1,1,0,1,0,1,0,0,0,0,0,1,1,0,0,1,0
0,24,90.35,4,2,1,89.54,1,0,0,1,0,1,0,0,0,0,0,1,1,0,0,1,0,1,0,1,0
0,1,55.55,0,0,0,27.775,1,0,0,1,0,0,0,0,0,0,0,0,1,0,0,0,0,0,1,0,0
0,70,75.35,0,0,0,76.58802816901408,0,1,1,1,0,0,0,1,0,0,1,1,1,0,1,0,1,0,0,0,1
0,1,90.75,0,0,1,45.375,1,1,0,1,0,1,0,0,0,0,0,1,1,0,0,1,0,1,0,0,0
0,4,89.6,0,2,1,73.13,0,0,1,1,1,1,0,0,1,0,0,1,0,0,0,0,0,0,1,0,0
0,39,59.3,0,0,0,55.228750000000005,0,0,0,1,0,0,0,0,0,0,1,0,1,1,0,0,0,1,0,0,1
0,29,66.1,0,0,0,63.73833333333334,0,0,0,1,1,0,0,1,0,0,0,0,1,0,0,1,0,1,0,1,0
0,14,18.8,0,0,0,17.03666666666667,0,1,1,1,0,0,1,0,0,0,0,0,0,0,1,0,0,0,1,1,0
0,61,86.45,1,0,0,83.47258064516129,0,0,0,1,1,0,0,1,0,1,1,1,1,0,1,0,1,0,0,0,1
0,13,52.1,0,0,0,47.903571428571425,1,0,1,1,0,0,0,1,0,0,0,0,0,0,0,1,1,0,0,1,0
0,66,47.4,0,0,0,47.42164179104478,0,0,0,0,0,0,0,1,1,1,1,0,0,0,1,1,0,0,1,0,1
0,2,49.25,0,0,1,30.116666666666664,1,0,0,0,0,0,0,0,0,1,0,1,1,0,0,1,0,1,0,0,0
0,59,109.15,0,1,0,109.29583333333333,0,1,0,1,1,1,0,1,1,1,0,1,1,1,0,1,1,0,0,0,1
0,62,94.95,1,0,0,91.93412698412699,1,1,1,1,1,1,0,1,1,0,0,1,0,1,0,1,1,0,0,0,1
1,33,93.55,0,0,0,89.86764705882354,1,1,0,1,0,1,0,1,1,0,1,0,1,1,0,1,0,1,0,1,0
0,66,79.5,0,0,0,77.55373134328359,1,0,1,1,0,0,0,0,1,1,1,1,1,0,1,1,1,0,0,0,1
0,72,115.05,0,0,0,115.13698630136986,0,0,0,1,1,1,0,1,1,1,1,1,1,0,1,0,1,0,0,0,1
0,1,19.75,0,0,1,9.875,1,0,1,1,0,0,1,0,0,0,0,0,0,0,0,0,0,0,1,0,0
0,19,95.15,0,1,1,89.4625,0,0,0,1,1,1,0,1,1,0,0,0,1,0,0,1,0,1,0,1,0
0,51,95.15,0,0,0,96.1548076923077,0,1,1,1,1,1,0,1,0,0,1,1,0,1,0,1,0,0,1,0,1
0,63,105.4,2,0,0,104.89375,1,0,0,1,1,1,0,0,1,0,1,1,1,0,0,0,0,1,0,0,1
0,27,20.1,0,0,0,20.092857142857145,1,0,0,1,0,0,1,0,0,0,0,0,0,1,0,0,0,0,0,1,0
0,22,101.35,0,2,1,100.74347826086957,1,0,0,1,1,1,0,1,0,0,0,1,1,0,0,1,0,0,0,1,0
1,4,20.05,0,0,0,18.29,0,0,0,1,0,0,1,0,0,0,0,0,0,0,0,0,0,0,1,0,0
0,42,20.7,5,0,0,19.275581395348837,1,1,1,1,0,0,1,0,0,0,0,0,0,0,1,0,0,0,1,0,1
0,29,20.35,2,0,0,20.578333333333333,0,0,0,1,0,0,1,0,0,0,0,0,0,1,0,0,0,0,1,1,0
0,4,70.05,0,0,1,53.379999999999995,0,0,0,1,0,1,0,0,0,0,0,0,0,0,0,1,1,0,0,0,0
0,30,19.7,0,0,0,20.16290322580645,1,0,0,1,0,0,1,0,0,0,0,0,0,1,0,0,0,0,1,1,0
0,4,74.65,0,0,1,60.279999999999994,1,1,0,1,1,1,0,0,0,0,0,0,0,0,0,1,0,1,0,0,0
0,71,85.45,5,0,0,83.7486111111111,1,1,1,1,0,0,0,1,1,1,1,1,1,0,1,0,0,0,0,0,1
0,46,40.4,0,0,0,39.206382978723404,1,1,0,0,0,0,0,1,0,1,1,0,0,0,1,0,1,0,0,0,1
0,4,50.4,0,0,1,41.32,1,0,0,1,1,0,0,0,0,0,0,0,0,0,0,0,0,0,1,0,0
0,7,79.65,5,0,1,75.5875,0,0,0,1,1,1,0,1,0,0,0,0,0,0,0,1,0,0,1,0,0
0,69,105.2,4,0,0,105.515,1,0,0,1,1,1,0,0,1,0,1,1,1,1,0,1,0,0,0,0,1
0,72,100.65,5,0,0,100.46643835616439,0,1,0,1,1,1,0,1,1,1,0,1,0,0,1,0,0,0,0,0,1
1,19,79.85,0,0,1,73.5875,1,0,0,1,1,1,0,0,0,1,0,0,0,0,0,1,0,1,0,1,0
0,28,91.0,4,0,0,90.55689655172414,1,0,0,1,0,1,0,0,0,1,1,0,1,0,0,0,0,1,0,1,0
0,5,78.75,0,0,1,68.68333333333334,1,1,0,1,1,1,0,0,1,0,0,0,0,0,0,1,0,1,0,0,0
1,72,116.75,3,0,0,113.38424657534246,0,1,0,1,1,1,0,1,1,1,1,1,1,0,1,1,1,0,0,0,1
1,8,80.45,0,0,1,64.82777777777778,1,1,1,1,0,1,0,0,0,0,0,1,0,0,0,1,1,0,0,0,0
0,7,59.1,0,0,0,46.15625,0,0,0,1,0,0,0,1,0,0,0,0,1,1,0,1,0,1,0,0,0
0,22,49.8,0,0,0,45.61086956521739,0,0,0,1,0,0,0,1,0,0,0,0,0,0,0,1,0,1,0,1,0
0,72,19.3,0,0,0,19.38082191780822,1,0,0,1,0,0,1,0,0,0,0,0,0,0,1,0,0,0,0,0,1
0,8,19.65,2,0,0,18.86111111111111,1,1,1,1,0,0,1,0,0,0,0,0,0,0,0,0,1,0,0,0,0
0,52,81.4,0,0,0,82.15943396226415,1,1,0,1,1,0,0,1,1,1,1,0,1,1,0,1,1,0,0,0,1
0,68,38.9,0,0,0,39.40869565217391,0,0,0,0,0,0,0,1,0,1,1,0,0,0,1,0,0,0,1,0,1
0,71,87.95,0,0,0,88.4076388888889,0,1,0,1,1,0,0,1,1,1,1,1,1,0,1,0,0,0,0,0,1
0,2,19.85,0,0,0,17.2,1,0,0,1,0,0,1,0,0,0,0,0,0,0,0,0,0,0,1,0,0
1,34,96.35,0,0,0,91.15,0,0,0,1,1,1,0,0,1,0,1,1,0,0,0,1,0,1,0,1,0
0,35,24.15,0,0,0,22.569444444444443,0,0,0,0,0,0,0,0,0,0,0,0,0,0,0,0,0,1,0,1,0
0,61,19.1,0,0,0,18.448387096774194,0,1,1,1,0,0,1,0,0,0,0,0,0,1,0,0,1,0,0,0,1
0,1,44.0,1,0,0,22.0,1,0,0,1,0,0,0,0,0,0,0,0,0,0,0,0,0,1,0,0,0
0,1,50.1,0,0,1,25.05,0,0,0,1,1,0,0,0,0,0,0,0,0,0,0,1,0,0,1,0,0
0,53,60.6,0,0,0,61.05555555555556,0,1,1,1,0,0,0,0,0,1,0,0,1,1,0,0,1,0,0,0,1
0,72,25.65,0,0,0,25.84931506849315,0,1,0,1,1,0,1,0,0,0,0,0,0,0,1,0,0,0,0,0,1
0,2,76.4,1,0,1,50.6,1,1,0,1,0,1,0,0,0,1,0,0,0,0,0,0,0,1,0,0,0
0,3,98.7,0,0,1,73.4125,1,0,0,1,0,1,0,0,0,1,1,1,1,0,0,1,0,1,0,0,0
1,13,100.8,5,1,1,93.43571428571428,0,0,0,1,1,1,0,1,0,0,0,1,1,0,0,1,0,1,0,1,0
1,41,53.95,4,0,0,52.74761904761905,1,1,0,0,0,0,0,0,1,1,0,1,1,0,0,1,0,1,0,0,1
0,24,20.4,0,0,0,19.312,0,1,0,1,0,0,1,0,0,0,0,0,0,1,0,0,1,0,0,1,0
0,28,90.1,0,2,1,89.61896551724138,0,1,1,1,0,1,0,0,0,0,0,1,1,1,0,1,0,0,0,1,0
0,8,29.35,0,0,0,24.049999999999997,1,0,0,0,0,0,0,1,0,0,0,0,0,0,0,0,0,0,1,0,0
0,54,95.1,0,0,0,92.08818181818182,0,0,0,1,1,1,0,0,0,1,1,0,1,0,1,1,0,0,0,0,1
0,41,25.25,4,0,0,23.725,1,0,0,1,1,0,1,0,0,0,0,0,0,0,0,1,0,0,0,0,1
0,19,44.9,0,0,0,41.9825,0,1,0,1,0,0,0,0,0,0,0,0,0,0,0,0,0,0,1,1,0
0,72,92.65,0,0,0,92.23287671232876,0,1,1,1,1,0,0,1,1,1,1,1,1,0,1,0,0,0,0,0,1
0,62,43.7,0,0,0,41.560317460317464,1,0,0,0,0,0,0,1,1,1,1,0,0,0,1,1,0,0,0,0,1
1,56,72.6,0,0,0,71.65526315789474,0,1,1,1,0,0,0,1,0,0,1,1,1,0,1,1,1,0,0,0,1
0,15,51.55,0,0,1,47.84375,1,0,0,1,1,0,0,0,0,0,0,0,0,0,0,0,0,1,0,1,0
1,10,79.25,0,0,1,72.14090909090909,1,0,0,1,0,1,0,0,0,0,0,0,1,0,0,1,0,1,0,0,0
0,32,18.95,0,0,0,18.604545454545455,1,1,1,1,0,0,1,0,0,0,0,0,0,0,1,0,0,0,1,1,0
0,21,20.5,0,0,0,18.311363636363637,1,0,0,1,0,0,1,0,0,0,0,0,0,0,0,0,1,0,0,1,0
0,62,19.95,0,0,0,19.75873015873016,1,1,1,1,0,0,1,0,0,0,0,0,0,1,0,0,0,0,0,0,1
0,2,24.5,0,0,0,15.466666666666667,0,0,0,0,0,0,0,0,0,0,0,0,0,0,0,0,0,1,0,0,0
0,27,20.6,0,0,0,20.780357142857145,1,0,1,1,0,0,1,0,0,0,0,0,0,0,1,0,0,0,1,1,0
0,5,94.85,0,0,1,77.13333333333334,1,0,0,1,1,1,0,0,0,0,0,1,1,0,0,1,0,0,0,0,0
0,25,61.05,0,0,0,59.23846153846154,0,0,0,0,0,0,0,1,1,1,0,1,1,1,0,0,0,1,0,1,0
0,2,85.7,0,0,1,56.6,0,0,0,1,1,1,0,0,0,0,0,0,1,0,0,1,0,1,0,0,0
0,49,106.65,0,0,0,103.36200000000001,1,0,0,1,1,1,0,0,1,0,1,1,1,1,0,1,0,0,0,0,1
0,63,108.25,1,0,0,105.9390625,0,0,0,1,1,1,0,1,1,1,0,1,1,0,0,0,1,0,0,0,1
0,4,20.4,3,0,0,18.9,0,0,1,1,0,0,1,0,0,0,0,0,0,0,0,0,1,0,0,0,0
0,1,55.3,0,0,0,27.65,0,1,0,1,0,0,0,0,0,0,0,1,0,0,0,1,0,0,1,0,0
0,11,20.25,5,0,0,17.333333333333332,1,0,0,1,0,0,1,0,0,0,0,0,0,0,0,0,0,0,1,0,0
1,52,72.95,0,0,0,72.25943396226415,1,0,0,1,1,1,0,0,0,0,0,0,0,0,0,1,0,0,0,0,1
1,60,89.45,0,0,0,86.79672131147541,0,1,0,1,1,1,0,0,1,0,0,0,1,0,0,0,0,1,0,0,1
0,64,104.65,0,0,0,105.99692307692308,1,0,0,1,1,1,0,0,0,1,1,1,1,1,0,1,1,0,0,0,1
0,43,75.2,0,0,0,73.96249999999999,0,1,1,1,0,0,0,1,0,1,0,1,1,0,1,0,0,0,0,0,1
0,61,101.15,5,0,0,102.96612903225805,0,1,0,1,1,1,0,0,0,0,1,1,1,1,0,0,0,0,0,0,1
0,1,44.4,2,0,1,22.2,0,0,0,1,0,0,0,0,0,0,0,0,0,0,0,0,0,0,1,0,0
1,5,89.5,0,0,1,79.61666666666666,1,0,0,1,0,1,0,0,0,0,0,1,1,0,0,1,0,1,0,0,0
0,66,68.75,5,0,0,66.3813432835821,1,0,0,1,1,0,0,1,1,1,1,0,0,0,1,0,0,0,0,0,1
0,67,111.05,0,0,0,107.66250000000001,1,1,0,1,0,1,0,1,1,1,1,1,1,0,1,1,0,1,0,0,1
0,42,99.0,2,0,0,96.16279069767442,0,1,0,1,0,1,0,0,0,1,1,1,1,0,1,1,1,0,0,0,1
1,1,86.05,0,0,1,43.025,1,1,0,1,1,1,0,0,0,0,0,1,0,0,0,1,0,1,0,0,0
0,31,21.0,0,0,0,21.803125,0,1,1,1,0,0,1,0,0,0,0,0,0,0,1,0,0,0,1,1,0
0,7,19.4,1,0,0,21.08125,1,0,0,1,0,0,1,0,0,0,0,0,0,0,0,1,0,0,1,0,0
0,4,44.55,0,0,1,34.86,1,0,0,0,0,0,0,0,0,0,0,1,1,0,0,1,0,1,0,0,0
0,34,77.2,0,0,0,78.68,1,1,1,1,1,0,0,0,0,1,0,1,1,1,0,0,0,0,0,1,0
0,3,19.45,0,0,0,17.3125,1,0,0,1,0,0,1,0,0,0,0,0,0,1,0,1,0,0,1,0,0
0,19,24.85,0,0,0,21.740000000000002,0,1,1,0,0,0,0,0,0,0,0,0,0,0,0,1,0,0,1,1,0
0,31,35.4,0,0,1,33.671875,1,1,1,0,0,0,0,1,0,0,1,0,0,0,0,0,0,0,0,1,0
0,1,95.65,0,0,1,47.825,0,0,0,1,1,1,0,0,0,0,0,1,1,0,0,0,0,0,1,0,0
0,3,41.35,0,0,0,26.8125,1,0,0,0,0,0,0,1,0,1,1,0,0,0,0,0,0,0,1,0,0
0,46,19.6,0,0,0,18.11063829787234,1,1,0,1,0,0,1,0,0,0,0,0,0,0,0,0,0,1,0,0,1
0,1,20.95,0,0,1,10.475,0,0,0,1,0,0,1,0,0,0,0,0,0,0,0,0,0,0,1,0,0
0,69,84.45,0,0,0,83.55142857142857,0,1,1,1,1,1,0,1,0,1,0,0,0,1,0,0,0,0,0,0,1
0,5,20.25,0,0,0,18.3,1,0,0,1,0,0,1,0,0,0,0,0,0,0,0,0,0,0,1,0,0
0,1,19.65,0,0,0,9.825,1,0,0,1,0,0,1,0,0,0,0,0,0,0,0,0,0,0,0,0,0
0,26,20.65,0,0,0,22.055555555555557,1,0,0,1,0,0,1,0,0,0,0,0,0,1,0,1,1,0,0,1,0
1,10,34.7,0,0,1,29.981818181818184,0,0,0,0,0,0,0,0,0,0,0,0,1,0,0,1,0,1,0,0,0
0,25,99.3,0,0,0,96.67307692307692,1,0,0,1,0,1,0,0,0,1,1,1,1,0,1,0,0,0,0,1,0
0,64,81.05,0,0,0,79.00538461538463,1,1,1,1,0,1,0,1,1,0,0,0,0,0,0,0,0,1,0,0,1
0,30,67.6,2,0,0,64.5225806451613,1,1,1,1,1,0,0,1,1,1,1,0,0,0,0,0,0,1,0,1,0
0,13,70.15,3,0,0,66.55357142857143,1,0,0,1,0,1,0,0,0,0,0,0,0,0,0,1,0,1,0,1,0
0,64,115.0,0,0,0,113.78692307692307,0,1,0,1,1,1,0,1,1,1,1,1,1,1,0,1,0,1,0,0,1
0,46,84.8,0,0,0,84.23085106382979,0,0,1,1,1,1,0,0,0,1,1,0,0,0,0,1,0,0,0,0,1
0,12,19.7,0,0,0,20.069230769230767,0,0,0,1,0,0,1,0,0,0,0,0,0,1,0,0,0,0,1,0,0
0,15,19.75,0,0,1,18.58125,0,0,0,1,0,0,1,0,0,0,0,0,0,0,0,0,0,0,0,1,0
0,17,92.55,0,1,1,84.17222222222222,1,1,1,1,1,1,0,0,0,0,0,1,1,0,0,1,0,1,0,1,0
0,13,63.15,0,0,0,58.34285714285714,0,1,1,1,0,0,0,1,0,1,0,0,1,0,0,1,0,0,1,1,0
0,67,74.0,0,0,0,71.59411764705882,0,1,1,1,1,0,0,1,1,0,1,1,0,0,1,0,1,0,0,0,1
0,24,29.1,0,0,0,27.52,1,1,0,0,0,0,0,0,0,1,0,0,0,0,0,0,0,1,0,1,0
0,6,50.05,0,0,0,41.19285714285714,1,0,0,1,0,0,0,0,0,0,1,0,0,0,0,0,0,0,1,0,0
1,53,60.05,0,0,1,59.80833333333334,1,1,0,1,1,0,0,1,0,0,1,0,0,1,0,1,0,1,0,0,1
1,16,74.3,0,0,1,69.30882352941177,1,1,0,1,0,1,0,0,1,0,0,0,0,0,0,1,1,0,0,1,0
0,10,20.0,4,0,0,16.854545454545455,1,0,0,1,0,0,1,0,0,0,0,0,0,0,0,0,0,1,0,0,0
0,13,74.65,0,0,0,69.01785714285714,0,0,0,1,0,1,0,0,1,0,0,0,0,1,0,1,0,0,1,1,0
0,9,85.35,0,0,1,75.86,1,0,0,1,1,1,0,0,0,0,0,1,0,0,0,1,0,1,0,0,0
0,25,74.3,0,2,1,71.68461538461538,0,0,0,1,0,0,0,1,1,1,1,1,0,1,0,0,0,0,1,1,0
1,7,44.4,0,0,0,33.225,1,0,0,0,0,0,0,0,1,0,1,0,1,0,0,1,0,1,0,0,0
0,38,85.4,0,0,0,84.53846153846153,1,1,1,1,1,0,0,1,0,1,1,1,1,0,1,1,0,0,0,0,1
0,43,94.1,0,0,0,93.34772727272728,0,1,0,1,1,1,0,1,1,0,0,0,1,0,0,1,0,1,0,0,1
0,4,98.1,0,1,1,79.26,0,0,1,1,0,1,0,0,0,1,1,1,1,0,0,1,0,0,0,0,0
0,25,108.9,1,0,0,108.04038461538462,0,0,0,1,1,1,0,0,1,1,1,1,1,0,1,0,0,1,0,1,0
0,27,56.2,0,0,0,55.98392857142857,1,0,1,1,0,0,0,1,1,0,0,0,0,1,0,0,0,0,1,1,0
0,72,26.1,2,0,0,25.362328767123287,1,1,1,1,1,0,1,0,0,0,0,0,0,0,1,0,0,0,1,0,1
0,71,85.45,0,0,0,83.73541666666667,1,0,1,1,1,1,0,1,1,0,0,0,0,1,0,1,1,0,0,0,1
0,24,88.95,0,0,0,82.91,0,0,0,1,1,1,0,0,0,1,0,1,0,0,0,1,1,0,0,1,0
0,50,109.65,0,5,1,108.84607843137255,0,0,0,1,1,1,0,1,1,0,1,1,1,0,1,1,0,1,0,0,1
0,57,74.35,0,0,0,74.43706896551724,1,0,0,1,0,0,0,1,0,1,0,1,1,0,1,1,0,0,0,0,1
0,15,48.85,0,0,0,46.05,0,0,0,1,0,0,0,0,1,0,0,0,0,0,0,0,0,1,0,1,0
0,4,80.1,0,0,0,67.22999999999999,1,0,0,1,1,1,0,1,0,0,0,0,0,0,0,1,0,1,0,0,0
0,28,56.05,0,0,0,52.505172413793105,0,0,0,1,0,0,0,1,1,0,0,0,0,0,0,0,0,1,0,1,0
1,9,74.55,0,0,1,62.29,0,0,0,1,1,1,0,0,0,0,0,0,0,0,0,1,0,1,0,0,0
0,55,89.8,0,0,0,88.56428571428572,0,1,0,1,1,1,0,1,0,0,0,1,0,0,0,1,0,0,0,0,1
0,3,100.95,0,0,1,82.4875,1,0,0,1,1,1,0,0,0,1,0,1,1,0,0,1,0,1,0,0,0
0,10,94.9,0,3,1,95.35,1,0,0,1,0,1,0,0,0,1,0,1,1,0,0,1,0,1,0,0,0
0,55,19.1,0,0,0,17.883928571428573,1,0,1,1,0,0,1,0,0,0,0,0,0,1,0,0,0,0,0,0,1
0,20,20.35,0,0,0,21.076190476190476,0,1,1,1,0,0,1,0,0,0,0,0,0,0,0,0,0,0,1,1,0
0,62,106.05,0,0,0,106.4047619047619,0,1,1,1,1,1,0,0,1,0,1,1,1,1,0,1,1,0,0,0,1
1,32,104.9,0,3,1,101.56212121212121,1,1,0,1,1,1,0,0,0,1,1,1,1,0,0,1,0,1,0,1,0
0,43,19.65,0,2,0,17.710227272727273,0,0,0,1,0,0,1,0,0,0,0,0,0,0,1,1,0,0,0,0,1
0,9,24.1,0,0,1,25.98,1,1,0,0,0,0,0,0,0,0,0,0,0,1,0,0,0,0,0,0,0
0,60,59.85,0,0,0,57.10573770491803,0,1,0,1,0,0,0,1,1,0,1,0,0,0,1,0,0,0,0,0,1
0,58,86.1,0,0,0,82.88983050847457,1,1,0,1,1,0,0,1,1,1,0,1,1,0,1,1,0,1,0,0,1
0,7,19.45,0,0,0,17.09375,1,0,1,1,0,0,1,0,0,0,0,0,0,1,0,0,0,0,1,0,0
0,2,97.1,0,0,0,61.38333333333333,1,1,1,1,0,1,0,1,0,0,0,1,1,0,0,0,0,1,0,0,0
1,37,36.65,0,0,0,34.60526315789474,1,0,0,0,0,0,0,0,1,1,0,0,0,0,0,0,0,1,0,0,1
1,65,103.9,0,0,0,102.53181818181818,0,1,1,1,1,1,0,0,0,1,1,1,1,1,0,1,0,0,0,0,1
0,39,19.75,0,0,0,18.94875,0,1,1,1,0,0,1,0,0,0,0,0,0,0,1,0,0,0,1,0,1
0,66,104.05,0,5,1,102.83582089552239,1,1,0,1,1,1,0,0,1,0,1,1,1,1,0,1,0,1,0,0,1
0,68,24.55,0,0,0,24.020289855072466,1,0,0,1,1,0,1,0,0,0,0,0,0,0,1,0,0,0,1,0,1
0,62,48.7,0,4,0,47.75476190476191,0,1,1,0,0,0,0,1,1,0,1,1,0,0,1,0,0,0,0,0,1
0,3,88.35,0,0,1,65.5125,1,0,0,1,0,1,0,0,0,1,1,1,0,0,0,1,0,0,1,0,0
0,72,109.55,0,0,0,111.85068493150685,0,1,0,1,1,1,0,1,1,1,0,1,1,0,1,1,0,1,0,0,1
0,41,20.65,0,0,0,20.84642857142857,0,1,0,1,0,0,1,0,0,0,0,0,0,0,1,0,1,0,0,0,1
0,29,94.65,0,2,1,88.305,1,1,1,1,0,1,0,1,0,0,0,1,1,0,0,0,1,0,0,1,0
0,4,55.2,3,0,0,44.13,0,0,0,1,0,0,0,1,1,0,0,0,0,0,0,0,0,1,0,0,0
0,53,24.05,0,0,0,24.10925925925926,1,0,0,1,1,0,1,0,0,0,0,0,0,1,0,0,0,0,0,0,1
1,1,74.4,2,0,1,37.2,1,1,0,1,1,1,0,0,0,0,0,0,0,0,0,1,0,1,0,0,0
0,41,79.9,0,5,1,79.1952380952381,0,1,1,1,1,0,0,1,1,1,1,0,1,0,0,0,1,0,0,0,1
0,39,20.45,0,0,0,19.75,1,1,0,1,0,0,1,0,0,0,0,0,0,0,1,1,0,0,0,0,1
0,63,19.25,0,0,0,19.33828125,1,1,0,1,0,0,1,0,0,0,0,0,0,0,1,0,0,0,1,0,1
0,15,26.35,0,0,0,23.6625,1,0,0,1,1,0,1,0,0,0,0,0,0,0,0,1,0,1,0,1,0
0,13,43.8,0,0,0,42.332142857142856,0,1,0,1,0,0,0,0,0,0,0,0,0,1,0,0,0,1,0,1,0
0,1,50.15,0,0,0,25.075,1,0,0,1,0,0,0,0,1,0,0,0,0,0,0,1,0,0,1,0,0
0,1,20.45,0,0,0,10.225,1,0,0,1,0,0,1,0,0,0,0,0,0,0,1,0,0,0,1,0,0
1,8,69.7,0,0,1,62.31666666666667,1,0,0,1,0,1,0,0,0,0,0,0,0,0,0,1,0,1,0,0,0
0,60,61.4,0,0,0,59.64344262295082,1,0,0,1,0,0,0,1,1,1,0,0,0,0,1,0,0,1,0,0,1
1,12,98.1,4,1,1,81.55384615384615,0,1,0,1,1,1,0,0,1,1,0,1,0,0,0,1,0,1,0,0,0
0,40,70.75,0,0,0,71.26219512195122,1,1,0,1,1,0,0,0,1,0,1,1,0,1,0,0,1,0,0,0,1
0,66,61.15,0,0,0,59.96194029850746,0,0,0,1,0,0,0,1,1,1,0,0,0,0,1,1,0,0,0,0,1
0,42,20.25,0,0,0,19.88139534883721,1,1,1,1,0,0,1,0,0,0,0,0,0,1,0,0,0,0,1,0,1
1,66,63.85,0,0,0,62.30373134328359,0,0,0,1,1,0,0,1,1,0,1,0,0,1,0,1,1,0,0,0,1
0,49,98.7,0,0,0,98.411,1,0,0,1,1,1,0,0,1,0,0,1,1,0,0,0,0,1,0,0,1
0,1,20.5,0,0,1,10.25,0,0,0,1,0,0,1,0,0,0,0,0,0,0,0,0,0,0,1,0,0
0,41,20.0,5,0,0,19.29285714285714,0,0,0,1,0,0,1,0,0,0,0,0,0,0,1,0,0,0,1,0,1
0,41,19.3,0,0,0,18.39047619047619,0,1,1,1,0,0,1,0,0,0,0,0,0,0,1,0,0,0,0,0,1
0,23,84.4,0,0,0,80.70208333333333,0,1,1,1,0,1,0,1,1,0,1,0,0,0,0,0,0,0,1,1,0
0,3,25.1,2,0,0,19.95,1,0,0,0,0,0,0,0,0,0,0,0,0,0,0,0,0,1,0,0,0
0,4,48.25,0,0,0,40.45,0,0,0,0,0,0,0,1,0,1,1,0,1,0,0,0,0,0,1,0,0
0,52,19.85,0,0,0,20.19811320754717,0,1,1,1,0,0,1,0,0,0,0,0,0,0,1,0,0,0,1,0,1
1,4,99.6,0,1,1,69.53,0,1,0,1,1,1,0,1,0,0,0,1,1,0,0,1,0,1,0,0,0
0,11,94.2,0,0,0,83.325,0,0,0,1,0,1,0,0,1,1,1,0,1,0,0,1,0,1,0,0,0
0,2,62.15,0,0,0,37.699999999999996,0,1,0,1,0,0,0,1,0,0,0,0,1,0,0,1,0,0,1,0,0
0,26,79.3,0,0,0,74.65925925925926,0,1,0,1,1,1,0,0,1,0,0,0,0,0,0,0,0,0,0,1,0
0,24,56.25,0,0,0,58.17,1,1,1,1,0,0,0,1,0,1,0,0,0,1,0,1,1,0,0,1,0
0,12,20.3,3,0,0,18.976923076923075,0,0,0,1,0,0,1,0,0,0,0,0,0,0,0,0,0,0,1,0,0
1,60,99.0,4,0,0,98.65409836065574,1,1,0,1,1,1,0,0,0,0,1,1,1,0,0,1,0,1,0,0,1
0,64,90.6,0,0,0,89.49923076923076,0,1,1,1,1,0,0,1,1,1,1,1,1,0,1,1,0,0,1,0,1
0,66,85.9,0,0,0,83.51194029850747,1,1,0,1,0,0,0,1,1,1,1,1,1,0,1,1,0,0,0,0,1
0,60,79.2,0,0,0,78.11475409836065,0,0,0,1,1,1,0,0,0,1,0,0,0,1,0,1,0,0,0,0,1
0,17,70.35,0,0,0,66.75833333333334,1,1,1,1,1,0,0,1,0,1,0,1,0,1,0,1,0,0,0,1,0
0,42,19.35,0,0,0,20.169767441860465,1,1,1,1,0,0,1,0,0,0,0,0,0,0,1,0,0,0,1,0,1
0,1,50.15,4,0,0,25.075,1,0,0,1,1,0,0,0,0,0,0,0,0,0,0,1,0,1,0,0,0
0,47,63.8,1,0,0,62.651041666666664,0,1,1,1,0,0,0,0,1,0,1,0,1,0,1,0,0,0,0,0,1
0,10,20.55,2,0,0,22.977272727272727,0,1,0,1,0,0,1,0,0,0,0,0,0,0,0,1,0,0,1,0,0
1,70,88.55,0,0,0,88.82394366197182,1,1,0,1,1,0,0,1,1,1,1,1,1,0,1,1,1,0,0,0,1
1,67,101.4,0,0,0,100.60367647058824,1,0,0,1,1,1,0,0,0,1,0,1,1,0,0,1,1,0,0,0,1
0,1,81.95,0,0,1,40.975,0,0,0,1,0,1,0,0,0,0,0,0,1,0,0,1,0,1,0,0,0
0,7,69.35,0,0,1,56.3875,1,1,0,1,0,1,0,0,0,0,0,0,0,0,0,1,0,1,0,0,0
0,1,44.6,0,0,0,22.3,1,0,0,1,0,0,0,0,0,0,0,0,0,0,0,0,0,0,1,0,0
0,4,63.75,1,0,0,45.239999999999995,1,0,0,1,0,0,0,0,1,0,1,1,0,0,0,1,0,0,0,0,0
0,66,109.25,0,0,0,105.7089552238806,0,1,1,1,1,1,0,1,1,1,0,1,1,0,1,0,0,0,0,0,1
0,12,84.6,0,0,0,78.25769230769231,0,0,0,1,0,1,0,0,1,0,0,0,1,0,0,1,0,1,0,0,0
0,24,20.45,0,0,0,21.094,0,0,0,1,0,0,1,0,0,0,0,0,0,1,0,0,1,0,0,1,0
0,26,85.75,0,0,0,79.5,1,0,0,1,0,1,0,0,1,0,0,1,0,0,0,1,0,1,0,1,0
0,6,91.1,0,0,1,65.04285714285714,0,0,0,1,0,1,0,0,0,0,0,1,1,0,0,1,0,1,0,0,0
0,57,107.95,0,0,0,102.92844827586208,1,1,0,1,1,1,0,0,0,1,1,1,1,0,1,0,0,1,0,0,1
0,14,86.1,0,0,1,82.36999999999999,1,1,0,1,1,1,0,0,0,0,0,1,0,0,0,1,0,1,0,1,0
0,42,22.95,2,0,0,23.587209302325583,0,1,1,1,1,0,1,0,0,0,0,0,0,0,1,0,0,1,0,0,1
0,25,94.7,0,2,1,90.85,1,0,0,1,1,1,0,0,0,0,0,1,1,0,0,1,0,0,0,1,0
0,64,19.45,0,0,0,18.85615384615385,0,1,0,1,0,0,1,0,0,0,0,0,0,0,1,0,1,0,0,0,1
0,22,85.1,0,0,1,81.46521739130435,1,1,0,1,1,1,0,0,0,0,0,0,1,0,0,1,0,1,0,1,0
0,19,19.7,0,0,0,19.325,1,0,0,1,0,0,1,0,0,0,0,0,0,1,0,1,1,0,0,1,0
0,61,99.15,0,8,1,96.93629032258065,0,1,1,1,1,1,0,0,1,0,0,1,1,0,0,1,0,1,0,0,1
0,22,87.0,0,0,0,80.46304347826087,1,1,0,1,0,1,0,0,0,1,0,1,0,0,0,1,0,0,0,1,0
1,70,102.95,0,7,1,100.02112676056338,1,1,0,1,1,1,0,0,1,1,0,1,1,0,0,1,0,1,0,0,1
0,12,79.95,4,0,0,80.26153846153846,1,0,0,1,0,1,0,0,0,0,0,0,1,0,0,1,0,0,0,0,0
0,31,64.0,0,0,0,59.7109375,0,1,0,1,0,0,0,1,0,0,1,0,1,1,0,1,0,1,0,1,0
0,11,64.9,0,0,0,59.675000000000004,0,0,0,1,0,0,0,0,0,0,0,1,1,0,0,1,0,1,0,0,0
0,68,25.75,1,0,0,24.43695652173913,1,1,1,1,1,0,1,0,0,0,0,0,0,0,1,0,0,0,1,0,1
1,72,90.15,0,0,0,92.00616438356164,0,1,1,1,1,0,0,1,1,1,1,1,1,0,1,1,0,0,0,0,1
1,67,116.1,0,0,0,115.29191176470589,1,0,0,1,1,1,0,1,1,1,1,1,1,0,1,1,1,0,0,0,1
0,60,104.95,5,0,0,102.24180327868852,0,0,0,1,0,1,0,1,0,1,1,1,1,0,0,1,0,0,0,0,1
0,1,45.05,5,0,1,22.525,1,0,0,1,0,0,0,0,0,0,0,0,0,0,0,1,0,0,1,0,0
1,1,71.0,3,0,1,35.5,0,0,1,1,0,1,0,0,0,0,0,0,0,0,0,1,0,1,0,0,0
0,58,50.0,2,4,0,49.48898305084746,1,1,1,0,0,0,0,1,1,1,0,1,0,1,0,0,0,0,1,0,1
1,47,70.55,0,0,1,68.94270833333333,0,1,1,1,0,1,0,0,0,0,0,0,0,0,0,0,0,0,0,0,1
0,1,79.7,0,0,1,39.85,0,0,0,1,0,1,0,0,0,0,0,0,1,0,0,1,0,1,0,0,0
0,22,59.0,0,2,1,54.55217391304348,1,0,0,1,1,0,0,1,1,0,0,0,0,0,0,0,0,1,0,1,0
0,48,60.35,0,4,1,59.11020408163265,0,0,0,1,0,0,0,1,0,1,1,0,0,1,0,1,1,0,0,0,1
0,37,19.85,0,0,0,18.88157894736842,0,1,0,1,0,0,1,0,0,0,0,0,0,1,0,1,0,0,0,0,1
0,13,19.95,0,0,0,18.12857142857143,1,0,0,1,0,0,1,0,0,0,0,0,0,1,0,1,0,1,0,1,0
0,43,26.45,0,0,0,25.22840909090909,1,0,0,1,1,0,1,0,0,0,0,0,0,0,1,0,0,0,0,0,1
0,6,63.4,0,0,0,49.82857142857143,0,0,0,0,0,0,0,1,1,1,1,1,1,0,1,1,0,0,1,0,0
0,71,53.95,0,0,0,54.00902777777778,1,0,0,0,0,0,0,1,1,1,1,1,0,0,1,0,0,0,0,0,1
1,1,69.25,0,0,1,34.625,0,1,1,1,0,1,0,0,0,0,0,0,0,0,0,1,0,1,0,0,0
0,72,95.1,0,0,0,93.7417808219178,0,1,1,1,1,1,0,1,1,0,0,1,0,0,1,1,0,1,0,0,1
1,6,74.1,0,0,0,64.41428571428571,0,0,0,1,0,1,0,1,0,0,0,0,0,0,0,1,0,1,0,0,0
0,12,35.5,3,0,0,33.25,1,1,1,0,0,0,0,0,1,0,1,0,0,0,0,0,0,0,1,0,0
0,25,70.95,0,0,1,67.975,1,0,0,1,0,1,0,0,0,0,0,0,0,0,0,0,0,0,1,1,0
0,21,79.2,0,1,0,79.20227272727273,0,1,0,1,0,1,0,0,0,1,1,0,0,1,0,0,0,1,0,1,0
0,6,48.8,0,0,0,42.478571428571435,0,1,1,1,0,0,0,0,0,0,1,0,0,0,0,1,0,0,1,0,0
0,20,89.0,0,2,1,86.68809523809524,1,1,0,1,0,1,0,0,0,0,0,1,1,0,0,1,0,0,1,1,0
0,18,99.4,0,2,1,91.73421052631579,1,1,0,1,1,1,0,1,0,0,0,1,1,0,0,1,0,1,0,1,0
0,43,55.45,0,0,0,55.55113636363637,0,0,0,1,0,0,0,0,1,0,1,0,0,1,0,0,0,1,0,0,1
0,35,25.4,0,0,0,26.383333333333333,0,1,1,1,1,0,1,0,0,0,0,0,0,0,1,1,1,0,0,1,0
0,1,73.5,0,0,1,36.75,0,0,0,1,0,1,0,0,0,1,0,0,0,0,0,0,0,0,0,0,0
1,32,93.5,0,0,0,90.02424242424243,1,1,0,1,1,1,0,0,1,1,0,0,1,0,0,1,0,1,0,1,0
0,52,63.9,0,0,0,62.92358490566038,1,0,0,0,0,0,0,1,1,1,1,1,1,0,1,0,1,0,0,0,1
0,32,64.85,0,0,0,60.93787878787879,1,0,0,1,0,0,0,0,0,0,0,1,1,1,0,1,0,0,0,1,0
0,72,63.8,0,0,0,64.16849315068494,0,1,1,0,0,0,0,1,1,1,1,1,1,0,1,1,0,0,0,0,1
0,51,44.45,0,0,0,41.95288461538462,1,0,0,0,0,0,0,1,0,0,1,0,1,0,0,1,1,0,0,0,1
0,68,19.95,0,0,0,18.88768115942029,1,1,1,1,0,0,1,0,0,0,0,0,0,0,1,1,0,0,0,0,1
1,8,43.35,0,0,0,41.266666666666666,1,1,0,0,0,0,0,0,1,1,0,0,1,0,0,1,0,0,1,0,0
0,49,49.65,0,0,0,48.198,1,1,0,0,0,0,0,0,1,0,0,1,1,0,1,0,1,0,0,0,1
0,72,85.1,1,0,0,84.32054794520548,0,1,0,1,0,0,0,1,1,1,1,1,1,0,1,0,0,0,1,0,1
0,9,95.5,4,0,1,82.91,1,0,0,1,1,1,0,0,0,0,0,1,1,0,0,1,0,1,0,0,0
0,28,92.35,0,2,1,89.7551724137931,0,1,0,1,0,1,0,1,0,0,0,1,1,0,0,1,0,0,1,1,0
0,54,89.8,0,0,0,84.85454545454546,1,0,0,1,0,1,0,1,0,1,0,1,0,0,0,0,0,0,1,0,1
0,11,74.55,0,0,1,68.72916666666667,1,0,0,1,0,1,0,0,1,0,0,0,0,0,0,1,0,1,0,0,0
0,50,103.05,0,0,0,101.04901960784314,0,1,1,1,0,1,0,0,0,1,1,1,1,1,0,0,0,0,1,0,1
0,69,116.0,0,0,0,116.89785714285715,0,1,0,1,1,1,0,1,1,1,1,1,1,0,1,1,0,1,0,0,1
0,1,69.9,0,0,0,34.95,1,0,0,1,0,1,0,0,0,0,0,0,0,0,0,1,0,1,0,0,0
0,68,95.1,0,0,0,96.86086956521739,1,1,1,1,0,1,0,1,1,0,1,0,1,0,1,0,0,0,0,0,1
0,40,40.25,0,0,0,38.14756097560976,1,0,1,0,0,0,0,1,1,0,1,0,0,1,0,0,0,0,1,0,1
0,31,25.75,0,0,0,23.6125,1,1,1,1,1,0,1,0,0,0,0,0,0,0,1,0,0,0,1,1,0
1,33,105.35,0,0,0,101.91323529411765,0,0,1,1,1,1,0,0,1,1,0,1,1,0,0,1,0,0,0,1,0
1,55,113.6,0,0,0,112.36964285714285,1,1,0,1,1,1,0,0,1,1,1,1,1,0,1,1,0,1,0,0,1
0,68,24.0,0,0,0,24.120289855072464,1,1,1,1,1,0,1,0,0,0,0,0,0,0,1,1,0,0,0,0,1
0,12,19.4,0,0,0,15.238461538461538,0,1,1,1,0,0,1,0,0,0,0,0,0,0,0,0,0,0,0,0,0
0,71,86.1,0,0,0,83.97083333333333,1,1,0,1,0,0,0,1,1,1,1,1,1,0,1,1,0,0,0,0,1
0,40,102.65,0,0,0,100.19878048780487,1,0,0,1,1,1,0,0,1,1,0,1,1,0,0,1,0,0,1,0,1
0,64,92.85,3,4,0,92.01153846153846,0,1,1,1,1,1,0,0,1,1,0,0,1,1,0,1,0,1,0,0,1
0,53,97.75,0,0,0,93.39259259259259,1,1,0,1,1,1,0,0,1,0,1,0,1,1,0,0,0,0,0,0,1
1,12,83.8,0,2,1,79.21153846153847,1,0,0,1,0,1,0,0,1,1,1,0,0,0,0,1,0,0,1,0,0
1,53,54.45,3,3,1,52.86203703703704,1,0,0,0,0,0,0,0,1,1,0,1,1,0,0,1,0,1,0,0,1
0,72,97.95,0,0,0,97.45547945205479,1,1,0,1,1,1,0,1,1,1,0,1,0,0,1,1,1,0,0,0,1
0,46,19.95,0,0,0,19.298936170212766,1,0,0,1,0,0,1,0,0,0,0,0,0,0,1,0,0,1,0,0,1
0,40,24.6,5,0,0,23.75487804878049,1,0,0,1,1,0,1,0,0,0,0,0,0,0,1,1,0,0,1,0,1
0,12,50.95,0,0,0,46.59615384615385,1,0,0,0,0,0,0,1,1,0,1,1,0,0,0,1,0,0,0,0,0
0,9,75.6,3,0,0,66.155,1,0,0,1,0,1,0,1,0,0,0,0,0,0,0,0,0,1,0,0,0
0,51,80.75,2,0,0,79.17115384615384,0,1,1,1,1,1,0,0,0,0,1,0,0,0,0,1,0,1,0,0,1
0,49,90.4,0,0,0,89.89299999999999,1,1,1,1,0,1,0,0,1,1,0,1,0,0,0,1,1,0,0,0,1
1,41,99.8,0,3,1,101.41190476190476,1,1,0,1,1,1,0,0,0,1,0,1,1,0,0,1,0,1,0,0,1
0,56,60.25,2,0,0,57.5921052631579,0,0,0,1,0,0,0,1,0,1,1,0,0,1,0,1,1,0,0,0,1
0,4,20.2,0,0,0,11.14,1,0,0,1,0,0,1,0,0,0,0,0,0,0,0,1,0,1,0,0,0
0,20,64.15,0,0,0,60.688095238095244,1,1,0,1,0,0,0,1,0,0,1,0,1,1,0,1,0,0,1,1,0
0,26,20.25,0,0,0,18.294444444444444,0,1,1,1,0,0,1,0,0,0,0,0,0,0,0,1,1,0,0,1,0
0,20,105.85,0,2,1,106.65,0,1,1,1,1,1,0,0,1,1,0,1,1,0,0,1,0,0,0,1,0
0,7,75.45,0,0,1,60.09375,0,0,0,1,1,1,0,0,0,0,0,0,0,0,0,0,0,0,1,0,0
0,7,93.85,2,0,1,79.45,1,0,0,1,1,1,0,0,0,0,0,1,1,0,0,1,0,1,0,0,0
0,51,99.0,0,0,0,96.88749999999999,1,0,0,1,0,1,0,0,1,1,0,1,1,0,0,1,0,1,0,0,1
0,4,80.3,0,0,0,64.84,0,0,0,1,1,1,0,0,1,0,0,0,0,0,0,1,0,0,1,0,0
0,1,19.55,0,0,0,9.775,0,0,0,1,0,0,1,0,0,0,0,0,0,0,0,0,1,0,0,0,0
0,27,100.75,0,2,0,99.76964285714287,1,1,1,1,1,1,0,1,1,0,1,1,0,0,0,0,0,1,0,1,0
0,22,100.75,0,1,1,91.08695652173913,1,0,0,1,1,1,0,1,0,0,0,1,1,0,0,1,0,1,0,1,0
0,12,53.75,0,0,0,49.896153846153844,1,0,0,1,0,0,0,0,1,0,1,0,0,0,0,1,0,0,1,0,0
0,3,31.0,0,0,1,23.7625,0,1,1,0,0,0,0,0,0,0,1,0,0,0,0,1,0,0,1,0,0
0,34,25.6,0,0,0,26.204285714285714,0,1,1,1,1,0,1,0,0,0,0,0,0,1,0,1,1,0,0,1,0
0,24,58.35,0,0,0,53.876000000000005,1,1,0,1,1,0,0,1,0,0,1,0,0,1,0,1,0,1,0,1,0
0,51,80.0,0,0,1,81.58365384615385,1,0,0,1,1,1,0,0,0,1,0,0,0,0,0,0,1,0,0,0,1
1,14,46.35,0,0,0,44.84666666666667,0,0,0,0,0,0,0,0,0,0,0,1,1,0,0,1,0,1,0,1,0
0,59,113.75,0,0,0,109.35416666666667,1,1,0,1,1,1,0,1,1,1,1,1,1,0,1,0,0,1,0,0,1
0,3,90.4,0,0,0,67.1125,1,0,0,1,0,1,0,0,1,1,0,0,1,0,0,0,0,1,0,0,0
0,65,109.3,0,0,0,111.175,0,1,1,1,1,1,0,1,0,1,1,1,1,0,1,0,0,1,0,0,1
1,5,70.25,0,0,1,55.31666666666666,1,0,0,1,0,1,0,0,0,0,0,0,0,0,0,1,0,0,1,0,0
0,59,90.3,0,0,0,86.56750000000001,0,1,1,1,1,0,0,1,1,1,1,1,1,0,1,0,1,0,0,0,1
0,72,65.25,0,0,0,61.3541095890411,1,1,1,0,0,0,0,1,1,1,1,1,1,0,1,1,1,0,0,0,1
0,62,100.15,0,6,1,99.73492063492064,0,1,1,1,0,1,0,0,1,1,0,1,1,0,0,1,0,1,0,0,1
0,28,94.5,2,2,1,91.70344827586207,1,0,0,1,1,1,0,1,1,0,0,0,1,0,0,1,1,0,0,1,0
0,3,60.65,0,0,0,49.225,1,0,0,1,0,0,0,0,0,0,1,0,1,0,0,0,0,0,1,0,0
0,19,24.1,0,1,0,21.96,1,0,1,1,1,0,1,0,0,0,0,0,0,0,0,1,1,0,0,1,0
0,1,19.5,0,0,0,9.75,1,0,0,1,0,0,1,0,0,0,0,0,0,0,0,1,0,0,1,0,0
0,24,85.95,2,0,0,84.286,1,0,0,1,0,1,0,0,1,1,1,0,0,0,0,1,0,1,0,1,0
1,57,53.5,0,0,0,52.341379310344834,1,0,0,1,0,0,0,0,0,1,1,0,0,1,0,1,0,1,0,0,1
0,72,25.45,0,0,0,25.567808219178083,0,0,0,1,1,0,1,0,0,0,0,0,0,0,1,0,1,0,0,0,1
0,67,20.5,1,0,0,21.043382352941176,1,0,0,1,0,0,1,0,0,0,0,0,0,0,1,0,0,0,0,0,1
0,52,20.85,2,0,0,20.2188679245283,1,1,1,1,0,0,1,0,0,0,0,0,0,1,0,1,1,0,0,0,1
0,71,89.9,0,0,0,89.68263888888889,1,1,1,1,1,0,0,1,1,1,1,1,1,0,1,0,1,0,0,0,1
0,26,26.0,0,0,0,25.335185185185182,0,1,0,1,1,0,1,0,0,0,0,0,0,1,0,0,0,0,1,1,0
0,35,113.2,0,0,0,108.72361111111111,0,0,0,1,1,1,0,1,1,1,1,1,1,0,1,1,0,0,1,1,0
0,55,69.05,0,3,0,68.61785714285715,0,1,1,1,0,1,0,0,0,0,0,0,0,0,1,1,1,0,0,0,1
0,33,20.1,0,0,0,19.716176470588238,0,1,1,1,0,0,1,0,0,0,0,0,0,0,1,0,0,0,1,1,0
0,72,109.65,2,5,0,107.9486301369863,1,1,0,1,1,1,0,1,1,1,0,1,1,0,1,1,0,1,0,0,1
0,1,19.2,0,0,0,9.6,1,0,1,1,0,0,1,0,0,0,0,0,0,0,0,1,0,0,1,0,0
0,10,33.9,1,0,1,27.13181818181818,1,0,0,0,0,0,0,0,0,0,0,0,1,0,0,1,0,0,1,0,0
1,37,90.0,0,0,0,88.73026315789474,0,1,0,1,0,1,0,0,0,1,1,1,0,0,0,0,0,1,0,0,1
0,12,34.0,3,0,0,34.034615384615385,1,0,0,0,0,0,0,0,1,0,1,0,0,0,0,0,0,0,1,0,0
0,1,20.4,0,0,0,10.2,1,1,1,1,0,0,1,0,0,0,0,0,0,1,0,0,0,0,1,0,0
0,62,38.6,0,0,0,37.23095238095238,1,1,0,0,0,0,0,1,1,0,1,0,0,0,1,1,1,0,0,0,1
0,1,25.25,0,0,0,12.625,0,0,0,0,0,0,0,0,0,0,0,0,0,0,0,0,0,0,0,0,0
0,18,60.6,0,0,0,60.86052631578947,0,0,0,1,1,0,0,1,0,1,0,0,0,0,0,1,0,0,1,1,0
1,69,89.95,0,6,1,87.75928571428571,1,1,0,1,1,1,0,0,1,0,0,1,0,0,0,1,0,1,0,0,1
0,2,74.75,0,0,0,48.26666666666667,1,0,0,1,0,1,0,0,1,0,0,0,0,0,0,1,0,1,0,0,0
0,19,20.6,0,0,0,20.7475,1,1,1,1,0,0,1,0,0,0,0,0,0,0,0,0,0,0,1,1,0
0,12,84.45,0,0,1,81.50384615384615,1,0,0,1,1,1,0,0,0,0,0,1,0,0,0,1,0,1,0,0,0
0,9,20.4,0,0,0,18.18,1,0,0,1,0,0,1,0,0,0,0,0,0,0,0,0,0,0,1,0,0
0,27,81.7,0,0,0,79.01964285714287,1,0,0,1,0,0,0,1,0,1,1,1,1,1,0,0,0,1,0,1,0
0,27,79.5,0,1,1,77.87678571428572,1,0,1,1,1,1,0,0,0,0,1,0,0,0,0,1,0,1,0,1,0
0,1,89.15,5,0,1,44.575,1,1,1,1,0,1,0,0,0,0,0,1,1,0,0,0,0,0,1,0,0
1,24,20.3,0,0,0,18.398,0,0,0,1,0,0,1,0,0,0,0,0,0,0,0,1,0,0,1,1,0
1,14,74.95,0,0,1,69.11666666666666,1,0,0,1,1,1,0,0,0,0,0,0,0,0,0,1,0,1,0,1,0
1,32,74.4,0,0,1,68.99848484848485,0,0,0,1,0,1,0,0,1,0,0,0,0,0,0,1,0,1,0,1,0
0,11,20.0,0,0,0,17.662499999999998,0,0,0,1,0,0,1,0,0,0,0,0,0,1,0,0,0,0,1,0,0
0,1,25.0,1,0,0,12.5,1,0,0,1,1,0,1,0,0,0,0,0,0,0,0,1,0,0,1,0,0
1,38,80.45,5,0,0,81.09358974358975,1,0,1,1,1,1,0,1,0,0,0,0,0,0,0,1,0,0,1,0,1
0,9,19.75,0,0,0,21.065,0,1,1,1,0,0,1,0,0,0,0,0,0,0,1,0,0,0,1,0,0
0,54,65.65,0,0,0,64.8490909090909,1,1,1,1,1,0,0,1,1,0,1,0,0,0,1,1,1,0,0,0,1
0,29,71.0,0,0,0,69.33666666666666,0,0,0,1,1,0,0,0,0,0,0,1,1,1,0,1,1,0,0,1,0
1,44,89.2,0,0,0,89.78222222222222,1,1,0,1,1,1,0,0,0,1,0,1,0,0,0,1,0,1,0,0,1
0,59,86.75,0,0,0,86.43333333333334,1,1,1,1,0,0,0,1,1,1,1,1,1,0,1,1,0,1,0,0,1
0,3,55.3,0,0,1,49.0375,0,0,0,1,0,0,0,0,0,0,0,0,1,0,0,1,0,1,0,0,0
0,18,61.5,0,0,0,57.23421052631579,0,1,1,1,0,0,0,1,1,0,1,0,0,1,0,1,0,0,1,1,0
1,67,25.1,5,0,0,24.59044117647059,1,0,0,1,1,0,1,0,0,0,0,0,0,0,1,0,1,0,0,0,1
0,22,55.15,0,0,1,52.43695652173913,0,1,1,1,0,0,0,0,1,0,1,0,0,0,0,0,0,1,0,1,0
0,33,34.05,0,0,0,32.76323529411765,1,0,1,0,0,0,0,1,0,0,1,0,0,1,0,0,1,0,0,1,0
0,5,19.95,0,0,0,17.841666666666665,1,0,0,1,0,0,1,0,0,0,0,0,0,0,0,0,0,0,1,0,0
0,2,19.95,0,0,0,12.716666666666667,0,0,0,1,0,0,1,0,0,0,0,0,0,0,0,0,0,0,1,0,0
0,72,89.7,0,0,0,86.83972602739726,1,1,1,1,1,0,0,1,1,1,1,1,1,0,1,0,1,0,0,0,1
0,9,20.4,0,0,0,18.41,1,0,1,1,0,0,1,0,0,0,0,0,0,0,0,0,0,0,1,0,0
0,67,26.3,0,0,0,24.836764705882356,1,1,1,1,1,0,1,0,0,0,0,0,0,0,1,0,0,0,1,0,1
0,16,84.95,0,0,1,81.07352941176471,0,1,0,1,1,1,0,0,0,0,0,1,0,0,0,1,0,1,0,1,0
0,8,20.7,0,0,0,15.288888888888888,0,0,0,1,0,0,1,0,0,0,0,0,0,0,0,1,0,0,1,0,0
0,5,43.25,0,0,1,36.5,1,0,0,0,0,0,0,1,1,1,1,0,0,0,0,1,0,0,1,0,0
0,23,48.35,0,0,1,44.46458333333334,1,1,1,1,1,0,0,0,0,0,0,0,0,1,0,1,1,0,0,1,0
0,1,79.55,0,0,1,39.775,1,0,0,1,0,1,0,0,0,0,0,1,0,0,0,1,0,1,0,0,0
1,50,71.05,0,0,1,67.54607843137255,0,1,0,1,0,1,0,0,0,0,0,0,0,0,0,1,0,1,0,0,1
0,17,19.45,0,0,0,20.50277777777778,1,0,0,1,0,0,1,0,0,0,0,0,0,0,1,0,1,0,0,1,0
0,68,110.8,0,0,0,109.47246376811594,0,1,0,1,1,1,0,1,1,1,0,1,1,0,1,1,0,0,0,0,1
0,1,84.5,0,0,1,42.25,1,0,0,1,1,1,0,0,0,0,0,1,0,0,0,0,0,1,0,0,0
1,25,69.3,0,0,0,69.73461538461538,0,1,0,1,0,1,0,0,0,0,0,0,0,0,0,1,0,1,0,1,0
0,67,49.35,0,0,0,48.84338235294118,1,0,0,0,0,0,0,1,0,1,1,1,0,1,0,1,0,0,0,0,1
0,32,20.35,0,0,0,21.439393939393938,1,0,0,1,0,0,1,0,0,0,0,0,0,1,0,0,1,0,0,1,0
1,67,105.6,0,0,0,104.59044117647058,0,1,0,1,1,1,0,1,1,0,0,1,1,1,0,1,0,1,0,0,1
1,72,64.45,0,0,0,63.57671232876713,1,1,0,0,0,0,0,1,1,1,1,1,1,0,1,1,1,0,0,0,1
0,71,108.6,0,7,1,106.81805555555555,1,1,0,1,1,1,0,0,1,1,1,1,1,0,1,1,1,0,0,0,1
0,1,49.9,0,0,0,24.95,1,0,1,1,0,0,0,0,1,0,0,0,0,0,0,1,0,1,0,0,0
0,46,30.3,0,1,1,29.363829787234042,1,0,0,0,0,0,0,0,1,0,0,0,0,0,0,0,0,0,0,0,1
1,2,30.4,0,0,1,26.21666666666667,0,0,0,0,0,0,0,0,0,1,0,0,0,0,0,1,0,1,0,0,0
0,1,45.4,0,0,1,22.7,0,0,0,1,0,0,0,0,0,0,0,0,0,0,0,1,0,0,1,0,0
0,48,65.65,0,0,0,63.156122448979595,0,1,0,1,0,0,0,0,1,1,0,0,1,1,0,1,0,1,0,0,1
0,61,103.3,0,0,0,105.13467741935484,0,1,0,1,1,1,0,0,0,1,1,1,1,1,0,1,0,0,0,0,1
0,32,84.15,0,5,1,78.36212121212121,0,1,0,1,0,1,0,0,1,0,0,0,1,0,0,0,0,0,0,1,0
0,2,44.45,0,0,0,27.566666666666666,0,0,0,1,0,0,0,0,0,0,0,0,0,0,0,0,0,1,0,0,0
0,3,19.75,0,0,1,14.7125,0,0,0,1,0,0,1,0,0,0,0,0,0,0,0,0,0,1,0,0,0
0,5,85.4,0,0,1,70.98333333333333,0,0,0,1,0,1,0,0,0,0,1,0,1,0,0,1,1,0,0,0,0
0,71,89.9,0,0,0,88.09305555555555,0,1,1,1,1,0,0,1,1,1,1,1,1,0,1,0,0,0,0,0,1
0,37,55.05,0,0,0,53.44078947368421,1,1,0,1,1,0,0,1,0,0,0,0,0,0,0,1,0,0,1,0,1
0,65,104.1,0,0,0,101.51590909090909,1,1,1,1,1,1,0,0,0,1,1,1,1,0,1,1,0,0,0,0,1
0,67,106.6,0,0,0,106.53970588235293,0,0,1,1,1,1,0,0,1,0,1,1,1,1,0,1,0,0,0,0,1
0,49,75.2,0,0,1,73.566,1,0,1,1,1,1,0,0,0,0,0,0,0,0,0,0,1,0,0,0,1
0,50,70.5,4,0,0,68.36568627450981,1,1,1,1,1,0,0,1,0,0,1,1,0,0,1,1,1,0,0,0,1
0,25,19.6,0,0,0,15.813461538461537,1,1,1,1,0,0,1,0,0,0,0,0,0,1,0,0,0,1,0,1,0
0,17,55.85,0,0,1,52.083333333333336,0,0,1,1,1,0,0,0,0,1,0,0,0,1,0,1,0,0,1,1,0
0,64,24.05,0,0,0,23.986923076923077,0,1,1,1,1,0,1,0,0,0,0,0,0,0,1,1,0,0,1,0,1
0,25,38.1,0,0,0,37.323076923076925,1,1,0,0,0,0,0,0,0,1,0,1,0,1,0,1,1,0,0,1,0
1,23,106.4,0,1,1,103.47916666666667,1,0,0,1,1,1,0,0,1,1,0,1,1,0,0,1,0,1,0,1,0
1,24,34.25,0,0,0,33.128,1,1,0,0,0,0,0,0,0,1,1,0,0,0,0,0,0,0,1,1,0
0,37,100.05,0,0,0,100.27763157894738,0,0,0,1,1,1,0,0,0,1,0,1,1,0,0,1,0,1,0,0,1
0,21,68.65,0,0,0,67.87272727272727,0,0,0,1,0,1,0,0,0,0,0,0,0,0,0,1,0,1,0,1,0
0,1,45.8,0,0,0,22.9,1,0,0,1,0,0,0,0,0,0,0,0,0,0,0,1,0,0,1,0,0
0,10,75.75,0,0,0,70.66363636363636,0,0,0,1,1,1,0,0,0,0,0,0,0,0,0,1,0,0,1,0,0
0,6,84.4,0,1,1,79.47857142857143,1,0,0,1,0,1,0,0,1,0,0,0,1,0,0,1,0,1,0,0,0
0,51,96.4,0,0,0,94.44326923076923,1,1,0,1,1,1,0,1,1,0,0,0,1,1,0,1,1,0,0,0,1
0,10,20.55,0,0,0,17.03181818181818,0,0,0,1,0,0,1,0,0,0,0,0,0,0,0,1,0,0,1,0,0
0,6,50.95,0,0,0,43.94285714285714,0,0,0,0,0,0,0,1,1,0,1,0,1,0,0,0,1,0,0,0,0
0,47,90.5,0,0,0,89.965625,1,1,1,1,1,0,0,1,1,1,1,1,1,0,1,1,0,0,1,0,1
0,61,79.4,1,0,0,77.7508064516129,0,1,1,1,1,0,0,1,1,1,1,0,1,1,0,1,0,1,0,0,1
0,52,58.75,0,0,0,57.3311320754717,0,0,0,0,0,0,0,1,1,1,0,1,1,0,1,1,0,0,0,0,1
0,35,59.45,0,0,0,59.358333333333334,0,1,1,1,1,0,0,1,1,0,0,0,0,0,0,1,1,0,0,1,0
0,71,105.7,1,0,0,103.7798611111111,1,1,0,1,1,1,0,0,1,1,0,1,1,1,0,1,0,0,0,0,1
0,6,56.25,0,0,1,55.58571428571429,0,0,0,1,0,0,0,1,1,0,0,0,0,0,0,0,0,1,0,0,0
0,45,53.3,0,0,0,49.91847826086956,1,1,0,1,0,0,0,1,0,1,0,0,0,0,1,0,1,0,0,0,1
1,2,85.55,0,0,1,62.48333333333333,0,0,0,1,1,1,0,0,0,0,0,1,0,0,0,1,0,1,0,0,0
0,4,68.65,4,1,1,52.25,0,0,0,1,0,0,0,0,1,0,0,1,1,0,0,1,0,0,0,0,0
0,2,24.3,0,0,0,12.816666666666668,1,0,0,0,0,0,0,0,0,0,0,0,0,0,0,0,0,0,1,0,0
0,4,77.85,0,0,1,59.839999999999996,1,0,0,1,0,1,0,0,0,0,0,1,0,0,0,0,0,1,0,0,0
0,51,59.9,0,0,0,58.53076923076923,1,0,0,1,1,0,0,1,0,0,1,0,0,1,0,0,1,0,0,0,1
0,60,23.95,0,0,0,24.695081967213117,1,1,1,1,1,0,1,0,0,0,0,0,0,1,0,0,1,0,0,0,1
0,9,20.15,0,0,0,16.369999999999997,1,0,0,1,0,0,1,0,0,0,0,0,0,1,0,1,0,0,1,0,0
0,3,105.35,0,1,1,80.8125,1,0,0,1,1,1,0,0,1,1,0,1,1,0,0,1,0,0,0,0,0
0,17,95.65,0,0,0,91.11111111111111,1,0,0,1,1,1,0,0,0,1,1,0,1,0,0,1,0,0,0,1,0
0,8,87.05,1,0,1,84.67777777777778,0,0,0,1,1,1,0,0,0,0,0,1,0,0,0,1,0,1,0,0,0
0,46,81.0,0,0,0,81.83723404255319,1,1,1,1,0,0,0,1,0,1,1,1,1,0,1,0,0,0,1,0,1
0,68,82.45,0,0,0,81.83478260869566,0,0,0,1,0,0,0,1,1,1,1,1,1,0,1,1,1,0,0,0,1
0,1,53.5,0,0,1,26.75,1,0,0,1,0,0,0,0,0,0,0,1,0,0,0,1,0,0,1,0,0
0,4,20.5,0,0,0,15.809999999999999,0,1,0,1,0,0,1,0,0,0,0,0,0,1,0,0,0,0,0,0,0
0,1,25.1,0,0,1,12.55,0,0,0,0,0,0,0,0,0,0,0,0,0,0,0,1,0,0,1,0,0
0,28,54.4,0,0,0,52.29655172413793,1,0,1,1,0,0,0,0,1,0,1,0,0,1,0,1,1,0,0,1,0
0,39,58.6,0,1,0,55.6125,0,0,0,1,0,0,0,0,1,0,0,1,0,1,0,1,1,0,0,0,1
0,11,84.8,0,0,0,74.0625,1,0,0,1,0,1,0,0,0,1,0,0,1,0,0,0,0,1,0,0,0
0,71,61.4,0,0,0,59.865972222222226,0,1,0,0,0,0,0,0,1,1,1,1,1,0,1,1,1,0,0,0,1
0,2,20.4,0,0,0,14.299999999999999,1,0,1,1,0,0,1,0,0,0,0,0,0,0,0,0,0,0,1,0,0
1,30,79.65,0,3,1,76.29516129032258,1,1,0,1,0,1,0,0,1,1,0,0,0,0,0,1,0,0,1,1,0
0,17,20.15,0,0,0,19.647222222222222,0,0,0,1,0,0,1,0,0,0,0,0,0,1,0,0,0,0,1,1,0
0,55,94.45,0,3,0,90.59107142857144,0,1,0,1,1,1,0,0,1,1,0,1,0,0,0,1,1,0,0,0,1
0,58,79.8,0,0,0,76.72627118644068,0,0,0,1,1,1,0,1,0,0,0,0,0,0,0,1,0,0,0,0,1
0,5,54.2,0,0,1,51.375,0,0,0,1,0,0,0,1,0,0,1,0,0,0,0,0,0,1,0,0,0
1,1,19.45,0,0,1,9.725,0,0,0,1,0,0,1,0,0,0,0,0,0,0,0,1,0,1,0,0,0
1,9,74.05,0,0,0,67.845,1,0,0,1,1,1,0,0,0,0,0,0,0,0,0,1,0,1,0,0,0
0,26,49.15,0,1,0,45.82592592592592,1,0,0,1,0,0,0,0,0,0,1,0,0,0,0,0,0,0,0,1,0
0,50,19.4,0,0,0,20.077450980392157,0,0,0,1,0,0,1,0,0,0,0,0,0,0,1,0,1,0,0,0,1
0,72,113.65,0,0,0,112.09246575342466,0,1,0,1,1,1,0,1,1,1,1,1,1,0,1,1,0,0,0,0,1
0,43,106.0,0,2,0,103.00681818181819,0,0,1,1,0,1,0,1,1,0,1,1,1,1,0,1,1,0,0,0,1
0,56,25.95,0,0,0,25.33421052631579,1,0,0,1,1,0,1,0,0,0,0,0,0,0,1,1,0,0,0,0,1
0,1,19.1,0,0,0,9.55,0,0,0,1,0,0,1,0,0,0,0,0,0,0,0,0,0,0,1,0,0
0,72,103.4,0,7,1,100.99520547945205,1,1,1,1,1,1,0,0,1,1,0,1,1,0,1,1,0,1,0,0,1
0,72,100.55,1,0,0,100.34383561643835,1,1,0,1,1,1,0,1,1,0,1,0,1,0,1,1,0,0,0,0,1
0,36,95.4,0,0,0,93.89729729729729,1,1,0,1,1,1,0,0,0,0,0,1,1,0,0,1,0,1,0,1,0
0,5,75.15,0,0,0,65.44166666666666,1,0,0,1,0,0,0,0,0,1,1,1,1,0,0,0,0,0,0,0,0
0,13,84.45,0,1,1,75.61428571428571,0,0,0,1,1,1,0,0,1,1,0,0,0,0,0,1,0,1,0,1,0
1,44,89.15,0,0,0,88.68333333333334,0,0,0,1,0,1,0,0,1,1,0,0,1,1,0,0,1,0,0,0,1
1,70,107.9,0,0,0,105.29366197183099,0,1,1,1,1,1,0,0,1,1,1,1,1,1,0,1,0,1,0,0,1
0,44,19.5,1,0,0,18.566666666666666,1,0,0,1,0,0,1,0,0,0,0,0,0,1,0,0,1,0,0,0,1
1,32,85.95,0,0,1,79.65454545454546,0,1,0,1,1,1,0,0,0,0,0,1,0,0,0,1,1,0,0,1,0
0,69,24.95,0,0,0,24.54785714285714,0,1,0,1,1,0,1,0,0,0,0,0,0,0,1,1,1,0,0,0,1
1,16,59.4,0,0,1,60.22941176470588,0,0,0,1,0,0,0,0,0,0,1,1,0,0,0,0,0,1,0,1,0
1,68,19.5,0,0,0,17.297826086956523,1,1,1,1,0,0,1,0,0,0,0,0,0,1,0,0,0,0,0,0,1
0,16,69.95,0,0,0,70.91176470588235,1,0,0,1,0,1,0,0,0,0,0,0,0,0,0,1,1,0,0,1,0
0,68,82.85,0,0,0,83.71666666666667,1,1,1,1,0,0,0,1,1,0,1,1,1,0,1,0,0,0,0,0,1
0,4,19.0,5,0,0,15.780000000000001,1,0,0,1,0,0,1,0,0,0,0,0,0,0,0,0,0,0,1,0,0
0,26,38.85,0,0,0,37.96851851851852,0,1,1,0,0,0,0,1,1,0,1,0,0,0,0,0,1,0,0,1,0
0,29,30.6,0,0,1,28.545,0,0,0,0,0,0,0,0,1,0,0,0,0,0,0,1,0,1,0,1,0
0,5,20.35,0,0,0,20.333333333333332,1,0,1,1,0,0,1,0,0,0,0,0,0,0,0,0,1,0,0,0,0
0,70,95.0,0,0,0,92.99859154929577,1,1,0,1,1,1,0,0,1,1,0,1,0,1,0,1,0,0,0,0,1
0,24,74.4,0,0,0,68.516,1,1,0,1,0,0,0,1,0,0,1,1,1,1,0,0,0,0,0,1,0
1,72,78.45,0,0,0,77.83904109589041,0,1,0,1,1,0,0,1,1,1,1,0,1,0,1,0,0,0,0,0,1
0,1,74.3,0,0,0,37.15,1,0,0,1,0,1,0,0,0,0,1,0,0,0,0,1,0,0,1,0,0
0,70,51.05,0,0,0,51.19929577464789,1,1,0,0,0,0,0,0,1,1,1,0,1,1,0,1,0,0,0,0,1
0,36,19.2,0,0,0,18.997297297297298,0,1,1,1,0,0,1,0,0,0,0,0,0,0,0,0,0,0,0,1,0
1,38,99.55,0,2,1,95.75,0,0,0,1,1,1,0,0,0,0,1,1,1,0,0,1,0,1,0,0,1
0,17,70.0,2,0,1,63.583333333333336,0,0,0,1,0,1,0,0,0,0,0,0,0,0,0,1,0,1,0,1,0
0,41,109.1,0,0,0,106.05357142857143,0,1,1,1,1,1,0,0,1,1,1,1,1,1,0,1,0,0,0,0,1
0,1,45.3,0,0,1,22.65,0,0,0,1,0,0,0,0,0,0,0,0,0,0,0,1,0,1,0,0,0
0,2,29.85,0,0,1,25.2,1,0,0,0,0,0,0,0,0,0,1,0,0,0,0,0,0,0,0,0,0
0,14,76.45,0,0,0,74.50333333333333,1,0,0,1,0,1,0,0,0,1,0,0,0,0,0,0,0,1,0,1,0
1,2,95.1,0,0,1,60.083333333333336,1,0,0,1,0,1,0,0,1,1,1,0,1,0,0,1,1,0,0,0,0
0,1,19.8,0,0,1,9.9,1,0,0,1,0,0,1,0,0,0,0,0,0,0,0,0,0,0,1,0,0
0,13,72.8,0,0,0,66.43214285714285,1,1,1,1,1,0,0,0,1,1,1,1,0,0,0,1,0,1,0,1,0
0,6,18.95,0,0,0,15.735714285714286,1,0,0,1,0,0,1,0,0,0,0,0,0,0,0,0,0,0,1,0,0
0,4,76.65,0,0,1,66.72,0,0,0,1,0,1,0,0,1,0,0,0,0,0,0,1,0,0,0,0,0
0,5,99.15,0,0,1,77.50833333333334,0,1,1,1,0,1,0,0,1,0,1,1,1,0,0,1,0,0,1,0,0
0,15,101.75,0,0,0,104.3375,0,1,0,1,0,1,0,1,0,1,0,1,1,0,0,0,0,1,0,1,0
0,47,75.45,0,0,0,73.85625,0,0,0,1,0,1,0,1,0,0,0,0,0,0,0,0,1,0,0,0,1
0,8,64.1,5,0,0,56.00555555555556,0,0,0,1,0,0,0,0,0,1,1,0,1,0,0,0,0,0,1,0,0
0,17,25.65,0,0,0,24.455555555555556,1,0,0,0,0,0,0,0,0,0,0,0,0,0,0,1,0,0,1,1,0
0,15,75.1,4,0,0,71.971875,1,1,1,1,0,1,0,1,0,0,0,0,0,0,0,0,0,0,1,1,0
0,26,95.85,0,0,0,91.67962962962963,0,0,0,1,0,1,0,1,0,1,1,0,1,1,0,1,0,0,0,1,0
0,23,54.4,0,1,0,52.052083333333336,0,0,0,1,1,0,0,1,0,0,0,0,0,0,0,0,0,1,0,1,0
1,4,72.75,0,0,0,63.55,0,0,0,1,0,1,0,0,1,0,0,0,0,0,0,0,0,1,0,0,0
0,29,19.85,0,0,0,17.834999999999997,1,0,1,1,0,0,1,0,0,0,0,0,0,1,0,0,0,0,1,1,0
0,25,19.05,0,0,0,17.742307692307694,0,0,0,1,0,0,1,0,0,0,0,0,0,0,0,0,0,0,1,1,0
0,9,44.95,0,0,1,43.1,1,0,0,1,0,0,0,0,0,0,0,0,0,0,0,0,0,0,1,0,0
0,18,49.55,0,0,1,46.22894736842105,1,1,0,1,0,0,0,0,0,1,0,0,0,0,0,1,0,0,1,1,0
1,3,94.85,5,0,0,83.9375,1,0,0,1,1,1,0,0,0,0,0,1,1,0,0,1,0,1,0,0,0
0,69,46.25,0,0,0,44.59142857142857,0,1,1,0,0,0,0,1,1,1,1,0,0,0,1,0,0,0,0,0,1
0,14,19.35,0,0,0,21.653333333333332,1,0,0,1,0,0,1,0,0,0,0,0,0,1,0,0,0,0,1,1,0
0,19,69.6,0,0,0,69.72749999999999,1,0,0,1,1,0,0,0,0,0,0,1,1,0,0,0,0,0,1,1,0
1,39,90.7,0,0,0,85.33125,1,0,0,1,1,1,0,0,1,0,0,0,1,0,0,0,0,1,0,0,1
0,31,101.4,0,0,0,98.2390625,1,0,0,1,0,1,0,0,1,1,0,1,1,0,0,1,0,1,0,1,0
0,24,20.25,2,0,0,17.59,1,1,1,1,0,0,1,0,0,0,0,0,0,1,0,0,0,0,1,1,0
0,14,48.8,0,0,0,44.29333333333333,1,1,0,1,0,0,0,0,0,0,1,0,0,0,0,0,0,0,0,1,0
0,64,74.35,0,0,0,73.22384615384615,0,1,0,1,0,0,0,1,1,1,1,0,1,0,1,1,0,0,1,0,1
0,50,19.35,0,2,0,20.254901960784313,0,0,0,1,0,0,1,0,0,0,0,0,0,1,0,1,0,0,1,0,1
0,52,68.75,0,0,0,65.71415094339622,1,1,1,1,0,0,0,0,1,1,1,1,0,1,0,1,0,1,0,0,1
0,28,100.2,3,0,0,92.7051724137931,1,0,0,1,1,1,0,0,1,0,0,1,1,1,0,0,0,1,0,1,0
0,21,20.85,0,0,0,19.78409090909091,0,0,0,1,0,0,1,0,0,0,0,0,0,0,1,1,1,0,0,1,0
0,25,95.9,0,2,1,94.1826923076923,1,0,1,1,0,1,0,0,1,0,0,1,1,0,0,1,0,1,0,1,0
0,17,19.35,0,0,0,17.055555555555557,0,1,0,1,0,0,1,0,0,0,0,0,0,1,0,0,0,0,1,1,0
0,58,45.0,0,0,0,45.582203389830504,1,1,0,0,0,0,0,0,0,0,0,1,1,1,0,1,1,0,0,0,1
1,17,81.5,0,0,1,73.84444444444445,1,1,0,1,0,1,0,0,0,0,0,0,1,0,0,0,0,0,0,1,0
0,51,25.5,0,0,0,24.639423076923077,0,1,0,1,1,0,1,0,0,0,0,0,0,0,1,0,0,0,1,0,1
0,72,48.9,0,0,0,48.31506849315068,1,1,1,0,0,0,0,1,0,1,1,1,0,0,1,0,0,0,1,0,1
0,52,84.1,0,3,1,82.05,1,1,0,1,0,1,0,1,0,0,0,1,0,0,0,0,0,1,0,0,1
0,27,19.6,0,0,0,20.041071428571428,0,0,0,1,0,0,1,0,0,0,0,0,0,0,1,1,0,0,1,1,0
0,3,20.0,3,0,0,15.9,0,0,0,1,0,0,1,0,0,0,0,0,0,0,0,0,0,0,1,0,0
0,64,81.3,0,0,0,78.91230769230769,0,1,0,1,1,0,0,1,1,1,1,0,1,0,1,1,0,0,1,0,1
0,45,95.2,0,0,0,93.16956521739131,0,1,0,1,0,1,0,0,0,0,1,1,1,0,1,1,1,0,0,0,1
1,3,36.45,0,0,1,23.425,1,1,0,0,0,0,0,0,0,0,0,1,0,0,0,1,0,0,1,0,0
0,71,83.3,0,0,0,81.86805555555556,0,1,0,1,1,0,0,0,1,1,1,1,1,0,1,1,1,0,0,0,1
1,1,25.05,0,0,1,12.525,0,0,0,0,0,0,0,0,0,0,0,0,0,0,0,0,0,0,1,0,0
0,58,20.3,0,0,0,19.673728813559322,0,1,1,1,0,0,1,0,0,0,0,0,0,0,1,0,1,0,0,0,1
0,34,89.85,0,0,0,88.33571428571429,1,1,1,1,0,1,0,0,1,1,0,1,0,0,0,1,0,1,0,1,0
0,8,49.85,0,0,1,40.61666666666667,0,0,0,1,0,0,0,1,0,0,0,0,0,0,0,1,0,1,0,0,0
0,15,19.8,2,0,0,17.059375,0,1,1,1,0,0,1,0,0,0,0,0,0,0,0,0,0,0,1,1,0
0,66,54.65,0,0,0,54.208955223880594,1,1,1,0,0,0,0,0,0,1,1,1,1,0,1,0,0,0,0,0,1
1,12,29.35,0,0,0,29.323076923076922,1,0,0,0,0,0,0,0,1,0,0,0,0,0,0,1,1,0,0,0,0
0,58,19.15,3,0,0,17.550847457627118,1,0,0,1,0,0,1,0,0,0,0,0,0,0,1,1,0,0,0,0,1
0,3,19.1,0,0,0,13.0,0,1,1,1,0,0,1,0,0,0,0,0,0,0,1,0,0,0,1,0,0
1,43,55.55,0,4,1,53.23181818181818,0,1,0,0,0,0,0,0,1,1,0,1,1,0,0,0,1,0,0,0,1
0,9,80.55,0,0,0,65.39,0,0,0,1,0,1,0,0,1,1,0,0,0,0,0,0,0,1,0,0,0
0,3,20.25,0,0,0,17.8,0,0,0,1,0,0,1,0,0,0,0,0,0,1,0,0,0,0,1,0,0
0,22,69.5,0,2,1,65.13913043478261,0,1,1,1,0,0,0,0,1,0,0,1,1,1,0,1,0,0,0,1,0
0,40,106.0,0,0,0,101.91829268292682,1,1,0,1,1,1,0,0,1,1,0,1,1,1,0,1,0,0,0,0,1
0,68,25.5,0,0,0,26.402898550724636,0,0,0,1,1,0,1,0,0,0,0,0,0,0,1,0,0,0,0,0,1
0,54,104.3,0,4,1,95.96636363636362,1,1,0,1,1,1,0,0,1,1,0,1,1,0,0,1,0,1,0,0,1
0,50,79.6,0,0,0,78.90588235294118,0,0,0,1,1,0,0,0,1,0,1,1,1,0,1,1,0,0,1,0,1
0,1,55.25,0,0,0,27.625,1,0,0,1,0,0,0,0,0,0,0,0,1,0,0,1,0,1,0,0,0
0,72,88.05,0,0,0,89.32602739726028,0,1,0,1,1,0,0,1,1,1,1,1,1,0,1,0,0,0,0,0,1
0,40,20.4,0,0,0,20.851219512195122,1,0,1,1,0,0,1,0,0,0,0,0,0,1,0,1,0,0,0,0,1
0,72,117.6,1,0,0,113.82054794520548,0,1,1,1,1,1,0,1,1,1,1,1,1,0,1,1,0,0,0,0,1
0,6,20.0,0,0,0,15.6,0,0,0,1,0,0,1,0,0,0,0,0,0,0,0,0,0,0,1,0,0
0,5,19.65,0,0,0,15.341666666666667,0,0,0,1,0,0,1,0,0,0,0,0,0,0,0,1,1,0,0,0,0
0,48,70.55,5,0,0,69.8061224489796,1,1,0,1,1,0,0,0,1,1,0,0,1,1,0,1,1,0,0,0,1
0,1,93.85,0,0,1,46.925,0,0,0,1,1,1,0,0,0,0,0,1,1,0,0,1,0,1,0,0,0
0,64,65.8,0,0,0,62.58461538461538,0,1,1,1,0,0,0,1,0,0,1,1,0,1,0,0,0,0,1,0,1
0,17,20.05,0,0,0,18.772222222222222,0,0,0,1,0,0,1,0,0,0,0,0,0,1,0,0,1,0,0,1,0
0,40,80.0,0,0,0,77.28658536585365,1,1,0,1,0,1,0,0,1,1,0,0,0,0,0,1,0,1,0,0,1
0,41,35.4,0,0,0,33.62857142857143,0,1,1,0,0,0,0,1,0,1,0,0,0,1,0,0,1,0,0,0,1
1,51,79.6,0,0,0,76.43653846153846,1,0,0,1,1,1,0,0,1,0,0,0,0,1,0,1,0,0,0,0,1
0,41,80.25,0,0,0,81.88095238095238,1,1,0,1,1,1,0,0,1,0,0,0,0,0,0,1,0,1,0,0,1
0,1,50.45,0,0,1,25.225,0,1,1,1,0,0,0,0,0,1,0,0,0,0,0,0,0,0,1,0,0
0,2,20.45,0,0,0,14.15,0,0,0,1,0,0,1,0,0,0,0,0,0,0,0,1,0,0,1,0,0
0,68,79.6,0,0,0,79.15144927536231,1,0,0,1,0,1,0,0,1,1,0,0,0,1,0,0,1,0,0,0,1
0,24,24.7,0,0,0,22.87,0,1,1,1,1,0,1,0,0,0,0,0,0,0,1,0,0,0,1,1,0
0,70,77.3,0,0,0,77.43943661971831,1,1,0,1,1,0,0,1,0,1,1,0,1,0,1,0,1,0,0,0,1
0,3,29.75,0,0,0,24.2125,1,0,0,0,0,0,0,0,0,0,1,0,0,0,0,1,0,1,0,0,0
0,2,44.9,0,0,0,37.016666666666666,1,0,0,1,0,0,0,0,0,0,0,0,0,0,0,0,0,0,0,0,0
0,3,29.8,0,0,0,23.6,1,1,0,0,0,0,0,0,1,0,0,0,0,0,0,0,1,0,0,0,0
0,7,74.65,0,0,1,65.1375,0,0,0,1,1,0,0,0,0,0,1,1,1,0,0,1,0,1,0,0,0
0,13,71.95,0,0,0,65.98928571428571,0,0,0,1,0,0,0,1,0,0,0,1,1,0,0,1,0,1,0,1,0
0,7,20.75,0,0,0,17.6375,1,0,0,1,0,0,1,0,0,0,0,0,0,0,0,0,0,0,1,0,0
0,12,56.3,0,0,0,48.357692307692304,1,1,1,1,0,0,0,0,0,0,0,1,0,0,0,1,0,0,1,0,0
0,53,105.25,3,0,0,103.26481481481481,1,1,1,1,1,1,0,0,1,1,0,1,1,1,0,1,0,1,0,0,1
0,12,94.2,0,0,1,80.46923076923076,0,0,0,1,1,1,0,0,0,0,0,1,1,0,0,1,0,1,0,0,0
0,63,19.55,0,0,0,19.4625,1,1,1,1,0,0,1,0,0,0,0,0,0,0,1,0,0,0,1,0,1
0,15,84.45,0,0,0,80.490625,0,0,0,1,0,0,0,1,1,1,1,1,1,0,0,0,0,0,1,1,0
0,36,53.65,1,0,0,52.41486486486486,1,1,1,1,0,0,0,1,1,0,0,0,0,1,0,0,0,0,1,1,0
1,4,29.9,0,0,0,23.65,1,1,0,0,0,0,0,0,0,1,0,0,0,0,0,1,0,1,0,0,0
0,24,19.7,5,0,0,18.102,0,1,1,1,0,0,1,0,0,0,0,0,0,0,1,0,0,0,1,1,0
0,61,43.7,0,0,0,43.49274193548387,0,0,0,0,0,0,0,1,1,1,1,0,0,1,0,0,1,0,0,0,1
0,16,55.3,0,0,0,51.491176470588236,1,0,0,1,1,0,0,0,1,0,0,0,0,0,0,0,0,1,0,1,0
0,65,19.85,3,0,0,19.19772727272727,1,1,1,1,0,0,1,0,0,0,0,0,0,0,1,1,1,0,0,0,1
0,26,19.65,0,2,0,18.32962962962963,0,1,1,1,0,0,1,0,0,0,0,0,0,0,1,0,1,0,0,1,0
0,16,49.45,3,0,0,47.0,1,0,0,1,0,0,0,0,0,0,1,0,0,0,0,1,0,0,1,1,0
0,54,106.55,0,3,1,104.78727272727274,0,1,0,1,1,1,0,1,1,0,0,1,1,1,0,0,0,0,0,0,1
0,1,20.1,0,0,1,10.05,1,0,0,1,0,0,1,0,0,0,0,0,0,0,0,0,0,0,1,0,0
0,5,20.45,1,0,0,17.816666666666666,1,0,1,1,0,0,1,0,0,0,0,0,0,0,1,0,0,0,1,0,0
0,19,39.7,2,0,0,35.5025,0,0,0,0,0,0,0,0,1,0,0,0,1,0,0,1,0,1,0,1,0
0,10,54.5,0,0,0,51.654545454545456,1,0,0,1,1,0,0,1,0,0,0,0,0,0,0,1,1,0,0,0,0
0,23,83.8,0,3,1,79.17708333333333,0,1,1,1,0,1,0,0,1,1,1,0,0,0,0,0,0,1,0,1,0
0,3,55.15,0,0,1,39.7875,1,0,0,1,0,0,0,0,0,0,0,1,0,0,0,0,0,0,1,0,0
0,72,111.6,0,0,0,109.76369863013699,0,0,0,1,1,1,0,0,1,1,1,1,1,0,1,1,0,0,0,0,1
1,10,86.65,0,0,1,77.87727272727273,1,1,0,1,1,1,0,0,0,0,0,0,1,0,0,1,0,1,0,0,0
0,10,55.55,0,0,0,50.11818181818182,0,1,1,1,0,0,0,0,1,1,0,0,0,0,0,1,0,0,1,0,0
0,11,20.55,0,0,0,15.4125,1,1,0,1,0,0,1,0,0,0,0,0,0,1,0,1,0,0,1,0,0
1,37,106.75,0,4,1,106.75657894736842,0,0,0,1,1,1,0,1,1,0,0,1,1,0,0,1,0,0,0,0,1
0,17,62.1,0,0,0,60.925000000000004,1,1,1,1,1,0,0,1,0,0,1,0,0,1,0,1,0,0,1,1,0
0,36,104.5,0,1,0,99.59324324324324,0,1,1,1,1,1,0,1,0,1,0,1,1,0,0,1,1,0,0,1,0
1,17,101.8,0,0,0,97.35833333333333,1,0,0,1,0,1,0,0,1,1,0,1,1,0,0,1,0,1,0,1,0
1,66,110.6,0,0,0,107.62462686567164,0,1,1,1,1,1,0,1,1,0,1,1,1,1,0,1,1,0,0,0,1
0,61,84.9,0,0,0,84.91129032258064,1,1,1,1,0,0,0,1,1,1,1,1,1,1,0,0,0,0,0,0,1
0,22,93.2,2,0,0,93.79565217391306,1,0,0,1,0,1,0,0,1,0,0,1,1,0,0,1,0,0,1,1,0
0,1,24.4,0,0,0,12.2,1,0,0,0,0,0,0,0,0,0,0,0,0,0,0,1,0,1,0,0,0
0,6,70.55,0,0,0,61.99285714285714,0,0,0,1,0,1,0,0,0,0,0,0,0,0,0,0,1,0,0,0,0
0,31,78.45,0,0,1,76.0984375,1,0,0,1,0,1,0,0,1,0,1,0,0,0,0,1,0,1,0,1,0
0,68,85.0,0,0,0,81.27173913043478,0,1,1,1,0,0,0,1,1,1,1,1,1,0,1,1,1,0,0,0,1
0,34,87.45,0,4,1,82.11857142857143,0,1,1,1,1,1,0,0,0,1,0,1,0,0,0,0,0,1,0,1,0
0,52,85.8,2,0,0,83.64716981132077,0,1,1,1,0,1,0,0,1,1,1,0,0,0,0,0,0,0,0,0,1
0,10,91.1,0,0,0,87.66818181818182,0,0,1,1,0,1,0,0,0,1,1,1,0,0,0,1,0,1,0,0,0
0,29,70.75,1,0,1,65.82666666666667,1,1,1,1,0,1,0,0,0,0,0,0,0,0,0,1,0,1,0,1,0
0,72,20.1,0,0,0,20.011643835616436,0,1,1,1,0,0,1,0,0,0,0,0,0,0,1,0,0,0,0,0,1
0,47,20.05,0,0,0,19.823958333333334,1,1,1,1,0,0,1,0,0,0,0,0,0,1,0,0,0,0,1,0,1
0,24,74.8,0,0,0,72.848,1,1,1,1,1,0,0,1,0,0,0,1,1,1,0,0,0,0,1,1,0
0,65,24.8,5,0,0,24.256818181818183,1,0,0,1,1,0,1,0,0,0,0,0,0,1,0,0,1,0,0,0,1
0,4,100.85,0,0,0,79.85,0,0,0,1,1,1,0,0,0,0,1,1,1,0,0,1,0,0,1,0,0
1,12,101.35,0,1,1,93.73461538461538,1,1,0,1,1,1,0,0,1,0,0,1,1,0,0,1,0,1,0,0,0
0,1,81.7,0,0,1,40.85,1,0,0,1,1,1,0,1,0,0,0,0,0,0,0,1,0,1,0,0,0
0,33,68.25,3,3,1,63.85735294117647,1,0,0,1,0,1,0,0,0,0,0,0,0,0,0,0,0,1,0,1,0
0,34,105.1,0,0,0,103.85142857142857,0,0,0,1,0,1,0,0,1,1,1,1,1,0,0,1,0,1,0,1,0
0,14,20.4,0,0,0,19.493333333333332,0,1,0,1,0,0,1,0,0,0,0,0,0,0,1,0,0,0,1,1,0
0,4,79.15,0,0,1,63.45,0,0,0,1,0,1,0,0,0,0,0,0,1,0,0,1,0,1,0,0,0
0,13,20.0,0,0,0,15.610714285714286,1,1,1,1,0,0,1,0,0,0,0,0,0,1,0,0,0,0,1,1,0
0,65,79.4,0,0,0,76.8469696969697,0,1,1,1,1,0,0,0,1,0,1,1,1,0,1,1,0,0,0,0,1
0,23,57.2,0,0,0,59.30625,1,1,1,1,0,0,0,1,0,0,1,0,0,1,0,0,1,0,0,1,0
0,55,58.6,0,0,0,54.79642857142857,1,1,0,1,0,0,0,1,1,1,0,0,0,0,1,0,0,1,0,0,1
0,49,94.8,0,0,0,93.81299999999999,1,1,0,1,0,1,0,0,1,0,0,1,1,0,1,1,0,1,0,0,1
0,60,102.5,0,0,0,100.94426229508197,1,1,0,1,1,1,0,0,1,1,0,1,1,1,0,0,0,0,0,0,1
0,69,20.35,0,0,0,20.609285714285715,0,1,1,1,0,0,1,0,0,0,0,0,0,1,0,1,1,0,0,0,1
0,40,84.9,0,0,0,82.1719512195122,1,0,0,1,1,1,0,0,0,0,0,1,0,0,0,1,0,1,0,0,1
0,67,69.2,0,0,0,68.70073529411764,1,1,0,1,0,0,0,1,1,0,1,0,1,0,1,1,1,0,0,0,1
1,35,95.45,0,5,1,96.5013888888889,1,0,0,1,1,1,0,0,0,0,0,1,1,0,0,1,0,1,0,1,0
0,19,100.95,0,1,1,93.7775,1,1,1,1,1,1,0,0,0,0,1,1,1,1,0,1,0,1,0,1,0
0,13,20.85,0,0,0,19.45357142857143,0,1,1,1,0,0,1,0,0,0,0,0,0,0,1,0,0,0,1,1,0
0,41,88.5,0,0,0,86.78690476190476,0,0,1,1,1,1,0,0,1,0,0,1,0,0,0,1,0,0,0,0,1
0,4,35.0,0,0,0,27.15,0,0,0,0,0,0,0,1,0,1,0,0,0,0,0,0,0,0,1,0,0
0,24,55.15,2,0,0,52.794,0,1,1,1,0,0,0,1,0,0,1,0,0,0,0,0,0,1,0,1,0
0,5,50.95,0,0,0,38.233333333333334,0,0,0,0,0,0,0,0,1,0,0,1,1,0,0,1,1,0,0,0,0
0,5,64.0,0,0,0,61.708333333333336,0,0,0,1,1,0,0,0,1,0,0,0,1,0,0,1,0,1,0,0,0
0,1,69.1,0,0,1,34.55,0,1,1,1,0,1,0,0,0,0,0,0,0,0,0,1,0,0,1,0,0
0,72,80.2,0,0,0,78.27671232876712,0,1,1,1,1,0,0,1,1,1,1,1,0,0,1,0,0,0,0,0,1
0,24,49.3,0,0,0,49.33,0,0,0,1,0,0,0,0,0,1,0,0,0,0,0,1,1,0,0,1,0
0,42,84.35,2,0,0,83.06046511627906,0,1,0,1,1,0,0,1,0,1,1,1,1,0,1,0,1,0,0,0,1
0,4,20.05,1,0,0,16.66,0,0,0,1,0,0,1,0,0,0,0,0,0,0,0,0,0,0,1,0,0
0,68,117.2,4,0,0,116.46304347826087,1,0,0,1,1,1,0,1,1,1,1,1,1,1,0,1,1,0,0,0,1
0,33,20.1,0,0,0,17.041176470588233,0,1,1,1,0,0,1,0,0,0,0,0,0,1,0,0,0,0,1,1,0
0,31,103.45,1,2,1,95.8265625,1,0,0,1,1,1,0,0,1,1,0,1,1,1,0,1,0,1,0,1,0
0,4,77.95,0,0,1,61.11,0,0,0,1,1,1,0,0,1,0,0,0,0,0,0,0,0,0,0,0,0
1,69,109.95,0,0,0,109.06071428571428,1,1,0,1,1,1,0,0,1,1,1,1,1,0,1,1,0,1,0,0,1
1,38,94.75,4,0,0,93.66666666666667,1,0,0,1,1,1,0,0,0,0,0,1,1,0,0,0,0,1,0,0,1
0,3,80.0,0,0,0,60.325,0,1,1,1,0,1,0,0,1,0,1,0,0,0,0,1,0,1,0,0,0
0,48,79.65,0,0,0,78.9857142857143,0,1,1,1,1,0,0,0,1,0,1,1,1,0,1,0,0,1,0,0,1
0,15,25.2,0,0,0,24.24375,0,1,0,1,1,0,1,0,0,0,0,0,0,0,1,0,0,0,1,1,0
0,25,19.9,0,0,0,20.28846153846154,0,0,0,1,0,0,1,0,0,0,0,0,0,1,0,0,1,0,0,1,0
1,1,78.45,0,0,1,39.225,0,0,0,1,0,1,0,0,0,0,0,1,0,0,0,0,0,1,0,0,0
0,48,44.8,3,0,0,42.95,0,0,0,0,0,0,0,1,1,0,0,1,0,0,0,1,0,1,0,0,1
0,1,20.3,0,0,0,10.15,1,0,0,1,0,0,1,0,0,0,0,0,0,0,0,0,0,0,1,0,0
0,1,19.2,3,0,0,9.6,1,0,0,1,0,0,1,0,0,0,0,0,0,0,0,0,0,1,0,0,0
0,37,80.05,0,0,0,79.45,0,0,0,1,0,1,0,0,1,1,0,0,0,1,0,0,0,1,0,0,1
1,66,107.35,3,0,0,105.25298507462686,1,1,0,1,1,1,0,0,1,1,1,1,1,1,0,1,0,0,0,0,1
0,26,47.85,5,0,0,44.092592592592595,0,1,0,0,0,0,0,1,1,1,0,1,0,1,0,0,0,0,0,1,0
0,63,70.8,0,0,0,69.5125,1,1,0,1,0,0,0,1,1,0,1,1,0,1,0,0,1,0,0,0,1
0,10,29.5,0,0,1,23.204545454545453,1,0,0,0,0,0,0,0,0,1,0,0,0,0,0,0,0,0,1,0,0
0,2,70.75,0,0,1,48.96666666666667,0,0,0,1,0,0,0,1,0,0,0,1,1,0,0,1,0,1,0,0,0
1,18,59.1,0,0,0,53.21315789473684,1,1,0,1,0,0,0,1,0,0,0,0,1,0,0,1,1,0,0,1,0
0,64,25.55,0,0,0,26.383846153846154,0,1,0,1,1,0,1,0,0,0,0,0,0,0,1,0,0,0,1,0,1
1,9,84.45,0,0,1,76.25,0,0,0,1,1,1,0,0,0,0,0,0,1,0,0,1,0,1,0,0,0
0,28,20.25,0,0,0,18.46034482758621,0,0,1,1,0,0,1,0,0,0,0,0,0,0,0,0,0,0,1,1,0
0,1,75.55,2,0,0,37.775,0,0,0,1,0,1,0,0,0,1,0,0,0,0,0,0,0,1,0,0,0
0,4,85.65,4,0,1,67.78,1,0,0,1,1,1,0,0,0,0,0,0,1,0,0,1,0,1,0,0,0
1,38,70.15,0,2,1,64.03461538461538,1,0,0,1,0,0,0,0,1,1,1,1,0,1,0,1,1,0,0,0,1
0,66,95.3,0,0,0,93.63283582089552,1,1,0,1,1,1,0,0,1,1,0,0,1,1,0,0,0,1,0,0,1
0,1,70.25,0,0,0,35.125,0,0,0,1,0,1,0,0,0,0,0,0,0,0,0,1,0,1,0,0,0
0,18,50.3,0,0,0,47.828947368421055,0,1,0,1,0,0,0,0,0,0,1,0,0,0,0,1,0,0,1,1,0
1,51,97.8,0,4,1,94.48653846153846,1,0,0,1,1,1,0,0,0,1,0,1,1,0,0,1,0,1,0,0,1
0,0,19.85,0,0,0,1401.4,1,1,1,1,0,0,1,0,0,0,0,0,0,0,1,0,0,0,1,0,0
0,1,46.3,0,0,1,23.15,1,0,0,1,0,0,0,0,0,0,0,0,0,0,0,0,0,0,1,0,0
0,12,19.35,0,0,0,16.33076923076923,1,0,1,1,0,0,1,0,0,0,0,0,0,0,1,0,0,0,0,0,0
0,41,106.3,0,2,1,105.79642857142856,0,0,0,1,1,1,0,0,1,1,0,1,1,0,0,1,0,1,0,0,1
0,12,25.0,4,0,0,24.323076923076922,1,0,0,1,1,0,1,0,0,0,0,0,0,0,0,0,0,1,0,0,0
0,55,20.3,0,0,0,19.26875,0,1,1,1,0,0,1,0,0,0,0,0,0,0,1,0,0,0,1,0,1
0,7,75.35,0,0,0,70.58125,0,0,0,1,1,1,0,0,0,0,0,0,0,0,0,1,0,1,0,0,0
0,12,89.4,0,2,1,84.28076923076924,0,0,0,1,0,1,0,0,0,1,1,0,1,0,0,1,0,1,0,0,0
0,68,88.0,0,0,0,89.30289855072463,0,1,1,1,1,0,0,1,1,1,1,1,1,0,1,0,1,0,0,0,1
1,5,83.15,0,0,1,74.34166666666667,0,0,0,1,1,1,0,0,0,0,0,1,0,0,0,1,1,0,0,0,0
1,49,43.8,0,0,0,42.121,0,0,0,1,0,0,0,0,0,0,0,0,0,0,0,0,0,0,1,0,1
0,40,62.05,2,0,0,61.25731707317074,1,0,0,0,0,0,0,1,1,1,0,1,1,1,0,0,1,0,0,0,1
0,16,20.1,0,0,0,18.741176470588236,0,0,0,1,0,0,1,0,0,0,0,0,0,1,0,0,0,0,0,1,0
0,10,74.15,0,0,1,73.8,1,0,0,1,1,1,0,0,0,0,0,0,0,0,0,1,0,0,1,0,0
0,72,101.35,1,0,0,100.31712328767122,0,1,0,1,1,1,0,0,1,1,0,1,1,1,0,1,0,1,0,0,1
1,2,84.05,0,0,0,62.01666666666667,0,0,0,1,1,1,0,0,0,0,0,0,1,0,0,1,0,1,0,0,0
0,23,20.9,0,0,0,18.916666666666668,1,1,1,1,0,0,1,0,0,0,0,0,0,0,1,0,0,0,1,1,0
1,71,105.9,0,0,0,104.47152777777778,0,0,0,1,1,1,0,0,1,1,0,1,1,1,0,1,0,1,0,0,1
0,11,99.5,0,1,1,88.07916666666667,0,1,0,1,1,1,0,0,0,1,0,1,1,0,0,1,0,1,0,0,0
0,1,44.15,0,0,1,22.075,1,0,0,1,0,0,0,0,0,0,0,0,0,0,0,1,0,0,1,0,0
0,16,53.9,0,0,1,49.067647058823525,0,0,0,1,0,0,0,0,1,0,1,0,0,0,0,1,0,0,1,1,0
0,1,85.45,0,0,1,42.725,0,0,0,1,1,1,0,0,0,0,0,0,1,0,0,1,0,0,1,0,0
0,12,85.05,0,0,0,76.9076923076923,1,1,0,1,0,1,0,0,1,0,0,0,1,0,0,1,1,0,0,0,0
0,54,44.1,0,0,0,43.08545454545454,0,0,0,0,0,0,0,1,0,0,1,0,1,1,0,0,0,0,0,0,1
0,68,90.2,5,5,0,91.27028985507246,0,1,0,1,1,1,0,0,1,1,1,0,0,0,1,0,1,0,0,0,1
0,4,50.85,0,0,1,47.910000000000004,0,1,1,1,1,0,0,0,0,0,0,0,0,0,0,0,0,0,1,0,0
0,1,59.2,0,0,1,29.6,0,0,1,1,0,0,0,0,0,1,0,0,1,0,0,0,0,1,0,0,0
0,27,53.45,1,0,0,52.19464285714286,1,0,0,1,0,0,0,1,0,0,1,0,0,0,0,0,0,0,1,1,0
0,21,19.95,0,0,0,18.927272727272726,1,0,0,1,0,0,1,0,0,0,0,0,0,0,0,1,0,0,1,1,0
0,13,83.2,0,1,1,75.75714285714285,1,0,0,1,0,1,0,0,0,1,0,1,0,0,0,1,0,1,0,1,0
1,64,74.65,0,0,0,74.91307692307693,0,0,0,1,1,0,0,0,1,1,1,0,1,0,0,0,1,0,0,0,1
0,1,54.9,0,1,1,27.45,0,0,0,1,0,0,0,1,1,0,0,0,0,0,0,1,0,1,0,0,0
0,57,57.5,4,0,0,56.30948275862069,1,1,0,0,0,0,0,0,1,1,1,1,1,0,1,1,0,0,0,0,1
0,21,103.9,0,2,1,102.46363636363635,0,1,0,1,1,1,0,1,0,1,0,1,1,0,0,1,0,1,0,1,0
0,19,19.65,1,0,0,17.9075,1,0,0,1,0,0,1,0,0,0,0,0,0,0,1,0,0,0,1,1,0
0,31,93.8,0,0,0,91.86875,1,1,0,1,0,1,0,0,0,1,0,1,1,1,0,1,0,1,0,1,0
0,52,89.25,4,0,0,87.78113207547169,1,0,0,1,1,0,0,1,1,1,1,1,1,0,1,1,0,0,1,0,1
0,46,94.15,0,0,0,93.7968085106383,0,0,0,1,1,1,0,0,1,1,0,0,1,1,0,1,0,1,0,0,1
1,11,55.6,1,0,0,48.4,0,0,0,1,1,0,0,1,0,0,0,0,0,0,0,1,0,1,0,0,0
0,53,48.7,0,0,0,46.2074074074074,0,1,1,0,0,0,0,1,1,1,0,0,1,0,0,1,0,0,0,0,1
0,11,19.25,0,0,1,15.025,0,1,1,1,0,0,1,0,0,0,0,0,0,0,0,1,0,0,1,0,0
1,57,104.9,0,0,0,101.96465517241379,1,0,0,1,1,1,0,0,1,0,1,1,1,0,0,1,0,0,0,0,1
1,2,75.45,0,0,1,52.800000000000004,0,0,0,1,1,1,0,0,0,0,0,0,0,0,0,1,0,0,1,0,0
1,2,54.85,0,0,1,34.733333333333334,0,0,0,1,0,0,0,1,1,0,0,0,0,0,0,0,0,0,1,0,0
0,71,19.9,0,0,0,19.296527777777776,0,1,1,1,0,0,1,0,0,0,0,0,0,0,1,0,0,0,0,0,1
0,1,19.4,4,0,0,9.7,0,1,1,1,0,0,1,0,0,0,0,0,0,0,0,1,0,0,1,0,0
0,68,25.05,0,0,0,23.61159420289855,1,1,0,1,1,0,1,0,0,0,0,0,0,0,1,0,1,0,0,0,1
0,72,84.45,0,0,0,82.64520547945206,1,1,0,1,0,0,0,1,1,1,1,1,1,0,1,0,0,0,1,0,1
0,2,19.3,0,0,0,14.799999999999999,0,0,0,1,0,0,1,0,0,0,0,0,0,0,0,0,0,0,1,0,0
1,1,95.1,0,0,1,47.55,1,1,0,1,1,1,0,0,0,0,0,1,1,0,0,1,0,1,0,0,0
0,41,79.85,3,0,0,79.06547619047619,0,0,0,1,0,0,0,1,0,1,1,1,1,1,0,1,0,0,0,0,1
0,72,25.55,0,0,0,25.584931506849315,1,1,1,1,1,0,1,0,0,0,0,0,0,0,1,0,1,0,0,0,1
0,6,75.5,1,0,1,62.57142857142857,1,1,0,1,1,1,0,0,0,0,0,0,0,0,0,1,0,1,0,0,0
0,4,73.75,2,0,1,65.09,0,1,1,1,0,1,0,0,0,1,0,0,0,0,0,1,0,1,0,0,0
0,12,96.05,0,1,1,88.3153846153846,1,0,0,1,1,1,0,0,0,0,0,1,1,0,0,1,0,1,0,0,0
0,58,68.4,4,0,0,67.32627118644068,0,1,0,1,1,0,0,1,0,0,1,0,1,1,0,1,0,1,0,0,1
0,7,20.65,0,0,0,19.4875,0,0,0,1,0,0,1,0,0,0,0,0,0,0,0,0,0,0,1,0,0
0,65,55.15,0,4,0,55.65378787878788,0,1,0,1,0,0,0,1,0,1,0,0,0,0,0,1,0,0,1,0,1
0,1,70.6,0,0,0,35.3,1,0,0,1,0,1,0,0,0,0,0,0,0,0,0,1,0,0,1,0,0
0,56,19.95,0,0,0,19.767543859649123,1,1,0,1,0,0,1,0,0,0,0,0,0,1,0,0,1,0,0,0,1
0,4,19.0,0,0,0,14.690000000000001,1,0,0,1,0,0,1,0,0,0,0,0,0,0,0,0,0,0,1,0,0
0,58,44.1,0,0,0,40.89915254237288,0,1,1,1,0,0,0,0,0,0,0,0,0,1,0,1,0,0,1,0,1
0,62,107.6,0,0,0,109.72539682539683,1,1,0,1,1,1,0,0,0,1,1,1,1,0,1,1,0,0,0,0,1
0,26,61.55,0,0,0,58.59074074074074,1,0,0,1,1,0,0,1,1,0,0,0,0,1,0,0,0,1,0,1,0
0,62,90.7,3,0,0,88.67380952380952,1,0,0,1,1,1,0,1,1,1,0,0,0,0,0,0,0,0,0,0,1
0,58,99.25,0,0,0,99.0957627118644,0,1,1,1,0,1,0,1,1,0,0,1,1,1,0,0,1,0,0,0,1
0,68,91.7,0,0,0,93.11159420289854,0,1,0,1,1,0,0,1,1,1,1,1,1,0,1,1,0,1,0,0,1
0,61,100.7,0,0,0,97.07499999999999,0,1,1,1,1,1,0,1,1,1,0,0,1,1,0,1,1,0,0,0,1
0,42,78.45,0,0,0,78.45116279069768,0,0,0,1,1,0,0,0,0,1,1,1,1,0,1,1,1,0,0,0,1
0,18,84.3,0,0,0,80.9421052631579,1,0,0,1,1,1,0,0,0,0,0,1,0,0,0,0,0,0,0,1,0
0,56,19.55,0,0,0,18.95701754385965,0,0,0,1,0,0,1,0,0,0,0,0,0,0,1,1,0,0,0,0,1
0,4,88.95,0,0,1,71.03999999999999,0,0,0,1,1,1,0,0,1,0,0,0,1,0,0,1,0,1,0,0,0
0,4,20.45,0,0,0,16.57,0,0,0,1,0,0,1,0,0,0,0,0,0,0,0,0,1,0,0,0,0
0,35,55.6,0,0,0,56.0125,0,0,1,1,0,0,0,1,1,0,0,0,0,1,0,0,1,0,0,1,0
0,64,86.8,0,0,0,81.95769230769231,0,1,1,1,1,1,0,1,0,0,1,0,0,0,0,1,0,0,0,0,1
0,31,20.95,0,0,0,21.3515625,0,0,0,1,0,0,1,0,0,0,0,0,0,1,0,0,0,0,1,1,0
1,67,20.05,3,0,0,18.574264705882353,0,1,0,1,0,0,1,0,0,0,0,0,0,0,1,1,0,0,0,0,1
0,4,50.7,0,0,1,30.26,0,0,0,1,0,0,0,0,1,0,0,0,0,0,0,0,1,0,0,0,0
1,70,113.65,1,3,0,108.65704225352113,0,1,0,1,1,1,0,1,1,1,1,1,1,0,1,1,0,1,0,0,1
0,3,53.4,0,0,1,47.175,1,0,0,1,0,0,0,0,0,0,0,1,0,0,0,0,1,0,0,0,0
1,53,101.9,0,3,1,102.76666666666667,1,1,0,1,1,1,0,0,1,0,0,1,1,0,0,1,0,1,0,0,1
0,2,59.5,0,0,0,43.5,1,1,1,1,0,0,0,1,1,0,1,0,0,0,1,0,0,0,1,0,0
0,29,87.8,0,0,0,87.39166666666667,0,1,1,1,0,1,0,0,0,0,0,1,1,0,0,1,1,0,0,1,0
0,47,41.9,0,0,0,39.067708333333336,0,0,0,0,0,0,0,1,0,1,1,0,0,0,1,0,0,0,1,0,1
0,68,83.0,0,0,1,82.40289855072464,0,1,1,1,1,1,0,0,0,0,0,1,0,1,0,1,0,1,0,0,1
0,12,69.85,0,0,0,64.42307692307692,1,0,1,1,0,0,0,1,0,0,0,1,1,0,0,1,0,0,1,0,0
0,8,56.3,0,0,0,44.611111111111114,0,1,1,1,0,0,0,0,1,0,1,0,0,0,0,0,0,0,0,0,0
0,54,109.55,3,0,0,111.25363636363636,1,1,0,1,1,1,0,1,1,1,0,1,1,0,0,0,0,1,0,0,1
0,69,92.15,5,0,0,92.58428571428571,1,1,1,1,0,1,0,0,1,0,1,1,0,0,1,1,0,0,1,0,1
0,26,69.5,0,0,0,66.66851851851851,0,0,0,1,1,0,0,1,1,0,0,1,0,0,0,1,0,0,0,1,0
0,72,97.0,0,0,0,97.31780821917808,0,1,0,1,1,1,0,1,1,1,1,0,0,0,1,1,0,0,0,0,1
0,70,58.35,0,0,0,59.355633802816904,0,0,0,0,0,0,0,1,0,1,1,1,1,0,1,1,0,0,0,0,1
0,1,50.6,0,0,1,25.3,1,0,1,1,0,0,0,1,0,0,0,0,0,0,0,0,0,0,1,0,0
0,10,89.5,0,0,1,78.46363636363637,1,0,0,1,0,1,0,0,0,0,0,1,1,0,0,1,0,1,0,0,0
0,28,70.4,0,0,0,68.69655172413793,0,1,1,1,0,1,0,0,0,0,0,0,0,1,0,1,0,0,0,1,0
0,1,69.8,0,0,1,34.9,1,0,0,1,0,1,0,0,0,0,0,0,0,0,0,1,0,1,0,0,0
0,21,94.3,0,0,0,88.56136363636364,0,1,0,1,1,1,0,0,0,0,0,1,1,0,0,1,0,1,0,1,0
1,51,93.8,0,5,1,91.36442307692307,1,1,0,1,1,1,0,1,0,1,0,1,0,0,0,1,0,0,0,0,1
0,53,19.55,0,0,0,18.664814814814815,0,1,1,1,0,0,1,0,0,0,0,0,0,1,0,0,0,0,0,0,1
0,53,95.95,0,0,0,93.27592592592592,1,0,1,1,0,1,0,1,1,1,0,0,1,1,0,0,0,1,0,0,1
0,24,101.05,0,3,1,95.67200000000001,1,1,0,1,1,1,0,0,0,1,0,1,1,0,0,1,0,1,0,1,0
0,70,94.8,2,0,0,96.60633802816902,0,1,0,1,1,0,0,1,1,1,1,1,1,0,1,1,1,0,0,0,1
0,61,107.75,2,0,0,105.19193548387096,1,0,0,1,1,1,0,1,1,1,0,1,1,1,0,1,0,1,0,0,1
0,11,54.6,0,0,0,51.487500000000004,0,0,0,1,0,0,0,1,0,0,1,0,0,1,0,1,0,0,1,0,0
0,2,71.3,0,0,0,52.583333333333336,1,0,0,1,0,1,0,0,0,0,0,0,0,0,0,1,1,0,0,0,0
0,25,19.5,4,0,0,19.857692307692307,1,0,0,1,0,0,1,0,0,0,0,0,0,1,0,1,0,0,0,1,0
0,41,56.3,0,0,0,56.285714285714285,0,0,0,1,1,0,0,0,1,0,0,0,0,1,0,1,1,0,0,0,1
0,18,94.7,0,2,1,88.83947368421053,1,1,0,1,1,1,0,0,0,0,0,1,1,0,0,1,0,1,0,1,0
1,72,104.15,5,7,1,105.34178082191781,1,1,0,1,1,1,0,0,1,1,0,1,1,0,1,1,0,0,0,0,1
0,71,90.55,0,0,0,86.65347222222222,0,1,1,1,1,0,0,1,1,1,1,1,1,0,1,1,1,0,0,0,1
0,34,60.8,0,0,0,58.34428571428571,0,1,1,1,0,0,0,1,1,1,0,0,0,1,0,1,0,0,1,1,0
0,29,98.8,0,0,0,93.57,1,0,0,1,0,1,0,0,0,1,1,1,1,0,0,1,1,0,0,1,0
1,40,98.15,0,0,0,100.40975609756099,1,1,0,1,0,1,0,1,1,1,1,1,0,1,0,1,1,0,0,0,1
0,36,35.35,0,0,0,35.62027027027027,1,1,0,0,0,0,0,1,0,1,0,0,0,1,0,0,0,0,1,1,0
0,46,103.15,3,0,0,97.75851063829786,0,1,0,1,1,1,0,0,1,0,1,1,1,1,0,1,0,1,0,0,1
0,58,107.75,0,0,0,107.33474576271186,0,0,0,1,1,1,0,1,1,1,0,1,1,1,0,1,0,1,0,0,1
0,39,81.4,0,0,0,80.34375,1,0,0,1,1,1,0,0,1,0,0,0,0,1,0,0,1,0,0,0,1
0,4,61.45,0,0,1,45.910000000000004,1,1,1,1,0,0,0,0,0,0,1,0,1,0,0,0,1,0,0,0,0
0,52,95.7,0,0,0,93.88962264150943,0,1,1,1,1,1,0,0,1,1,0,1,0,1,0,1,1,0,0,0,1
1,70,104.8,0,0,0,102.94295774647887,1,1,0,1,1,1,0,0,1,1,0,1,1,1,0,1,0,1,0,0,1
1,65,70.95,0,0,0,69.01818181818182,1,1,0,1,0,1,0,0,0,0,0,0,0,1,0,1,0,0,0,0,1
0,1,44.95,0,0,0,22.475,1,0,0,1,0,0,0,0,0,0,0,0,0,0,0,1,0,0,1,0,0
0,70,97.65,0,0,0,98.34507042253522,0,1,0,1,1,1,0,0,0,1,0,1,1,1,0,1,0,1,0,0,1
1,29,35.65,0,0,0,34.17166666666667,0,1,1,0,0,0,0,0,1,1,0,0,0,0,0,1,0,0,1,1,0
0,1,90.55,0,0,1,45.275,1,0,0,1,0,1,0,0,0,0,0,1,1,0,0,1,0,1,0,0,0
0,67,85.25,0,0,0,84.03235294117647,0,0,0,1,1,0,0,1,0,1,1,1,1,0,1,1,0,0,1,0,1
0,1,19.5,2,0,0,9.75,0,0,0,1,0,0,1,0,0,0,0,0,0,0,0,1,0,0,1,0,0
0,26,88.8,0,4,1,84.23518518518519,0,0,0,1,0,1,0,0,0,0,0,1,1,0,0,1,0,0,0,1,0
0,30,25.1,0,0,0,25.469354838709677,0,1,1,1,1,0,1,0,0,0,0,0,0,0,1,1,0,0,1,1,0
0,48,100.05,0,0,0,98.65306122448979,0,1,0,1,0,1,0,0,0,1,1,1,1,0,0,1,1,0,0,0,1
0,55,55.7,0,0,0,55.925000000000004,0,1,1,1,0,0,0,1,1,0,0,0,0,0,0,0,0,1,0,0,1
0,7,85.2,3,0,1,75.31875,1,0,0,1,1,1,0,0,0,0,0,0,1,0,0,1,0,0,1,0,0
0,37,91.15,0,0,0,88.66447368421052,1,0,0,1,1,1,0,1,0,0,0,1,0,0,0,1,0,1,0,0,1
0,31,83.85,0,0,0,83.5671875,0,1,0,1,0,1,0,0,1,0,0,0,1,0,0,1,0,0,0,1,0
0,4,45.9,1,0,0,39.95,1,0,0,1,0,0,0,0,0,0,0,0,0,0,0,1,0,1,0,0,0
0,72,25.1,0,0,0,24.53150684931507,1,1,1,1,1,0,1,0,0,0,0,0,0,0,1,1,1,0,0,0,1
1,5,91.4,0,0,1,74.95833333333333,1,0,0,1,0,1,0,0,0,0,0,1,1,0,0,1,0,1,0,0,0
0,1,19.7,0,0,0,9.85,1,1,1,1,0,0,1,0,0,0,0,0,0,0,0,0,0,0,1,0,0
1,15,91.5,0,0,0,87.51875,0,0,0,1,0,1,0,0,0,0,0,1,1,0,0,1,0,1,0,1,0
0,8,51.3,0,0,0,45.733333333333334,1,1,1,1,0,0,0,1,0,0,0,0,0,0,0,1,1,0,0,0,0
0,35,21.1,0,0,0,20.583333333333332,0,0,0,1,0,0,1,0,0,0,0,0,0,1,0,0,0,0,1,1,0
1,56,104.75,0,0,0,102.47982456140352,0,0,0,1,1,1,0,0,1,1,0,1,1,0,0,0,0,1,0,0,1
0,42,106.15,0,4,1,104.94651162790697,1,1,0,1,1,1,0,0,0,1,1,1,1,0,0,1,0,0,0,0,1
1,65,85.75,0,0,0,86.18863636363636,1,1,1,1,1,1,0,1,1,0,0,0,0,0,0,1,0,1,0,0,1
0,2,20.3,0,0,0,10.633333333333333,0,1,1,1,0,0,1,0,0,0,0,0,0,1,0,0,0,0,1,0,0
1,65,100.75,0,0,0,101.1310606060606,1,1,0,1,1,1,0,1,0,0,0,1,1,1,0,1,0,1,0,0,1
0,18,74.15,0,0,0,70.82894736842105,0,0,0,1,1,1,0,0,0,0,0,0,0,0,0,1,0,1,0,1,0
0,23,78.55,0,0,0,76.79375,0,0,0,1,1,0,0,1,0,1,0,1,1,1,0,1,0,1,0,1,0
0,4,45.3,4,0,1,39.39,0,0,0,1,0,0,0,0,0,0,0,0,0,0,0,1,0,0,1,0,0
0,70,19.85,0,0,0,20.194366197183097,1,1,0,1,0,0,1,0,0,0,0,0,0,0,1,0,1,0,0,0,1
0,4,50.7,0,0,0,42.910000000000004,0,0,0,1,1,0,0,0,0,0,0,0,0,0,0,0,0,1,0,0,0
0,19,45.0,0,0,0,43.292500000000004,1,0,0,1,0,0,0,0,0,0,0,0,0,0,0,1,0,0,0,1,0
0,18,77.8,0,0,0,71.50526315789473,0,0,0,1,0,1,0,0,1,1,0,0,0,0,0,0,0,1,0,1,0
1,38,83.45,1,0,0,80.69615384615385,0,1,0,1,0,1,0,1,0,0,0,0,1,0,0,1,0,1,0,0,1
0,2,73.25,0,0,1,43.68333333333334,1,0,0,1,1,1,0,0,0,0,0,0,0,0,0,1,1,0,0,0,0
0,47,94.8,0,0,0,94.496875,1,0,0,1,1,1,0,1,1,0,0,1,0,1,0,0,0,0,0,0,1
0,52,20.1,0,0,0,20.35377358490566,0,1,1,1,0,0,1,0,0,0,0,0,0,0,1,0,0,0,0,0,1
0,9,59.9,3,0,0,54.239999999999995,1,0,0,1,1,0,0,0,0,0,0,0,1,0,0,0,0,0,1,0,0
0,26,90.1,0,0,0,85.65,0,1,0,1,1,0,0,1,1,1,1,1,1,1,0,1,1,0,0,1,0
0,8,51.05,0,0,1,46.11666666666667,1,1,1,1,0,0,0,0,0,1,0,0,0,0,0,1,0,1,0,0,0
0,44,70.95,3,0,0,72.23222222222222,1,1,0,1,0,0,0,0,1,1,1,1,0,1,0,1,0,1,0,0,1
0,3,29.2,0,0,0,24.625,0,0,0,0,0,0,0,0,1,0,0,0,0,0,0,0,0,0,1,0,0
0,2,46.6,0,0,0,29.3,1,0,0,1,0,0,0,0,0,0,0,0,0,0,0,1,0,0,0,0,0
0,9,85.35,0,0,1,75.465,0,1,1,1,1,1,0,0,0,0,0,1,0,0,0,1,0,0,0,0,0
1,1,75.35,0,0,1,37.675,1,0,0,1,1,1,0,0,0,0,0,0,0,0,0,1,0,1,0,0,0
0,25,74.3,2,0,0,75.08653846153847,1,0,0,1,0,1,0,1,0,0,0,0,0,0,0,0,0,0,0,1,0
1,2,69.3,1,0,0,51.26666666666667,0,1,0,1,0,1,0,0,0,0,0,0,0,0,0,1,0,1,0,0,0
0,43,75.2,0,0,1,72.69545454545454,1,0,0,1,0,1,0,1,0,0,0,0,0,0,0,1,0,1,0,0,1
0,1,20.9,0,0,1,10.45,0,0,0,1,0,0,1,0,0,0,0,0,0,0,0,0,0,0,1,0,0
0,58,94.3,0,0,0,95.08728813559321,0,1,0,1,1,1,0,0,1,1,0,0,1,1,0,1,0,1,0,0,1
0,59,76.45,0,0,0,75.325,0,1,1,1,1,0,0,1,0,1,1,1,0,0,1,1,0,0,1,0,1
0,44,54.0,0,0,0,54.227777777777774,1,0,0,0,0,0,0,1,0,1,0,1,1,1,0,1,0,1,0,0,1
0,66,104.25,0,0,0,102.39701492537314,1,0,0,1,1,1,0,0,1,0,1,1,1,1,0,1,0,1,0,0,1
0,68,19.95,0,0,0,19.96666666666667,1,1,1,1,0,0,1,0,0,0,0,0,0,0,1,0,0,0,0,0,1
0,9,24.95,5,0,0,19.025,1,0,0,0,0,0,0,0,0,0,0,0,0,0,0,1,0,1,0,0,0
0,19,84.75,0,0,0,82.5975,1,0,0,1,1,1,0,1,0,1,0,0,0,0,0,1,0,1,0,1,0
0,4,19.75,1,0,0,15.66,1,0,0,1,0,0,1,0,0,0,0,0,0,0,0,0,0,0,1,0,0
0,70,113.65,0,0,0,111.82042253521126,0,0,0,1,1,1,0,1,1,1,1,1,1,0,1,1,0,0,0,0,1
0,1,44.9,4,0,0,22.45,1,0,0,1,0,0,0,0,0,0,0,0,0,0,0,1,0,0,1,0,0
0,8,75.25,1,0,0,64.07777777777778,0,0,0,1,1,1,0,0,0,0,0,0,0,0,0,1,0,1,0,0,0
0,53,24.6,0,0,0,23.685185185185187,1,0,0,1,1,0,1,0,0,0,0,0,0,0,1,0,0,0,1,0,1
1,51,25.0,0,0,0,24.24423076923077,1,0,0,1,1,0,1,0,0,0,0,0,0,1,0,0,0,0,0,0,1
0,11,20.95,0,0,0,22.27916666666667,1,1,1,1,0,0,1,0,0,0,0,0,0,0,0,0,0,0,0,0,0
0,60,110.6,0,0,0,107.98114754098361,1,1,1,1,1,1,0,1,0,1,1,1,1,0,1,1,0,1,0,0,1
0,17,55.5,2,0,0,51.89722222222222,1,0,0,1,0,0,0,1,1,0,0,0,0,0,0,1,1,0,0,1,0
0,3,43.3,0,0,1,30.9125,1,0,0,1,0,0,0,0,0,0,0,0,0,0,0,1,0,1,0,0,0
0,70,109.5,0,5,1,106.1218309859155,1,1,0,1,0,1,0,1,1,1,1,1,1,1,0,1,0,0,0,0,1
0,1,19.45,2,0,0,9.725,1,0,0,1,0,0,1,0,0,0,0,0,0,0,0,0,0,0,1,0,0
1,43,84.85,0,0,0,82.85454545454546,1,0,0,1,1,1,0,0,0,0,0,1,0,0,0,1,0,1,0,0,1
0,16,19.6,0,0,0,18.49705882352941,0,1,0,1,0,0,1,0,0,0,0,0,0,0,0,0,0,0,1,1,0
0,57,53.45,0,0,0,52.63793103448276,0,1,1,1,0,0,0,1,1,0,0,0,0,1,0,0,0,1,0,0,1
0,37,19.8,0,0,0,17.817105263157895,1,1,1,1,0,0,1,0,0,0,0,0,0,1,0,0,1,0,0,0,1
0,72,112.1,3,0,0,109.12260273972602,0,1,0,1,1,1,0,1,1,1,1,1,1,0,1,0,1,0,0,0,1
1,11,84.8,0,0,1,75.57083333333334,0,0,0,1,1,1,0,0,0,0,0,0,1,0,0,1,1,0,0,0,0
1,50,95.05,4,4,1,95.85686274509804,0,1,0,1,1,1,0,0,1,1,0,1,0,0,0,1,0,1,0,0,1
1,5,50.35,0,0,1,39.541666666666664,1,0,0,1,0,0,0,0,0,1,0,0,0,0,0,0,0,1,0,0,0
0,1,74.6,0,0,1,37.3,1,1,0,1,1,1,0,0,0,0,0,0,0,0,0,1,0,0,0,0,0
0,16,19.7,0,0,1,20.141176470588235,1,0,0,1,0,0,1,0,0,0,0,0,0,0,0,1,0,0,1,1,0
1,2,74.2,0,0,0,46.699999999999996,1,1,0,1,0,1,0,0,0,1,0,0,0,0,0,1,0,1,0,0,0
0,17,69.0,0,0,0,61.55555555555556,0,0,0,1,1,0,0,0,0,1,1,1,0,0,0,1,0,0,1,1,0
0,16,19.35,3,0,0,17.38529411764706,0,0,0,1,0,0,1,0,0,0,0,0,0,1,0,0,1,0,0,1,0
0,15,59.45,0,1,1,55.790625,0,0,0,1,0,0,0,0,0,1,0,0,1,0,0,1,0,1,0,1,0
0,10,19.8,0,0,0,18.022727272727273,0,0,0,1,0,0,1,0,0,0,0,0,0,1,0,1,0,0,1,0,0
0,46,105.2,0,4,1,102.61382978723405,0,0,1,1,0,1,0,1,1,0,1,1,1,1,0,1,0,0,0,0,1
0,64,109.2,0,0,0,103.71,1,1,1,1,1,1,0,0,1,1,1,1,1,0,1,1,1,0,0,0,1
0,1,79.15,5,0,0,39.575,0,0,0,1,1,1,0,0,1,0,0,0,0,0,0,1,0,0,1,0,0
0,25,53.65,5,0,0,52.13269230769231,1,1,1,1,0,0,0,0,1,1,0,0,0,1,0,0,0,0,1,1,0
0,71,100.2,0,0,0,100.125,1,1,1,1,0,1,0,1,1,1,1,1,0,0,1,0,1,0,0,0,1
0,8,45.15,4,0,1,48.71111111111111,1,0,0,1,0,0,0,0,0,0,0,0,0,0,0,1,0,0,1,0,0
0,72,108.65,0,0,0,105.84041095890412,0,1,1,1,0,1,0,1,1,1,1,1,1,0,1,1,0,0,0,0,1
0,49,40.65,0,0,0,41.415,0,1,0,0,0,0,0,1,0,0,0,1,0,0,0,0,0,0,0,0,1
0,29,55.35,0,0,0,54.565000000000005,1,1,1,0,0,0,0,1,1,1,1,0,1,1,0,1,1,0,0,1,0
0,72,105.6,0,0,0,103.85616438356165,1,1,0,1,1,1,0,1,1,1,1,0,1,0,1,0,0,0,0,0,1
0,31,93.8,0,3,1,94.359375,1,1,0,1,1,1,0,0,1,1,0,1,0,0,0,0,0,1,0,1,0
0,50,95.7,0,0,0,92.74019607843137,0,0,0,1,1,1,0,0,0,0,0,1,1,0,0,1,0,1,0,0,1
0,71,83.2,0,0,0,85.08472222222223,1,1,0,1,1,0,0,1,0,1,1,1,1,0,1,0,0,1,0,0,1
1,70,90.05,0,0,0,89.20281690140844,1,1,0,1,1,0,0,1,1,1,1,1,1,0,1,0,1,0,0,0,1
0,71,97.65,0,0,0,92.88680555555555,1,0,0,1,1,1,0,1,0,0,1,0,1,1,0,0,1,0,0,0,1
0,61,68.05,0,0,0,67.06854838709677,1,1,1,1,0,0,0,1,1,1,1,0,0,0,1,1,0,0,0,0,1
0,32,96.2,1,3,1,96.46666666666667,1,0,0,1,0,1,0,0,0,0,1,1,1,0,0,1,0,1,0,1,0
0,1,79.6,0,0,1,39.8,0,0,1,1,0,1,0,0,0,0,0,0,1,0,0,1,0,1,0,0,0
0,68,102.1,0,0,0,103.61376811594204,1,0,0,1,1,1,0,1,1,1,0,0,1,0,1,1,0,0,0,0,1
0,62,23.4,0,0,0,22.692857142857143,1,0,0,1,1,0,1,0,0,0,0,0,0,0,1,0,0,0,0,0,1
0,7,71.05,0,0,0,59.08125,0,0,1,1,0,1,0,0,0,0,0,0,0,0,0,1,0,1,0,0,0
0,20,85.25,0,0,1,82.5952380952381,1,0,0,1,1,1,0,0,0,0,0,1,0,0,0,1,0,1,0,1,0
0,6,19.45,0,0,0,16.214285714285715,1,1,1,1,0,0,1,0,0,0,0,0,0,1,0,0,0,0,1,0,0
1,33,59.45,0,2,0,55.43088235294118,0,0,0,0,0,0,0,1,1,1,0,1,1,0,0,1,0,0,0,1,0
0,28,92.2,0,0,0,88.55689655172414,1,1,1,1,1,1,0,0,0,0,0,1,1,1,0,0,0,0,0,1,0
0,27,19.85,0,0,0,16.785714285714285,1,0,0,1,0,0,1,0,0,0,0,0,0,0,1,0,1,0,0,1,0
0,7,43.9,0,0,0,34.8,1,0,0,1,0,0,0,0,0,0,0,0,0,0,0,0,0,0,1,0,0
0,26,80.5,0,0,1,77.36296296296297,1,0,0,1,1,1,0,0,0,0,1,0,0,0,0,1,0,1,0,1,0
1,5,89.8,0,0,1,83.76666666666667,1,0,0,1,1,1,0,0,1,0,0,0,1,0,0,1,0,1,0,0,0
1,30,90.5,0,2,0,83.73709677419355,1,0,0,1,1,1,0,1,0,0,0,0,1,0,0,1,1,0,0,1,0
0,63,90.45,0,0,0,91.0234375,1,0,0,1,1,1,0,0,1,0,0,0,1,1,0,0,1,0,0,0,1
0,1,50.75,0,0,1,25.375,1,0,0,1,0,0,0,0,1,0,0,0,0,0,0,1,0,1,0,0,0
0,53,84.6,0,0,0,82.40277777777777,0,0,1,1,1,0,0,0,1,1,1,1,1,1,0,1,0,1,0,0,1
0,14,89.65,0,0,1,80.55666666666666,0,1,1,1,0,1,0,0,1,0,1,0,1,0,0,1,1,0,0,1,0
0,21,99.15,0,0,0,88.92727272727274,0,0,0,1,0,1,0,0,1,0,1,1,1,0,0,1,0,0,0,1,0
0,17,19.95,0,0,0,17.255555555555556,1,0,0,1,0,0,1,0,0,0,0,0,0,1,0,0,0,0,1,1,0
0,16,20.5,0,0,0,17.091176470588238,1,1,1,1,0,0,1,0,0,0,0,0,0,0,1,0,0,0,1,1,0
0,35,62.1,0,0,0,58.224999999999994,0,0,0,1,0,0,0,0,0,1,0,0,1,0,0,1,0,1,0,1,0
1,32,79.5,0,0,0,80.75757575757575,0,0,0,1,0,1,0,0,0,0,0,0,1,0,0,1,0,1,0,1,0
0,28,19.55,5,0,0,18.75172413793103,0,1,1,1,0,0,1,0,0,0,0,0,0,0,0,1,0,0,0,1,0
0,1,20.35,0,0,0,10.175,0,0,0,1,0,0,1,0,0,0,0,0,0,0,0,1,0,0,1,0,0
0,59,51.7,0,0,0,50.09666666666667,1,0,0,0,0,0,0,0,0,0,1,1,1,0,0,1,0,1,0,0,1
0,72,23.3,0,0,0,22.234931506849318,0,1,1,1,1,0,1,0,0,0,0,0,0,1,0,1,0,0,0,0,1
0,36,65.4,0,3,1,67.52432432432433,1,0,0,1,0,0,0,0,1,0,1,0,1,1,0,1,0,0,1,1,0
0,40,65.1,0,0,0,63.073170731707314,0,0,0,1,0,0,0,1,1,0,0,1,0,0,0,0,0,0,1,0,1
0,40,81.2,0,0,0,80.30000000000001,1,1,1,1,1,1,0,0,0,1,0,0,0,0,0,1,0,1,0,0,1
0,9,72.9,4,0,1,65.14,0,0,1,1,0,0,0,0,0,1,1,1,1,0,0,1,0,0,1,0,0
0,63,74.5,0,0,0,73.03984375,1,1,1,1,0,0,0,1,1,1,1,1,0,0,1,0,1,0,0,0,1
0,3,80.5,5,0,0,58.0875,0,0,0,1,0,1,0,0,0,0,0,1,0,0,0,1,0,1,0,0,0
0,40,60.3,0,0,0,59.71951219512195,1,1,1,0,0,0,0,0,1,1,1,1,1,1,0,0,0,0,1,0,1
0,8,75.0,4,0,0,73.12222222222222,1,1,0,1,0,1,0,1,0,0,0,0,0,0,0,1,0,0,1,0,0
1,34,90.15,0,0,0,89.39428571428572,1,1,0,1,0,1,0,1,0,0,1,1,0,1,0,0,0,0,1,1,0
0,5,40.0,0,1,1,37.24166666666667,1,0,0,0,0,0,0,1,0,1,1,0,0,0,0,0,0,0,1,0,0
1,9,99.45,0,0,1,91.94,1,0,0,1,1,1,0,0,1,0,0,1,1,0,0,1,1,0,0,0,0
0,9,69.05,0,0,0,65.39500000000001,1,1,0,1,1,0,0,0,1,1,0,0,1,0,0,1,1,0,0,0,0
0,31,59.7,0,0,0,57.046875,1,1,1,1,1,0,0,0,0,0,0,0,1,0,0,0,0,0,0,1,0
0,50,19.85,1,0,0,18.492156862745098,0,1,0,1,0,0,1,0,0,0,0,0,0,1,0,1,0,0,0,0,1
0,2,86.25,0,0,1,60.550000000000004,0,0,0,1,0,1,0,1,1,0,1,0,0,0,0,1,0,1,0,0,0
0,1,45.65,0,0,1,22.825,0,0,0,1,0,0,0,0,0,0,0,0,0,0,0,1,0,1,0,0,0
0,8,70.1,1,0,1,61.26111111111111,1,0,0,1,0,1,0,0,0,0,0,0,0,0,0,1,0,0,1,0,0
0,9,40.75,0,0,0,35.94,0,0,0,0,0,0,0,0,1,0,0,0,1,0,0,0,0,1,0,0,0
1,2,70.2,0,0,1,38.65,0,0,0,1,0,1,0,0,0,0,0,0,0,0,0,1,0,0,0,0,0
0,3,55.35,0,1,1,41.3,0,0,0,1,0,0,0,1,1,0,0,0,0,0,0,0,0,1,0,0,0
0,25,95.7,0,0,0,89.93653846153846,1,1,0,1,0,1,0,0,0,0,1,1,1,0,0,1,1,0,0,1,0
1,1,46.3,0,0,0,23.15,1,0,0,1,0,0,0,0,0,0,0,0,0,0,0,0,0,1,0,0,0
0,45,81.3,0,0,0,76.9804347826087,0,1,1,1,1,0,0,1,1,1,1,1,0,0,0,0,0,0,1,0,1
1,51,84.2,0,5,1,79.73173076923078,1,1,1,1,1,1,0,0,1,1,0,0,0,0,0,1,0,1,0,0,1
0,55,20.0,0,0,0,19.415178571428573,0,1,1,1,0,0,1,0,0,0,0,0,0,0,0,0,1,0,0,0,1
0,38,66.15,0,0,0,64.67692307692307,0,0,0,1,1,0,0,1,1,1,0,0,0,0,0,1,0,0,0,0,1
0,2,45.85,3,0,1,27.0,1,0,0,1,0,0,0,0,0,0,0,0,0,0,0,0,0,0,1,0,0
0,38,19.6,5,0,0,18.392307692307693,1,1,1,1,0,0,1,0,0,0,0,0,0,0,0,0,0,1,0,0,1
0,34,49.8,0,0,0,49.54857142857143,1,0,0,1,0,0,0,0,1,0,0,0,0,0,0,1,0,1,0,1,0
0,70,101.75,0,0,0,99.56760563380281,0,1,0,1,1,1,0,0,0,1,0,1,1,1,0,1,0,1,0,0,1
0,13,55.15,0,0,0,53.06428571428571,0,0,0,1,0,0,0,1,0,0,1,0,0,1,0,0,0,0,1,1,0
0,39,75.25,0,0,1,75.44125,1,0,0,1,1,1,0,0,0,0,0,0,0,0,0,0,0,1,0,0,1
0,61,103.95,0,5,0,103.59677419354838,0,0,0,1,1,1,0,0,1,1,0,1,1,1,0,1,0,1,0,0,1
0,12,100.15,0,2,1,89.56153846153846,0,0,0,1,1,1,0,0,0,1,0,1,1,0,0,1,0,0,0,0,0
0,41,99.65,1,0,0,100.48452380952382,1,0,0,1,0,1,0,0,1,0,1,1,1,0,1,1,1,0,0,0,1
0,21,73.7,0,0,0,70.85000000000001,1,0,0,1,1,1,0,0,0,0,0,0,0,0,0,1,0,1,0,1,0
1,55,50.05,5,0,0,48.990178571428565,1,0,0,0,0,0,0,0,0,1,0,1,1,1,0,1,0,0,0,0,1
0,69,60.25,0,0,0,57.93571428571428,1,1,0,0,0,0,0,1,0,1,1,1,1,0,1,0,0,0,0,0,1
1,26,105.75,0,3,1,100.37962962962963,1,1,1,1,1,1,0,0,1,1,0,1,1,0,0,0,0,1,0,1,0
1,69,87.3,0,0,0,86.50785714285715,0,1,0,1,0,1,0,1,1,0,0,0,1,1,0,0,1,0,0,0,1
1,18,48.35,0,0,1,42.66842105263158,0,1,0,0,0,0,0,0,0,1,0,1,1,0,0,1,0,1,0,1,0
0,47,54.25,0,0,0,52.87916666666666,1,1,1,1,1,0,0,0,1,0,0,0,0,0,0,0,0,1,0,0,1
0,72,85.3,0,0,0,83.96164383561644,0,1,1,1,0,0,0,1,1,1,1,1,1,0,1,0,0,0,0,0,1
1,33,50.0,1,0,0,51.495588235294115,1,1,0,0,0,0,0,0,1,1,1,1,0,0,0,1,0,1,0,1,0
0,2,24.4,0,0,1,12.183333333333332,0,1,1,0,0,0,0,0,0,0,0,0,0,0,0,1,0,0,1,0,0
0,72,90.95,0,0,0,91.12945205479451,0,1,1,1,1,0,0,1,1,1,1,1,1,0,1,0,1,0,0,0,1
1,37,72.25,0,0,0,67.77499999999999,1,1,0,1,0,1,0,0,0,0,0,0,0,0,0,1,0,0,0,0,1
1,62,96.1,0,0,0,95.5452380952381,0,1,1,1,1,1,0,0,1,1,0,0,1,0,0,1,1,0,0,0,1
0,71,19.85,0,0,0,19.16111111111111,0,1,0,1,0,0,1,0,0,0,0,0,0,0,1,0,1,0,0,0,1
0,23,55.3,0,0,0,53.50833333333333,1,0,1,1,0,0,0,0,1,0,1,0,0,0,0,1,0,0,0,1,0
0,16,20.1,3,0,0,17.420588235294115,0,0,0,1,0,0,1,0,0,0,0,0,0,1,0,0,0,0,1,1,0
0,9,69.5,0,0,0,65.325,1,0,0,1,0,0,0,1,0,1,1,1,0,0,0,1,0,0,1,0,0
0,17,25.15,0,0,0,22.922222222222224,1,1,1,1,1,0,1,0,0,0,0,0,0,0,1,1,0,0,1,1,0
0,4,20.95,0,0,1,17.1,0,0,0,1,0,0,1,0,0,0,0,0,0,0,0,0,0,0,0,0,0
1,1,49.55,0,0,1,24.775,0,1,0,1,0,0,0,1,0,0,0,0,0,0,0,1,0,1,0,0,0
0,24,79.65,0,0,0,77.148,0,1,0,1,1,1,0,0,0,1,0,0,0,0,0,1,0,0,1,1,0
1,1,71.25,0,0,0,35.625,0,0,0,1,0,1,0,0,0,0,0,0,0,0,0,1,0,1,0,0,0
1,72,113.8,4,0,0,107.47671232876712,1,0,0,1,1,1,0,1,1,1,1,1,1,0,1,0,0,0,0,0,1
0,72,24.55,4,0,0,23.982191780821918,0,1,0,1,1,0,1,0,0,0,0,0,0,0,1,0,0,1,0,0,1
0,11,19.7,0,0,0,18.016666666666666,0,0,1,1,0,0,1,0,0,0,0,0,0,0,0,0,1,0,0,0,0
0,9,20.25,2,0,1,17.85,1,0,0,1,0,0,1,0,0,0,0,0,0,0,0,0,0,0,1,0,0
1,2,50.15,3,0,1,38.36666666666667,0,1,0,1,0,0,0,0,1,0,0,0,0,0,0,0,1,0,0,0,0
1,60,100.5,0,0,0,98.8360655737705,0,1,0,1,1,1,0,0,0,1,0,1,1,1,0,1,1,0,0,0,1
1,29,95.9,3,2,1,91.50666666666666,1,1,0,1,1,1,0,0,1,1,0,0,1,0,0,1,0,1,0,1,0
0,49,74.45,0,0,0,74.438,0,0,0,1,0,0,0,0,0,1,1,1,1,0,1,1,0,0,0,0,1
1,30,104.1,0,0,0,100.68064516129031,0,0,0,1,1,1,0,0,1,1,0,1,1,0,0,1,0,1,0,1,0
0,53,19.05,0,0,0,18.34166666666667,0,1,0,1,0,0,1,0,0,0,0,0,0,1,0,0,1,0,0,0,1
0,39,25.0,0,0,0,25.10875,1,0,1,1,1,0,1,0,0,0,0,0,0,0,1,0,0,0,1,0,1
0,9,19.05,1,0,0,15.765,0,0,0,1,0,0,1,0,0,0,0,0,0,0,0,0,0,0,1,0,0
0,39,81.9,0,0,0,80.49375,1,0,0,1,0,1,0,0,0,1,1,0,0,1,0,0,0,1,0,0,1
1,8,69.7,0,0,0,63.650000000000006,1,0,0,1,0,1,0,0,0,0,0,0,0,0,0,1,0,1,0,0,0
0,51,90.15,0,0,0,87.59326923076924,0,1,1,1,1,1,0,0,0,1,0,0,1,1,0,1,0,1,0,0,1
0,71,25.35,3,0,0,25.660416666666666,1,1,1,1,1,0,1,0,0,0,0,0,0,0,1,0,1,0,0,0,1
1,71,24.65,0,0,0,24.538194444444443,1,0,0,1,1,0,1,0,0,0,0,0,0,0,1,1,0,0,1,0,1
1,70,19.55,5,0,0,20.59225352112676,0,1,0,1,0,0,1,0,0,0,0,0,0,0,1,1,1,0,0,0,1
1,1,25.25,0,0,1,12.625,0,0,0,0,0,0,0,0,0,0,0,0,0,0,0,0,0,1,0,0,0
0,38,60.0,0,0,0,56.23589743589743,1,1,0,0,0,0,0,1,1,0,1,1,1,0,1,1,0,0,0,0,1
0,28,89.9,0,0,0,83.91379310344827,0,1,0,1,0,1,0,0,1,1,0,0,1,0,0,0,1,0,0,1,0
0,32,19.4,0,0,0,19.42878787878788,0,1,0,1,0,0,1,0,0,0,0,0,0,0,0,0,0,0,0,1,0
1,49,49.8,0,0,0,47.968,1,1,0,1,0,0,0,0,1,0,0,0,0,0,1,0,0,0,1,0,1
0,37,24.1,0,3,0,22.68026315789474,0,1,1,1,1,0,1,0,0,0,0,0,0,0,1,1,0,0,0,0,1
0,10,54.25,0,0,0,53.0,0,0,0,1,0,0,0,0,0,1,1,0,0,0,0,0,0,1,0,0,0
0,67,109.9,0,2,0,107.82941176470588,1,1,0,1,1,1,0,1,1,1,0,1,1,1,0,0,1,0,0,0,1
0,7,35.5,0,0,0,31.19375,1,0,0,0,0,0,0,0,0,1,1,0,0,1,0,1,1,0,0,0,0
0,51,87.55,0,0,0,86.07499999999999,0,0,0,1,0,1,0,0,0,0,0,1,1,1,0,0,1,0,0,0,1
0,9,45.15,0,0,1,41.644999999999996,0,0,0,1,0,0,0,0,0,0,0,0,0,0,0,0,0,1,0,0,0
0,9,88.4,0,0,0,78.86,0,0,0,1,0,1,0,0,0,0,0,1,1,0,0,1,0,0,1,0,0
0,4,50.8,0,0,0,40.46,1,0,0,1,0,0,0,0,0,0,1,0,0,0,0,1,0,0,1,0,0
0,71,99.0,4,0,0,97.14722222222223,1,1,0,1,1,1,0,1,1,1,0,1,0,0,1,1,0,1,0,0,1
0,50,84.4,0,0,1,80.70882352941176,0,1,1,1,1,1,0,0,0,0,0,1,0,0,0,1,0,0,0,0,1
1,24,96.55,0,0,0,90.538,0,1,1,1,0,1,0,0,0,1,0,1,1,0,1,1,0,1,0,1,0
0,22,59.75,0,0,0,59.75434782608695,1,1,0,1,0,0,0,1,0,0,0,1,0,1,0,1,0,0,0,1,0
0,44,111.5,5,0,0,109.22555555555554,1,0,0,1,1,1,0,1,1,1,0,1,1,0,0,1,0,1,0,0,1
0,33,24.25,0,0,0,24.66176470588235,0,1,1,1,1,0,1,0,0,0,0,0,0,0,0,0,0,0,0,1,0
0,1,75.1,4,0,1,37.55,0,0,0,1,1,1,0,0,0,0,0,0,0,0,0,1,0,1,0,0,0
0,54,70.15,0,3,1,67.55727272727273,0,1,0,1,1,0,0,0,0,0,0,1,1,1,0,1,1,0,0,0,1
0,42,101.75,0,6,1,99.38255813953488,1,0,0,1,1,1,0,0,1,0,0,1,1,0,0,1,0,1,0,0,1
0,1,45.8,0,0,1,22.9,0,0,0,1,0,0,0,0,0,0,0,0,0,0,0,0,0,1,0,0,0
0,1,20.5,3,0,0,10.25,0,0,0,1,0,0,1,0,0,0,0,0,0,0,0,0,0,0,1,0,0
0,30,70.4,1,2,0,65.95967741935483,1,0,0,1,0,0,0,1,1,0,1,1,0,1,0,0,0,1,0,1,0
0,1,30.55,0,0,0,15.275,0,0,0,0,0,0,0,0,0,0,1,0,0,0,0,0,0,0,1,0,0
0,16,84.9,0,0,0,82.25,1,1,1,1,1,0,0,1,1,0,1,1,1,0,0,0,0,1,0,1,0
0,1,20.1,0,0,1,10.05,1,0,0,1,0,0,1,0,0,0,0,0,0,0,0,1,0,0,1,0,0
0,9,40.65,0,0,1,32.894999999999996,1,1,0,0,0,0,0,0,0,0,1,1,0,0,0,0,0,0,1,0,0
1,46,101.0,0,4,1,99.57553191489362,1,1,0,1,1,1,0,0,0,1,0,1,1,0,0,1,0,1,0,0,1
0,1,69.1,0,0,1,34.55,1,0,0,1,0,1,0,0,0,0,0,0,0,0,0,1,0,1,0,0,0
0,71,54.5,0,0,0,52.474999999999994,1,1,0,1,0,0,0,1,0,0,1,0,0,0,1,0,0,0,0,0,1
0,43,75.35,0,0,0,71.85000000000001,1,0,0,1,1,1,0,0,0,0,0,0,0,0,0,1,1,0,0,0,1
0,50,44.45,3,0,0,42.910784313725486,1,1,0,0,0,0,0,1,0,0,1,1,0,1,0,1,0,0,0,0,1
0,13,75.0,1,0,1,71.38928571428572,0,0,0,1,1,1,0,0,0,0,0,0,0,0,0,1,0,0,1,1,0
0,19,100.0,0,0,1,94.4325,1,1,1,1,0,1,0,0,1,0,1,1,1,1,0,0,0,0,0,1,0
0,41,98.05,1,0,0,95.0142857142857,0,0,0,1,1,1,0,0,0,1,0,1,1,0,0,0,0,0,0,0,1
1,1,71.15,1,0,1,35.575,0,0,0,1,0,1,0,0,0,0,0,0,0,0,0,1,0,1,0,0,0
0,24,54.15,2,1,1,49.61,0,0,0,0,0,0,0,0,1,1,0,1,1,0,0,1,1,0,0,1,0
0,40,63.9,0,0,0,64.26829268292683,0,1,0,1,1,0,0,0,1,0,0,1,0,1,0,0,0,0,0,0,1
0,3,69.15,1,0,0,58.75,0,1,1,1,1,0,0,0,1,1,0,1,0,0,0,1,0,0,0,0,0
0,37,64.65,0,2,0,61.78552631578947,0,0,0,1,1,0,0,1,0,0,0,1,0,1,0,0,0,0,0,0,1
0,67,108.75,0,6,1,105.23823529411764,0,1,1,1,1,1,0,1,0,1,1,1,1,0,1,1,1,0,0,0,1
0,32,98.85,0,0,0,93.62424242424242,0,1,1,1,1,1,0,0,1,0,0,1,1,0,0,1,0,1,0,1,0
0,6,49.15,0,0,1,38.68571428571429,0,1,0,1,0,0,0,0,0,0,1,0,0,0,0,1,0,1,0,0,0
0,32,89.6,0,0,0,87.93333333333334,0,1,1,1,1,1,0,1,0,0,0,1,0,0,0,0,0,1,0,1,0
0,59,83.25,0,0,0,82.485,0,0,0,1,1,1,0,0,1,1,0,0,0,0,0,1,0,1,0,0,1
0,30,70.25,0,0,0,70.93225806451613,0,1,0,1,0,0,0,0,1,1,1,0,1,1,0,0,0,0,0,1,0
0,20,19.4,0,0,1,17.833333333333332,1,0,1,1,0,0,1,0,0,0,0,0,0,0,0,1,0,1,0,1,0
0,27,24.5,0,0,0,27.212500000000002,0,1,1,1,1,0,1,0,0,0,0,0,0,0,1,0,0,1,0,1,0
1,20,79.15,3,0,1,72.42380952380952,0,0,0,1,1,1,0,1,0,0,0,0,0,0,0,1,0,1,0,1,0
0,9,20.1,0,0,0,19.025,1,0,1,1,0,0,1,0,0,0,0,0,0,1,0,0,0,0,1,0,0
0,68,73.0,0,0,0,74.82608695652173,0,1,1,1,1,0,0,1,1,1,0,1,0,1,0,1,1,0,0,0,1
0,69,61.4,1,0,0,57.99785714285714,0,1,1,1,1,0,0,1,0,0,1,0,0,0,1,0,1,0,0,0,1
0,26,84.3,0,0,0,84.5037037037037,1,0,0,1,1,1,0,0,0,1,1,0,0,0,0,1,0,0,1,1,0
0,69,19.9,0,0,0,19.38142857142857,1,1,1,1,0,0,1,0,0,0,0,0,0,0,1,0,0,0,0,0,1
0,11,20.4,0,0,0,19.287499999999998,1,0,0,1,0,0,1,0,0,0,0,0,0,0,1,0,0,0,1,0,0
0,1,50.75,0,0,0,25.375,1,0,0,1,1,0,0,0,0,0,0,0,0,0,0,0,0,0,1,0,0
0,10,20.45,0,0,0,22.036363636363635,1,1,1,1,0,0,1,0,0,0,0,0,0,1,0,0,0,0,1,0,0
0,55,75.75,0,0,0,76.14732142857143,0,1,1,1,1,0,0,1,1,0,1,0,1,1,0,1,0,0,0,0,1
0,44,65.4,0,0,0,61.65666666666667,1,0,0,1,0,0,0,1,0,0,1,1,0,1,0,0,0,1,0,0,1
1,46,80.4,2,0,1,76.7063829787234,1,1,0,1,0,1,0,0,0,0,0,0,1,0,0,1,0,1,0,0,1
0,69,59.75,0,0,0,58.14142857142857,1,1,1,1,0,0,0,1,1,1,0,0,0,0,1,1,0,0,0,0,1
1,11,78.5,0,0,0,72.85000000000001,1,0,0,1,0,1,0,0,0,0,0,0,1,0,0,1,0,1,0,0,0
0,11,102.0,0,1,1,95.44583333333333,0,1,0,1,1,1,0,0,1,0,0,1,1,0,0,1,0,1,0,0,0
0,29,48.95,0,0,0,44.123333333333335,1,0,0,1,0,0,0,0,0,1,0,0,0,0,0,0,0,0,0,1,0
0,57,99.65,5,0,0,94.77672413793104,0,1,0,1,1,1,0,1,0,0,0,1,1,0,0,1,0,1,0,0,1
0,28,18.25,0,0,0,18.43793103448276,1,0,0,1,0,0,1,0,0,0,0,0,0,1,0,0,1,0,0,1,0
0,42,54.55,0,0,0,57.09418604651163,0,0,0,1,0,0,0,1,0,1,0,0,0,0,0,0,1,0,0,0,1
0,2,20.65,0,0,1,12.9,0,0,0,1,0,0,1,0,0,0,0,0,0,0,0,0,0,0,1,0,0
0,23,40.65,0,1,0,39.475,1,0,1,0,0,0,0,1,1,0,1,0,0,1,0,0,0,0,0,1,0
0,18,20.45,0,0,0,18.789473684210527,0,1,1,1,0,0,1,0,0,0,0,0,0,0,0,0,0,0,1,1,0
0,62,24.8,3,0,0,23.432539682539684,1,1,1,1,1,0,1,0,0,0,0,0,0,1,0,0,0,0,0,0,1
0,1,70.8,0,0,1,35.4,0,0,0,1,0,1,0,0,0,0,0,0,0,0,0,1,0,0,1,0,0
0,16,89.05,0,0,1,85.21176470588235,1,0,0,1,1,1,0,0,0,0,1,0,1,0,0,1,1,0,0,1,0
0,3,96.6,2,1,1,72.975,0,0,0,1,1,1,0,0,0,0,0,1,1,0,0,1,0,1,0,0,0
0,67,88.8,0,0,0,86.81102941176471,1,0,0,1,1,0,0,1,1,1,1,1,1,1,0,1,0,0,0,0,1
0,62,20.05,0,0,0,19.073809523809526,1,0,0,1,0,0,1,0,0,0,0,0,0,0,1,1,1,0,0,0,1
0,57,104.5,0,5,1,102.09224137931035,0,1,0,1,1,1,0,0,1,1,0,1,1,0,0,1,1,0,0,0,1
0,2,69.8,0,0,0,48.88333333333333,1,0,0,1,0,1,0,0,0,0,0,0,0,0,0,1,0,1,0,0,0
0,23,77.15,0,0,0,73.30833333333334,0,1,1,1,1,0,0,1,0,1,1,1,0,0,1,1,0,0,0,1,0
0,25,35.05,0,0,0,32.478846153846156,0,0,1,0,0,0,0,1,0,0,1,0,0,0,1,0,0,0,0,1,0
1,72,108.1,0,0,0,106.49383561643836,0,0,0,1,1,1,0,0,1,1,1,1,1,0,1,1,0,0,0,0,1
0,2,84.05,2,0,0,44.68333333333334,0,1,0,1,1,1,0,0,0,0,0,1,0,0,0,1,0,1,0,0,0
0,8,20.2,0,0,0,15.66111111111111,0,0,0,1,0,0,1,0,0,0,0,0,0,1,0,1,0,0,0,0,0
0,5,50.6,0,0,1,41.65833333333333,0,0,0,1,1,0,0,0,0,0,0,0,0,0,0,1,0,0,1,0,0
0,35,49.2,5,0,0,47.268055555555556,1,0,0,0,0,0,0,0,0,1,0,1,1,0,0,0,0,1,0,1,0
0,24,24.6,0,0,0,23.706,1,0,0,1,1,0,1,0,0,0,0,0,0,1,0,0,0,1,0,1,0
0,2,71.65,0,0,0,45.25,0,1,1,1,0,1,0,0,0,0,0,0,0,0,0,1,0,1,0,0,0
0,72,104.9,5,0,0,105.92671232876712,1,1,1,1,1,1,0,1,1,1,1,0,1,0,1,1,1,0,0,0,1
0,41,106.5,0,0,0,101.96190476190475,0,0,0,1,1,1,0,1,1,1,1,1,0,0,0,1,0,1,0,0,1
0,4,49.35,0,0,1,43.93,1,0,1,1,0,0,0,1,0,0,0,0,0,0,0,0,0,1,0,0,0
0,26,75.5,4,0,0,74.74444444444444,1,0,0,1,0,1,0,0,1,0,0,0,0,1,0,0,0,0,0,1,0
0,7,94.25,0,0,1,83.625,1,0,0,1,0,1,0,0,1,0,0,1,1,0,0,1,0,1,0,0,0
0,1,68.95,0,0,1,34.475,0,1,0,1,0,1,0,0,0,0,0,0,0,0,0,1,0,1,0,0,0
0,4,58.5,0,0,0,44.97,0,1,1,1,1,0,0,0,1,0,1,0,0,0,0,1,0,0,1,0,0
0,48,78.9,0,0,0,76.96938775510205,1,0,0,1,0,0,0,0,1,1,1,1,1,0,1,0,1,0,0,0,1
1,2,93.85,5,0,1,65.58333333333333,1,0,0,1,1,1,0,0,0,0,0,1,1,0,0,1,0,1,0,0,0
1,12,79.2,0,0,0,72.60384615384615,0,1,0,1,0,0,0,1,0,1,1,1,1,1,0,1,0,1,0,0,0
0,60,109.45,0,0,0,107.7516393442623,1,1,0,1,1,1,0,1,0,1,1,1,1,0,0,1,0,0,0,0,1
0,55,59.2,0,0,0,56.71160714285714,1,0,0,1,0,0,0,1,0,1,1,0,0,0,1,1,0,1,0,0,1
0,1,29.15,2,0,0,14.575,1,0,0,0,0,0,0,0,0,0,1,0,0,0,0,0,0,0,1,0,0
0,4,76.05,0,0,1,63.779999999999994,1,0,0,1,1,1,0,0,0,0,0,0,0,0,0,1,0,1,0,0,0
0,1,24.45,0,0,1,12.225,1,0,0,0,0,0,0,0,0,0,0,0,0,0,0,1,0,0,1,0,0
0,42,66.5,0,0,0,64.25,0,0,0,1,0,0,0,0,0,1,1,0,1,0,1,0,1,0,0,0,1
0,1,49.55,0,0,0,24.775,0,0,0,1,0,0,0,1,0,0,0,0,0,0,0,0,0,0,0,0,0
0,7,89.35,3,0,1,78.98125,1,0,0,1,1,1,0,0,0,1,0,1,0,0,0,1,1,0,0,0,0
0,3,73.6,0,0,0,58.125,1,0,0,1,0,1,0,0,0,1,0,0,0,0,0,1,1,0,0,0,0
0,72,82.65,0,0,0,81.08698630136986,0,1,0,1,1,0,0,1,1,1,0,1,1,0,1,1,1,0,0,0,1
0,15,49.0,0,0,0,46.828125,1,0,0,1,1,0,0,0,0,0,0,0,0,0,0,1,0,1,0,1,0
0,4,80.35,0,0,1,61.48,1,1,0,1,0,1,0,0,0,0,0,1,0,0,0,1,0,1,0,0,0
0,11,25.2,0,0,0,20.429166666666667,0,0,0,1,1,0,1,0,0,0,0,0,0,1,0,0,0,1,0,0,0
0,5,25.45,0,0,0,22.458333333333332,0,0,0,1,1,0,1,0,0,0,0,0,0,0,0,0,0,0,1,0,0
1,1,55.8,0,0,1,27.9,0,0,0,1,0,0,0,1,0,1,0,0,0,0,0,1,0,1,0,0,0
0,72,110.9,0,6,0,112.88835616438357,1,1,0,1,1,1,0,1,0,1,1,1,1,0,1,1,1,0,0,0,1
0,55,77.75,0,0,0,76.18571428571428,0,1,0,1,1,1,0,0,1,0,0,0,0,0,0,1,1,0,0,0,1
0,40,26.2,0,0,0,26.28048780487805,0,1,1,1,1,0,1,0,0,0,0,0,0,0,0,1,0,1,0,0,1
0,57,19.9,0,0,0,19.23448275862069,0,1,0,1,0,0,1,0,0,0,0,0,0,0,1,0,0,0,0,0,1
0,1,79.05,0,0,1,39.525,1,0,0,1,0,1,0,0,0,0,0,1,0,0,0,1,0,1,0,0,0
0,1,95.0,0,0,1,47.5,1,1,0,1,0,1,0,1,0,0,0,1,1,0,0,1,0,1,0,0,0
0,1,25.2,2,0,1,12.6,0,0,0,0,0,0,0,0,0,0,0,0,0,0,0,0,0,0,1,0,0
1,52,80.85,0,0,0,76.97264150943397,1,1,1,1,1,0,0,0,1,1,0,1,1,1,0,1,0,1,0,0,1
1,41,98.4,0,4,1,99.70833333333333,1,0,0,1,1,1,0,0,0,1,0,1,1,0,0,1,0,1,0,0,1
0,43,56.35,0,0,0,54.34431818181818,1,1,0,1,0,0,0,0,0,0,0,1,0,1,0,1,0,0,1,0,1
0,47,19.3,1,0,0,18.552083333333332,0,1,1,1,0,0,1,0,0,0,0,0,0,0,1,0,0,0,0,0,1
0,3,50.4,0,0,0,34.3125,1,0,0,1,1,0,0,0,0,0,0,0,0,0,0,0,0,0,0,0,0
1,66,79.4,0,7,1,76.93432835820896,1,1,1,1,1,0,0,1,1,1,1,1,0,0,1,0,1,0,0,0,1
0,55,55.25,0,0,0,55.7125,1,1,1,1,0,0,0,0,0,1,1,0,0,0,1,1,1,0,0,0,1
0,29,19.1,0,0,0,17.65,1,0,0,1,0,0,1,0,0,0,0,0,0,1,0,0,0,0,1,1,0
0,12,84.05,0,0,0,74.35,0,0,1,1,1,1,0,0,0,0,0,1,0,0,0,1,0,1,0,0,0
0,66,105.2,0,0,0,103.53507462686568,0,1,0,1,1,1,0,0,1,1,0,1,1,0,0,1,0,1,0,0,1
1,35,101.4,0,3,1,97.11944444444445,1,0,0,1,1,1,0,0,0,1,0,1,1,0,0,1,0,1,0,1,0
1,10,89.8,0,1,1,83.11818181818181,1,1,0,1,1,1,0,0,0,1,0,0,1,0,0,1,0,1,0,0,0
0,27,75.75,0,2,0,68.89285714285714,1,1,1,1,1,1,0,0,0,0,0,0,0,0,0,1,0,0,0,1,0
0,58,95.3,0,0,0,98.60508474576271,0,0,0,1,0,1,0,0,0,0,1,1,1,0,0,1,0,1,0,0,1
0,54,109.75,0,4,1,111.09454545454545,1,1,0,1,0,1,0,1,1,1,1,1,1,0,1,0,0,0,0,0,1
0,9,19.85,0,0,0,17.880000000000003,1,0,0,1,0,0,1,0,0,0,0,0,0,0,0,0,0,0,1,0,0
0,2,19.3,0,0,1,9.433333333333334,1,0,0,1,0,0,1,0,0,0,0,0,0,1,0,0,1,0,0,0,0
0,6,69.1,2,0,0,62.142857142857146,1,0,0,1,0,1,0,0,0,0,0,0,0,0,0,1,0,1,0,0,0
1,26,91.25,0,1,1,87.10370370370372,0,0,0,1,0,1,0,0,0,0,0,1,1,0,0,1,0,1,0,1,0
0,9,20.25,0,0,0,18.615000000000002,0,0,0,1,0,0,1,0,0,0,0,0,0,0,0,0,0,0,1,0,0
0,8,54.75,0,0,0,49.53888888888889,1,1,0,1,0,0,0,0,1,1,0,0,0,0,0,1,0,0,1,0,0
0,12,81.45,0,0,0,70.15384615384616,1,0,0,1,0,1,0,0,0,0,0,1,0,0,0,1,0,1,0,0,0
0,15,49.1,3,0,1,42.471875,0,0,0,1,1,0,0,0,0,0,0,0,0,0,0,1,0,1,0,1,0
0,43,80.2,4,0,0,81.39999999999999,1,1,0,1,1,0,0,1,0,1,0,1,1,1,0,1,0,1,0,0,1
0,42,100.3,0,0,0,98.20813953488371,1,0,0,1,1,1,0,0,0,0,1,1,1,0,0,1,0,1,0,0,1
0,31,65.25,0,3,1,62.321875,0,0,0,1,1,0,0,1,0,1,1,0,0,0,0,0,1,0,0,1,0
0,66,90.95,0,0,0,88.50820895522388,0,0,1,1,1,1,0,1,0,1,1,0,0,0,1,1,1,0,0,0,1
1,18,85.45,0,0,1,79.25526315789473,0,0,0,1,1,1,0,0,1,0,1,0,0,0,0,1,0,1,0,1,0
0,1,20.0,0,0,0,10.0,1,0,0,1,0,0,1,0,0,0,0,0,0,0,0,0,0,0,1,0,0
0,61,94.1,0,7,1,90.94032258064516,1,1,0,1,1,1,0,0,1,0,1,1,0,0,1,1,0,1,0,0,1
0,10,79.85,0,0,0,72.47727272727273,1,0,0,1,1,1,0,0,1,0,0,0,0,0,0,0,0,1,0,0,0
1,1,71.65,0,0,1,35.825,1,0,0,1,0,1,0,0,0,0,0,0,0,0,0,1,0,1,0,0,0
1,18,73.55,0,0,0,71.55,0,0,0,1,0,1,0,0,1,0,0,0,0,0,0,1,0,1,0,1,0
0,24,104.65,0,2,1,101.698,1,1,0,1,1,1,0,0,1,1,0,1,1,0,0,1,0,1,0,1,0
0,3,19.3,0,0,0,13.675,0,1,1,1,0,0,1,0,0,0,0,0,0,0,0,0,0,0,1,0,0
0,50,20.15,0,0,0,19.39313725490196,1,0,0,1,0,0,1,0,0,0,0,0,0,1,0,0,1,0,0,0,1
0,1,44.55,0,0,0,22.275,1,1,1,1,0,0,0,0,0,0,0,0,0,0,0,0,0,1,0,0,0
0,2,54.45,0,0,0,29.099999999999998,1,0,0,1,0,0,0,1,0,0,1,0,0,0,0,1,0,0,1,0,0
0,17,19.65,0,0,0,19.530555555555555,1,0,0,1,0,0,1,0,0,0,0,0,0,1,0,1,0,0,0,1,0
0,69,105.0,0,0,0,104.25357142857143,1,1,1,1,1,1,0,0,1,1,0,1,1,0,1,1,0,1,0,0,1
0,72,88.7,0,0,0,86.32465753424657,1,1,0,1,1,0,0,1,1,1,1,1,1,0,1,1,1,0,0,0,1
0,3,74.25,0,0,1,52.575,0,0,0,1,1,1,0,0,0,0,0,0,0,0,0,1,0,1,0,0,0
1,50,75.15,1,0,0,74.95,1,1,1,1,1,0,0,1,1,1,0,0,1,0,1,1,0,0,0,0,1
0,53,20.25,0,0,0,19.41574074074074,0,0,0,1,0,0,1,0,0,0,0,0,0,0,1,0,0,0,1,0,1
0,58,109.1,0,0,0,108.36694915254236,0,1,0,1,1,1,0,1,1,0,1,1,1,0,1,1,1,0,0,0,1
0,46,30.75,0,0,0,31.68723404255319,1,0,0,0,0,0,0,1,0,0,0,0,0,1,0,1,0,0,0,0,1
1,72,112.9,0,0,0,110.43150684931507,1,1,0,1,1,1,0,1,1,1,1,1,1,0,0,1,1,0,0,0,1
1,1,74.2,3,0,1,37.1,0,0,0,1,1,1,0,0,0,0,0,0,0,0,0,1,0,1,0,0,0
0,6,94.05,0,0,0,74.10714285714286,0,1,1,1,1,1,0,0,1,1,0,1,0,0,0,1,0,0,1,0,0
0,72,78.85,0,0,0,78.9472602739726,1,1,0,1,1,0,0,1,1,1,1,0,1,0,1,0,0,0,0,0,1
0,4,55.3,0,0,0,47.7,1,0,0,1,0,0,0,0,0,0,0,0,1,0,0,1,0,0,1,0,0
0,52,19.35,0,0,0,19.466037735849056,0,1,1,1,0,0,1,0,0,0,0,0,0,0,1,0,0,0,1,0,1
0,0,25.35,0,0,0,1401.4,1,1,1,1,1,0,1,0,0,0,0,0,0,0,1,0,0,0,1,0,0
0,2,20.45,0,0,0,11.6,0,0,0,1,0,0,1,0,0,0,0,0,0,1,0,0,0,0,1,0,0
0,65,19.35,0,0,0,19.999242424242425,0,1,0,1,0,0,1,0,0,0,0,0,0,0,1,0,0,0,0,0,1
1,43,101.0,0,5,1,99.73636363636363,1,1,0,1,1,1,0,0,1,0,0,1,1,0,0,1,0,1,0,0,1
0,4,100.2,0,0,1,84.03999999999999,1,1,0,1,1,1,0,0,1,0,0,1,1,0,0,1,0,1,0,0,0
1,25,89.05,0,1,1,83.74807692307692,1,1,0,1,1,1,0,1,0,0,0,0,1,1,0,1,0,1,0,1,0
0,51,78.65,0,0,0,75.97788461538461,0,1,0,1,1,0,0,0,1,0,1,1,1,1,0,1,1,0,0,0,1
0,12,74.75,0,0,0,63.61923076923077,1,0,0,1,1,0,0,0,0,1,0,1,1,0,0,0,0,0,0,0,0
0,57,70.1,5,5,1,67.47068965517242,0,1,1,1,0,0,0,1,0,0,0,1,1,1,0,1,0,0,0,0,1
0,24,19.9,0,0,0,21.34,0,1,1,1,0,0,1,0,0,0,0,0,0,1,0,0,0,0,1,1,0
0,64,58.35,0,0,0,57.79153846153846,0,1,0,1,1,0,0,0,0,1,1,0,0,1,0,0,0,0,0,0,1
0,4,105.65,0,1,1,88.78,0,0,0,1,0,1,0,0,1,1,1,1,1,1,0,1,0,1,0,0,0
0,26,100.5,0,0,0,96.29444444444444,0,0,0,1,1,1,0,0,0,1,0,1,1,0,0,1,0,0,0,1,0
0,15,20.05,0,0,0,17.76875,0,1,1,1,0,0,1,0,0,0,0,0,0,0,0,0,0,0,1,1,0
1,64,25.65,0,0,0,26.78153846153846,1,1,0,1,1,0,1,0,0,0,0,0,0,0,1,0,1,0,0,0,1
1,36,96.5,2,3,1,92.86756756756756,1,1,0,1,1,1,0,0,1,0,0,1,1,0,0,1,0,1,0,1,0
0,27,95.0,0,0,0,87.94821428571429,0,1,0,1,1,1,0,0,0,0,0,1,1,0,0,0,1,0,0,1,0
1,1,70.85,0,0,1,35.425,1,1,0,1,0,1,0,0,0,0,0,0,0,0,0,0,0,0,1,0,0
0,35,85.95,0,2,1,86.39166666666667,0,0,0,1,1,0,0,1,0,1,1,1,1,1,0,1,1,0,0,1,0
0,4,73.9,2,0,1,56.17,1,0,0,1,0,1,0,0,0,1,0,0,0,0,0,1,0,1,0,0,0
0,8,45.45,0,0,0,45.75,0,1,1,1,0,0,0,0,0,0,0,0,0,0,0,1,0,1,0,0,0
0,10,20.0,0,0,0,18.054545454545455,1,0,0,1,0,0,1,0,0,0,0,0,0,0,0,1,1,0,0,0,0
0,2,49.2,0,0,0,34.56666666666667,0,0,0,1,0,0,0,0,1,0,0,0,0,0,0,0,0,0,1,0,0
0,58,109.45,1,3,1,104.14491525423729,0,1,0,1,1,1,0,1,1,1,0,1,1,0,1,1,0,0,0,0,1
0,51,83.25,3,0,0,78.64326923076922,1,1,0,1,0,0,0,1,1,1,1,1,1,0,1,1,1,0,0,0,1
0,46,19.25,0,0,0,18.387234042553192,0,1,1,1,0,0,1,0,0,0,0,0,0,0,1,1,0,0,1,0,1
0,1,19.65,4,0,0,9.825,1,0,0,1,0,0,1,0,0,0,0,0,0,0,0,1,0,0,0,0,0
0,46,72.8,0,0,0,69.13617021276596,1,0,0,1,1,1,0,0,0,0,0,0,0,0,0,0,0,0,0,0,1
0,50,109.65,0,0,0,105.99607843137255,0,1,0,1,1,1,0,1,1,0,1,1,1,0,0,1,0,0,0,0,1
0,53,65.0,0,0,0,62.2925925925926,1,1,1,1,0,0,0,0,1,0,1,1,0,0,0,0,1,0,0,0,1
0,61,114.1,0,0,0,115.03467741935484,1,1,0,1,1,1,0,0,1,1,1,1,1,0,0,1,0,1,0,0,1
0,5,20.65,0,0,0,15.591666666666667,1,0,0,1,0,0,1,0,0,0,0,0,0,0,0,0,0,0,0,0,0
0,47,86.95,0,0,0,86.22708333333333,1,0,0,1,0,0,0,1,1,1,1,1,1,1,0,1,0,0,0,0,1
0,54,94.75,0,0,0,93.12272727272727,0,0,0,1,1,1,0,0,1,1,0,1,0,1,0,1,0,0,0,0,1
0,19,25.35,0,0,0,28.305,1,0,1,0,0,0,0,0,0,0,0,0,0,0,0,1,1,0,0,1,0
0,26,105.45,0,0,0,100.56666666666668,0,0,1,1,0,1,0,0,1,1,1,1,1,0,1,1,0,1,0,1,0
0,70,25.4,0,0,0,25.099295774647885,1,1,1,1,1,0,1,0,0,0,0,0,0,0,1,0,0,0,1,0,1
0,17,102.55,0,1,0,96.80555555555556,1,1,0,1,1,1,0,0,1,1,0,1,1,0,0,1,0,1,0,1,0
0,30,100.2,0,3,1,96.25161290322582,0,0,0,1,1,1,0,0,1,0,0,1,1,0,0,1,0,1,0,1,0
0,1,24.0,2,0,0,12.0,0,0,1,1,1,0,1,0,0,0,0,0,0,0,0,0,0,0,1,0,0
0,19,25.6,0,0,0,24.294999999999998,0,1,1,1,1,0,1,0,0,0,0,0,0,0,1,0,0,0,1,1,0
0,26,73.5,0,0,0,70.58148148148149,0,1,0,1,0,0,0,0,1,1,0,1,1,0,1,1,1,0,0,1,0
0,21,74.05,0,0,1,71.16818181818182,0,1,1,1,0,1,0,0,1,0,0,0,0,0,0,1,0,0,0,1,0
0,50,98.25,0,0,0,95.26862745098039,1,1,0,1,1,1,0,0,1,0,0,1,1,1,0,1,0,1,0,0,1
0,68,54.4,0,0,0,53.96594202898551,0,1,0,0,0,0,0,1,0,1,0,1,1,1,0,1,0,1,0,0,1
0,3,101.55,0,0,1,74.5875,1,0,0,1,1,1,0,0,0,1,0,1,1,0,0,1,0,0,0,0,0
0,9,103.1,0,0,0,97.045,1,1,1,1,0,1,0,0,0,1,1,1,1,0,0,0,0,1,0,0,0
0,51,34.2,0,0,0,34.26923076923077,0,1,1,0,0,0,0,1,0,0,1,0,0,0,1,0,0,0,0,0,1
0,9,43.75,0,0,0,40.57,0,0,0,1,0,0,0,0,0,0,0,0,0,0,0,1,0,1,0,0,0
1,41,111.95,2,5,1,107.97380952380952,1,1,1,1,1,1,0,0,1,1,1,1,1,1,0,1,0,1,0,0,1
0,22,100.65,0,0,0,105.04130434782608,1,0,0,1,1,1,0,0,1,0,0,1,1,0,0,1,0,1,0,1,0
0,21,55.95,5,2,1,52.59318181818182,0,1,1,0,0,0,0,1,0,1,0,1,1,1,0,1,0,1,0,1,0
0,71,116.05,0,0,0,115.24305555555556,1,1,1,1,1,1,0,1,1,1,1,1,1,0,1,1,0,0,0,0,1
0,1,45.75,0,0,1,22.875,1,0,0,1,0,0,0,0,0,0,0,0,0,0,0,0,0,1,0,0,0
0,26,82.0,0,0,0,77.15185185185184,1,1,1,1,1,0,0,0,0,1,1,1,1,1,0,1,1,0,0,1,0
0,71,65.15,5,0,0,65.02430555555556,1,1,0,1,1,0,0,1,1,0,1,0,0,0,1,0,0,0,0,0,1
0,4,44.8,0,0,0,35.239999999999995,1,0,0,1,0,0,0,0,0,0,0,0,0,0,0,1,1,0,0,0,0
0,12,79.8,0,0,0,77.01538461538462,0,0,0,1,1,1,0,1,0,0,0,0,0,0,0,1,0,1,0,0,0
0,18,88.85,0,0,0,83.9342105263158,0,1,0,1,1,1,0,0,0,0,1,1,0,0,0,1,0,1,0,1,0
0,3,74.95,0,0,0,53.1,0,0,0,1,1,1,0,0,0,0,0,0,0,0,0,1,0,1,0,0,0
1,72,106.85,0,0,0,105.16986301369863,0,1,0,1,1,1,0,1,1,0,0,1,1,1,0,1,0,0,0,0,1
0,11,74.95,0,0,1,67.95833333333333,1,0,0,1,0,1,0,0,1,0,0,0,0,0,0,0,0,1,0,0,0
0,1,80.15,0,0,1,40.075,0,0,0,1,0,1,0,0,0,0,0,0,1,0,0,0,1,0,0,0,0
0,13,19.3,0,0,0,18.54642857142857,1,0,0,1,0,0,1,0,0,0,0,0,0,1,0,0,1,0,0,1,0
0,72,109.25,0,6,1,111.09315068493152,0,1,0,1,1,1,0,0,1,1,1,1,1,1,0,1,0,1,0,0,1
0,42,56.1,0,0,0,55.50813953488372,1,1,0,1,1,0,0,1,0,0,0,0,0,1,0,0,1,0,0,0,1
0,17,19.7,5,0,0,18.908333333333335,0,0,0,1,0,0,1,0,0,0,0,0,0,0,0,0,1,0,0,1,0
1,7,51.3,0,0,0,52.41875,0,0,0,1,0,0,0,0,1,0,0,0,0,0,0,1,0,0,1,0,0
0,68,118.6,0,0,0,115.79782608695652,0,1,0,1,1,1,0,1,1,1,1,1,1,0,1,0,0,0,1,0,1
0,56,24.15,0,0,0,24.600877192982455,1,1,1,1,1,0,1,0,0,0,0,0,0,0,1,0,0,0,0,0,1
0,38,20.3,2,0,0,19.214102564102564,0,1,1,1,0,0,1,0,0,0,0,0,0,1,0,0,0,0,1,0,1
0,72,115.5,0,0,0,115.41301369863014,0,1,1,1,1,1,0,1,1,1,1,1,1,0,1,1,0,1,0,0,1
0,48,25.05,0,0,0,23.908163265306122,0,0,0,1,1,0,1,0,0,0,0,0,0,1,0,0,1,0,0,0,1
1,52,109.1,3,0,0,106.56509433962263,0,1,0,1,1,1,0,1,1,1,0,1,1,0,0,1,0,1,0,0,1
0,35,19.65,0,0,0,19.688888888888886,0,1,1,1,0,0,1,0,0,0,0,0,0,1,0,0,0,0,1,1,0
0,67,111.3,0,0,0,111.28235294117647,1,1,0,1,1,1,0,0,1,1,1,1,1,0,1,1,0,0,0,0,1
0,1,29.9,4,0,0,14.95,0,0,0,0,0,0,0,1,0,0,0,0,0,0,0,0,0,0,1,0,0
0,53,80.6,0,0,0,80.52037037037037,1,0,0,1,0,1,0,0,1,0,1,0,0,0,0,1,0,0,1,0,1
0,34,20.8,0,0,0,18.16857142857143,1,1,1,1,0,0,1,0,0,0,0,0,0,0,0,0,0,0,1,1,0
0,3,35.2,0,0,1,27.2375,0,0,0,0,0,0,0,0,0,0,0,1,0,0,0,0,1,0,0,0,0
0,1,78.8,0,0,1,39.4,0,1,0,1,0,1,0,0,0,0,0,1,0,0,0,0,0,1,0,0,0
0,19,89.95,0,0,0,84.12,1,0,0,1,0,1,0,0,0,1,1,1,0,0,0,0,0,0,1,1,0
1,60,116.05,0,0,0,113.53934426229507,0,1,0,1,1,1,0,1,1,1,1,1,1,0,1,1,0,0,0,0,1
0,11,19.55,0,1,0,18.595833333333335,1,0,0,1,0,0,1,0,0,0,0,0,0,0,1,0,1,0,0,0,0
0,47,106.4,0,3,1,106.83229166666666,0,0,0,1,1,1,0,0,1,1,0,1,1,0,0,1,0,1,0,0,1
0,18,49.4,3,0,1,46.04210526315789,1,0,0,1,0,0,0,1,0,0,0,0,0,0,0,0,0,1,0,1,0
0,60,115.25,0,0,0,110.79426229508196,0,1,1,1,1,1,0,1,1,1,1,1,1,0,1,0,1,0,0,0,1
0,72,24.8,0,0,0,25.675342465753424,1,1,0,1,1,0,1,0,0,0,0,0,0,0,1,0,1,0,0,0,1
0,39,19.9,0,0,0,19.77875,1,0,0,1,0,0,1,0,0,0,0,0,0,1,0,0,0,0,1,0,1
0,59,81.25,0,0,0,77.32416666666667,0,1,0,1,0,1,0,1,0,1,0,0,0,1,0,1,1,0,0,0,1
0,2,69.95,0,0,0,47.96666666666667,1,1,1,1,0,1,0,0,0,0,0,0,0,0,0,0,0,0,1,0,0
1,1,69.1,0,0,1,34.55,1,0,0,1,0,1,0,0,0,0,0,0,0,0,0,0,0,1,0,0,0
0,20,90.2,0,3,1,84.59761904761905,1,1,1,1,0,1,0,0,0,0,0,1,1,0,0,1,0,1,0,1,0
0,6,93.55,0,2,1,76.62857142857142,0,0,0,1,1,1,0,0,0,0,0,1,1,0,0,1,0,0,0,0,0
0,71,86.4,0,0,0,85.72222222222223,1,0,0,1,1,1,0,0,0,1,1,0,0,0,1,1,1,0,0,0,1
0,24,66.3,0,0,0,62.378,0,1,0,1,1,0,0,1,1,1,0,0,0,0,0,0,0,0,1,1,0
1,67,94.65,0,0,0,89.3970588235294,1,1,0,1,1,1,0,0,0,0,0,1,1,0,0,1,1,0,0,0,1
0,1,80.85,0,0,1,40.425,1,0,0,1,0,1,0,0,0,0,0,0,1,0,0,1,0,0,1,0,0
0,48,82.05,0,0,1,82.2438775510204,0,1,1,1,1,1,0,0,0,0,0,0,1,1,0,1,0,0,1,0,1
0,37,72.1,4,0,0,69.9578947368421,0,1,0,1,1,0,0,0,1,0,1,0,1,1,0,0,0,0,1,0,1
0,11,34.7,0,0,0,31.962500000000002,1,0,0,0,0,0,0,0,1,1,0,0,0,0,0,0,0,0,1,0,0
0,3,20.55,0,0,1,12.7875,1,1,0,1,0,0,1,0,0,0,0,0,0,0,0,1,1,0,0,0,0
0,18,95.95,0,0,0,91.86842105263158,0,1,0,1,0,1,0,0,0,1,0,1,1,0,0,1,1,0,0,1,0
0,50,44.8,0,0,0,43.7421568627451,1,1,1,1,0,0,0,0,0,0,0,0,0,1,0,1,0,0,0,0,1
0,67,109.4,0,0,0,107.08235294117648,0,1,1,1,1,1,0,1,0,1,1,1,1,1,0,1,0,1,0,0,1
0,25,71.05,0,0,0,70.68076923076923,0,1,0,1,0,0,0,1,1,0,1,0,1,0,0,1,0,0,1,1,0
1,2,78.55,0,0,1,49.85,0,0,0,1,1,1,0,0,0,1,0,0,0,0,0,1,0,1,0,0,0
0,9,19.7,0,0,0,18.07,1,0,0,1,0,0,1,0,0,0,0,0,0,0,0,0,1,0,0,0,0
0,10,40.25,4,0,0,37.404545454545456,0,0,1,0,0,0,0,1,1,0,1,0,0,1,0,0,0,0,1,0,0
0,70,19.85,4,0,0,18.709154929577462,0,1,0,1,0,0,1,0,0,0,0,0,0,0,1,0,1,0,0,0,1
0,9,68.25,0,0,0,57.69500000000001,1,0,0,1,0,0,0,1,0,1,1,0,1,0,0,1,0,0,0,0,0
0,4,20.15,1,0,0,13.690000000000001,0,0,0,1,0,0,1,0,0,0,0,0,0,0,0,1,1,0,0,0,0
0,2,50.95,0,0,0,41.016666666666666,0,0,0,1,0,0,0,1,0,0,0,0,0,0,0,0,0,0,1,0,0
0,1,78.65,0,0,1,39.325,0,0,1,1,0,1,0,0,0,0,0,0,1,0,0,0,0,1,0,0,0
0,19,25.15,4,0,0,23.4175,1,0,0,0,0,0,0,0,0,0,0,0,0,0,0,1,0,0,0,1,0
0,7,20.25,0,0,0,21.8375,1,1,1,1,0,0,1,0,0,0,0,0,0,0,0,1,0,0,0,0,0
0,1,42.9,0,0,1,21.45,1,0,0,1,0,0,0,0,0,0,0,0,0,0,0,1,0,1,0,0,0
1,1,44.0,0,0,0,22.0,1,0,0,1,0,0,0,0,0,0,0,0,0,0,0,0,0,1,0,0,0
0,9,20.25,0,0,0,17.235,0,1,1,1,0,0,1,0,0,0,0,0,0,1,0,0,0,0,1,0,0
0,3,34.25,0,0,1,34.8375,0,0,0,0,0,0,0,1,0,0,1,0,0,0,0,0,0,0,1,0,0
0,9,58.5,4,1,1,53.985,0,0,0,0,0,0,0,1,0,1,1,1,1,0,0,0,0,0,1,0,0
0,5,55.8,0,0,0,50.06666666666666,0,0,0,1,0,0,0,1,0,1,0,0,0,0,0,0,1,0,0,0,0
0,56,88.9,0,0,0,87.15789473684211,0,1,1,1,0,1,0,0,0,0,0,1,1,1,0,0,0,0,0,0,1
0,18,57.65,3,0,0,52.247368421052634,0,0,1,1,1,0,0,1,0,0,0,0,0,0,0,0,0,0,1,1,0
1,49,96.2,0,4,1,94.365,1,0,0,1,1,1,0,0,0,0,0,1,1,0,0,1,0,1,0,0,1
0,70,79.15,0,0,0,77.97887323943662,1,1,0,1,1,0,0,1,1,1,1,1,0,0,1,0,0,0,1,0,1
0,72,108.05,0,0,0,106.93972602739727,0,0,0,1,1,1,0,0,1,1,1,1,1,0,1,1,1,0,0,0,1
1,6,74.4,0,0,1,62.01428571428572,0,0,0,1,0,1,0,0,0,1,0,0,0,0,0,0,0,1,0,0,0
1,17,94.8,0,1,0,86.88333333333334,1,1,0,1,1,1,0,0,0,0,0,1,1,0,0,1,0,1,0,1,0
0,29,45.9,0,0,0,44.413333333333334,1,1,0,0,0,0,0,0,0,0,0,1,1,0,0,1,0,1,0,1,0
0,6,105.3,0,0,1,77.88571428571429,0,1,0,1,1,1,0,0,1,1,0,1,1,0,0,1,0,1,0,0,0
0,63,102.6,0,0,0,98.38671875,1,1,0,1,1,1,0,0,0,1,0,1,1,0,1,0,0,1,0,0,1
0,16,73.85,0,1,1,75.54117647058824,1,1,0,1,1,1,0,0,0,0,0,0,0,0,0,1,0,0,0,1,0
0,59,61.35,0,0,0,60.75833333333333,1,0,0,1,0,0,0,0,0,1,0,0,1,1,0,1,0,0,0,0,1
0,3,57.55,1,0,0,40.3625,0,0,0,1,0,0,0,0,0,1,0,1,0,0,0,0,0,1,0,0,0
0,8,29.25,0,0,0,25.216666666666665,0,0,0,0,0,0,0,0,1,0,0,0,0,0,0,1,0,0,1,0,0
1,7,84.55,0,0,1,80.85625,0,1,0,1,1,1,0,0,0,0,0,0,1,0,0,1,0,1,0,0,0
0,68,19.6,0,0,0,20.893478260869568,0,0,0,1,0,0,1,0,0,0,0,0,0,0,1,0,1,0,0,0,1
0,68,111.75,0,0,0,108.85942028985508,0,1,1,1,1,1,0,1,0,1,1,1,1,0,1,0,1,0,0,0,1
1,52,106.5,4,0,0,106.07264150943396,0,1,0,1,1,1,0,0,1,1,0,1,1,1,0,1,0,1,0,0,1
0,72,107.7,0,0,0,108.4904109589041,1,1,1,1,1,1,0,1,1,0,1,1,1,0,1,1,1,0,0,0,1
0,32,19.3,1,0,0,17.975757575757576,0,1,0,1,0,0,1,0,0,0,0,0,0,1,0,0,0,0,1,1,0
0,72,20.05,1,0,0,19.50205479452055,0,1,0,1,0,0,1,0,0,0,0,0,0,0,1,0,0,0,0,0,1
0,1,69.95,0,0,0,34.975,1,1,1,1,0,1,0,0,0,0,0,0,0,0,0,1,1,0,0,0,0
0,42,63.7,0,0,0,64.2639534883721,1,1,1,1,0,0,0,1,0,0,1,0,1,1,0,0,1,0,0,0,1
0,25,24.75,3,0,1,26.61923076923077,0,0,0,1,1,0,1,0,0,0,0,0,0,0,1,0,1,0,0,1,0
0,45,50.9,3,1,0,49.96847826086957,1,0,0,1,0,0,0,1,0,0,0,0,0,0,0,1,0,0,0,0,1
0,43,60.4,0,3,0,60.0125,0,1,1,0,0,0,0,1,0,1,1,1,1,1,0,1,1,0,0,0,1
0,37,79.25,0,0,0,76.6263157894737,1,1,0,1,1,0,0,1,0,1,0,1,1,1,0,0,0,0,1,0,1
1,20,85.8,0,0,1,82.26190476190476,0,0,0,1,1,1,0,0,0,0,0,0,1,0,0,1,1,0,0,1,0
0,4,24.45,0,0,1,17.32,0,0,0,0,0,0,0,0,0,0,0,0,0,0,0,1,0,1,0,0,0
0,63,110.1,0,0,0,104.7765625,1,1,0,1,0,1,0,1,1,1,1,1,1,0,1,1,1,0,0,0,1
0,3,90.7,0,0,0,59.4125,1,0,0,1,0,1,0,0,0,0,0,1,1,0,0,0,0,0,1,0,0
0,66,25.3,0,0,0,24.96044776119403,1,1,1,1,1,0,1,0,0,0,0,0,0,0,1,1,1,0,0,0,1
0,28,105.7,3,2,1,102.74137931034483,1,0,0,1,1,1,0,0,1,1,0,1,1,0,0,1,0,1,0,1,0
1,8,85.2,0,0,0,77.30555555555556,0,0,0,1,1,1,0,0,0,0,0,0,1,0,0,0,0,1,0,0,0
0,71,24.35,0,0,0,22.980555555555554,1,0,1,1,1,0,1,0,0,0,0,0,0,0,1,0,0,0,1,0,1
0,1,24.25,1,0,1,12.125,1,0,0,0,0,0,0,0,0,0,0,0,0,0,0,1,0,1,0,0,0
0,72,25.1,4,0,0,25.45,0,1,1,1,1,0,1,0,0,0,0,0,0,0,1,0,0,0,0,0,1
1,16,54.55,0,0,0,48.53529411764706,1,1,0,1,0,0,0,1,1,0,0,0,0,0,0,1,0,0,0,1,0
0,66,96.6,0,0,0,95.88432835820896,1,1,0,1,1,1,0,1,1,1,1,0,0,0,1,0,0,0,1,0,1
0,11,76.5,0,0,1,69.82916666666667,0,0,0,1,1,1,0,0,0,0,0,0,0,0,0,1,0,1,0,0,0
0,51,81.15,0,0,0,79.35,1,0,0,1,1,0,0,1,1,1,1,1,0,1,0,1,1,0,0,0,1
0,8,38.5,0,0,0,36.75555555555556,0,0,1,0,0,0,0,1,0,0,0,0,1,0,0,1,0,1,0,0,0
0,14,92.9,3,0,0,89.16333333333334,1,0,0,1,0,1,0,0,0,0,0,1,1,0,0,1,0,1,0,1,0
0,4,93.5,3,0,1,72.44,0,0,0,1,1,1,0,0,1,0,1,0,1,0,0,1,0,1,0,0,0
0,70,84.7,0,0,0,84.38098591549296,0,0,0,1,1,0,0,1,1,1,0,1,1,0,1,0,0,0,1,0,1
0,70,66.0,0,0,0,68.8943661971831,0,0,1,1,1,0,0,1,1,0,1,0,0,0,1,0,0,1,0,0,1
1,54,101.5,0,5,1,97.69272727272728,0,1,0,1,1,1,0,0,1,0,0,1,1,1,0,1,1,0,0,0,1
0,28,74.9,0,0,1,71.32931034482759,1,0,1,1,0,1,0,1,0,0,0,0,0,0,0,1,0,0,0,1,0
0,24,20.75,0,0,0,19.482,1,0,0,1,0,0,1,0,0,0,0,0,0,0,1,0,0,0,1,1,0
0,69,61.45,3,0,0,59.01714285714286,0,1,0,1,0,0,0,0,1,0,0,0,1,0,1,1,1,0,0,0,1
0,42,54.5,0,0,0,53.51511627906977,1,1,1,1,0,0,0,1,1,0,0,0,0,0,0,0,0,0,1,0,1
1,2,69.6,0,0,1,43.88333333333333,0,0,0,1,0,1,0,0,0,0,0,0,0,0,0,1,0,1,0,0,0
1,39,99.75,0,0,0,100.9,0,0,0,1,1,1,0,0,0,1,0,1,1,0,0,1,0,1,0,0,1
0,45,109.75,0,0,0,106.53586956521738,1,1,1,1,1,1,0,0,1,1,1,1,1,0,1,1,0,0,0,0,1
0,72,80.85,0,3,0,78.45821917808219,1,1,1,1,1,0,0,1,1,1,1,1,0,0,1,1,0,0,0,0,1
0,38,20.3,0,0,0,19.0525641025641,0,0,0,1,0,0,1,0,0,0,0,0,0,0,1,0,0,0,1,0,1
0,72,67.8,0,0,0,65.81712328767122,1,1,0,1,1,0,0,1,1,1,1,0,0,0,1,1,0,0,0,0,1
0,1,24.05,0,0,1,12.025,1,0,0,1,1,0,1,0,0,0,0,0,0,0,0,1,0,0,1,0,0
0,72,19.8,5,0,0,19.378767123287673,1,1,1,1,0,0,1,0,0,0,0,0,0,0,1,1,1,0,0,0,1
0,55,25.7,2,0,0,25.779464285714287,1,1,0,1,1,0,1,0,0,0,0,0,0,0,1,0,0,0,0,0,1
0,51,56.15,2,0,0,55.74903846153846,0,1,1,0,0,0,0,0,0,1,1,1,1,1,0,1,0,1,0,0,1
0,63,86.7,0,0,0,82.9609375,1,0,0,1,0,0,0,1,1,1,1,1,1,0,1,1,0,0,0,0,1
0,1,20.4,0,0,0,10.2,0,0,0,1,0,0,1,0,0,0,0,0,0,0,0,0,0,0,1,0,0
0,23,19.65,4,0,0,18.814583333333335,0,1,1,1,0,0,1,0,0,0,0,0,0,0,1,1,0,0,1,1,0
0,1,50.55,0,0,1,25.275,0,0,0,1,0,0,0,0,1,0,0,0,0,0,0,0,0,1,0,0,0
0,2,54.35,0,0,0,39.016666666666666,0,0,0,1,1,0,0,0,0,0,1,0,0,0,0,1,0,0,1,0,0
1,52,108.1,0,0,0,110.17547169811321,0,0,0,1,1,1,0,1,1,1,0,1,1,0,0,0,1,0,0,0,1
0,36,54.45,0,0,0,51.17567567567568,0,0,0,1,1,0,0,1,0,0,0,0,0,1,0,0,0,0,1,1,0
0,1,45.35,0,0,0,22.675,0,0,0,1,0,0,0,0,0,0,0,0,0,0,0,0,0,0,1,0,0
0,28,59.0,1,0,0,57.050000000000004,0,0,0,1,1,0,0,1,0,1,0,0,0,1,0,0,0,0,1,1,0
0,7,69.45,0,0,0,59.63125,0,1,1,1,0,0,0,1,1,1,0,1,0,1,0,0,0,1,0,0,0
0,14,100.55,0,1,1,94.36999999999999,1,0,0,1,1,1,0,0,1,0,0,1,1,0,0,1,0,1,0,1,0
1,72,64.95,0,2,0,62.273972602739725,1,1,0,0,0,0,0,1,1,1,1,1,1,0,1,1,1,0,0,0,1
0,1,20.5,0,0,1,10.25,0,1,1,1,0,0,1,0,0,0,0,0,0,0,0,1,0,0,1,0,0
0,10,18.85,4,0,0,14.836363636363636,0,0,0,1,0,0,1,0,0,0,0,0,0,0,0,0,0,0,1,0,0
0,42,19.8,0,0,0,19.765116279069765,1,0,0,1,0,0,1,0,0,0,0,0,0,1,0,0,0,0,0,0,1
0,7,25.05,0,0,0,23.74375,0,0,0,0,0,0,0,0,0,0,0,0,0,0,0,0,0,0,0,0,0
0,4,74.8,0,0,1,64.38,1,0,0,1,0,1,0,0,0,1,0,0,0,0,0,1,0,0,0,0,0
0,72,114.3,0,0,0,110.39109589041097,1,1,1,1,1,1,0,1,1,1,1,1,1,0,1,1,1,0,0,0,1
0,20,24.45,2,0,1,22.99047619047619,0,1,0,0,0,0,0,0,0,0,0,0,0,0,0,1,0,1,0,1,0
0,63,109.2,0,0,0,110.15234375,1,0,0,1,0,1,0,1,1,1,1,1,1,0,1,0,1,0,0,0,1
0,56,45.05,2,0,0,44.9140350877193,0,0,0,0,0,0,0,1,1,1,1,0,0,0,1,0,0,0,0,0,1
0,5,51.0,0,0,0,47.800000000000004,0,0,1,1,0,0,0,0,0,0,1,0,0,0,0,1,0,0,1,0,0
0,72,110.45,3,0,0,109.34931506849315,0,1,0,1,1,1,0,0,1,1,1,1,1,0,1,1,0,0,0,0,1
1,68,84.65,0,0,0,82.37101449275363,1,1,1,1,1,1,0,0,1,1,0,0,0,0,0,1,0,1,0,0,1
0,67,60.05,0,0,0,58.73602941176471,1,1,1,1,0,0,0,1,1,0,1,0,0,1,0,0,0,0,1,0,1
0,8,44.65,0,0,0,41.016666666666666,1,1,1,1,0,0,0,0,0,0,0,0,0,0,0,0,0,0,0,0,0
0,52,93.25,0,0,0,87.39056603773585,1,1,1,1,1,1,0,0,1,0,1,0,1,0,0,1,0,0,0,0,1
0,18,20.25,0,0,0,21.155263157894737,0,1,1,1,0,0,1,0,0,0,0,0,0,0,0,1,0,0,1,1,0
0,59,25.45,0,0,0,25.5675,0,1,1,1,1,0,1,0,0,0,0,0,0,0,1,0,0,0,1,0,1
0,60,20.6,0,1,0,17.918032786885245,0,0,0,1,0,0,1,0,0,0,0,0,0,0,1,0,0,0,1,0,1
0,7,94.1,0,0,0,87.6625,1,0,0,1,1,1,0,0,0,0,0,1,1,0,0,1,0,1,0,0,0
0,59,34.8,5,0,0,33.005,1,1,1,0,0,0,0,1,0,1,0,0,0,1,0,0,0,0,1,0,1
0,46,60.75,0,0,0,61.56170212765958,1,0,0,0,0,0,0,1,0,1,1,1,1,0,1,1,0,0,0,0,1
0,5,51.35,0,0,0,43.71666666666667,1,0,0,1,0,0,0,0,1,0,0,0,0,0,0,1,0,1,0,0,0
1,59,64.05,0,0,0,64.78083333333333,1,1,0,0,0,0,0,1,0,1,1,1,1,0,1,1,1,0,0,0,1
0,70,84.8,0,5,0,83.34577464788732,0,1,0,1,1,0,0,0,1,1,1,1,1,0,1,1,0,0,0,0,1
0,14,71.0,0,0,1,60.93333333333333,0,0,0,1,0,1,0,0,0,0,0,0,0,0,0,1,1,0,0,1,0
0,44,50.15,0,0,0,47.535555555555554,0,0,0,1,1,0,0,0,0,0,0,0,0,0,0,1,0,0,1,0,1
0,64,94.6,0,0,0,91.51846153846154,0,1,0,1,1,1,0,1,0,1,0,1,0,0,1,1,1,0,0,0,1
0,58,59.75,0,0,0,61.429661016949154,0,1,1,0,0,0,0,1,0,1,1,1,1,0,1,0,0,0,1,0,1
1,46,100.25,0,0,0,101.14574468085107,0,1,0,1,1,1,0,0,0,0,1,1,1,1,0,0,0,1,0,0,1
1,58,98.9,0,0,0,97.97796610169492,1,1,0,1,1,1,0,0,1,0,0,1,1,0,0,1,0,1,0,0,1
0,72,97.7,0,0,0,94.1054794520548,0,1,0,1,1,1,0,0,1,0,0,1,1,0,1,1,1,0,0,0,1
1,30,40.3,0,1,1,37.83709677419355,0,0,0,0,0,0,0,0,0,1,0,1,0,0,0,1,0,1,0,1,0
1,11,60.25,0,0,0,55.24583333333334,1,0,0,1,1,0,0,1,1,0,0,0,0,0,0,0,0,0,0,0,0
1,34,56.25,0,0,0,50.455714285714286,0,0,0,0,0,0,0,0,1,1,0,1,1,0,0,1,0,1,0,1,0
0,54,46.2,1,0,0,44.21727272727272,1,0,0,0,0,0,0,1,1,0,0,0,1,0,1,0,0,0,0,0,1
0,3,50.6,0,0,1,38.8375,0,0,0,0,0,0,0,0,1,0,0,1,1,0,0,1,0,1,0,0,0
0,72,24.9,4,0,0,25.46849315068493,0,1,1,1,1,0,1,0,0,0,0,0,0,0,1,0,0,0,1,0,1
0,40,84.85,0,0,1,80.56219512195122,0,1,1,1,1,1,0,0,0,1,1,0,0,0,0,1,0,1,0,0,1
0,2,65.7,0,0,1,44.78333333333333,0,1,1,1,0,0,0,0,0,0,0,1,1,0,0,0,0,0,1,0,0
0,54,63.35,0,0,0,61.983636363636364,1,1,1,1,1,0,0,0,0,1,0,0,1,0,1,0,1,0,0,0,1
0,14,50.1,1,0,0,47.3,0,0,0,1,0,0,0,1,0,0,0,0,0,0,0,0,0,0,0,1,0
0,1,70.5,0,0,1,35.25,0,0,0,1,0,1,0,0,0,0,0,0,0,0,0,0,0,1,0,0,0
0,10,94.85,4,1,1,86.67727272727274,0,0,0,1,1,1,0,0,1,1,0,0,1,0,0,1,0,1,0,0,0
0,1,50.15,0,0,0,25.075,0,0,0,1,0,0,0,1,0,0,0,0,0,0,0,0,0,1,0,0,0
0,1,19.75,0,0,1,9.875,1,0,0,1,0,0,1,0,0,0,0,0,0,0,0,0,0,0,1,0,0
0,56,64.65,0,0,0,64.30789473684212,1,0,0,1,1,0,0,1,1,0,1,0,0,1,0,1,0,0,0,0,1
0,68,79.6,0,1,0,79.93913043478261,0,1,0,1,0,0,0,1,1,0,1,1,1,0,1,1,0,0,0,0,1
0,14,19.5,0,0,0,18.133333333333333,0,1,1,1,0,0,1,0,0,0,0,0,0,1,0,1,0,0,1,1,0
0,68,99.55,0,0,0,96.6376811594203,1,1,1,1,0,1,0,1,0,0,1,1,1,0,1,1,0,1,0,0,1
1,55,74.0,0,2,0,72.36428571428571,1,1,0,1,1,1,0,0,0,0,0,0,0,0,0,1,0,1,0,0,1
0,16,38.9,0,0,0,39.08235294117647,0,0,0,0,0,0,0,1,0,0,0,1,0,0,0,1,0,1,0,1,0
1,9,79.55,0,0,0,71.85499999999999,1,0,0,1,0,1,0,0,0,0,0,0,1,0,0,1,0,1,0,0,0
0,14,65.45,0,1,1,62.50666666666667,1,1,1,1,0,0,0,1,1,0,0,1,0,0,0,1,0,1,0,1,0
1,58,98.7,0,5,1,98.51864406779661,1,1,0,1,1,1,0,0,0,1,0,1,1,0,0,1,0,1,0,0,1
0,53,46.3,0,0,0,47.163888888888884,1,0,0,0,0,0,0,1,1,0,0,0,1,0,0,1,0,0,0,0,1
0,70,99.35,0,0,0,97.80985915492958,1,1,0,1,1,1,0,1,1,1,0,1,0,0,1,1,1,0,0,0,1
1,14,95.8,0,0,0,89.75333333333333,0,1,1,1,1,1,0,0,0,0,0,1,1,0,0,1,0,1,0,1,0
0,22,67.5,0,0,1,67.13260869565217,1,1,1,1,0,0,0,1,0,1,1,1,0,1,0,1,0,0,0,1,0
0,10,78.15,0,0,0,69.55909090909091,0,1,0,1,1,1,0,1,0,0,0,0,0,0,0,1,1,0,0,0,0
0,29,26.1,0,0,0,23.084999999999997,0,1,1,1,1,0,1,0,0,0,0,0,0,0,1,0,0,0,1,1,0
0,1,69.6,0,0,1,34.8,0,0,0,1,0,1,0,0,0,0,0,0,0,0,0,1,0,1,0,0,0
0,49,84.35,0,2,1,81.187,1,1,0,1,1,0,0,1,0,1,1,1,1,1,0,0,0,1,0,0,1
1,68,100.2,0,7,1,99.29927536231884,0,1,0,1,1,1,0,0,1,0,0,1,1,0,0,1,0,1,0,0,1
0,1,78.05,0,0,1,39.025,0,0,0,1,0,1,0,0,0,0,0,1,0,0,0,0,0,1,0,0,0
0,30,40.35,0,0,0,38.291935483870965,0,0,0,0,0,0,0,0,0,0,1,0,1,1,0,1,1,0,0,1,0
0,72,79.2,4,0,0,73.99863013698629,0,1,0,1,1,0,0,1,1,1,1,1,0,0,1,0,1,0,0,0,1
0,10,20.9,0,0,0,22.454545454545453,0,0,0,1,0,0,1,0,0,0,0,0,0,0,0,1,0,0,1,0,0
0,7,73.6,5,0,1,65.0,1,0,0,1,1,1,0,0,0,0,0,0,0,0,0,0,0,1,0,0,0
0,9,74.75,0,0,1,70.66,0,0,0,1,1,1,0,0,0,0,0,0,0,0,0,1,0,1,0,0,0
0,1,49.9,0,0,0,24.95,0,0,1,1,0,0,0,1,0,0,0,0,0,0,0,0,0,0,1,0,0
0,20,68.9,2,0,0,65.2547619047619,0,0,0,1,1,0,0,0,1,0,1,0,1,0,0,1,1,0,0,1,0
0,1,20.25,0,0,0,10.125,0,0,0,1,0,0,1,0,0,0,0,0,0,0,0,1,0,0,1,0,0
0,29,76.0,0,0,0,73.84166666666667,0,0,0,1,1,1,0,0,0,0,0,0,0,0,0,1,1,0,0,1,0
0,1,74.0,0,0,0,37.0,1,0,0,1,0,1,0,0,0,0,1,0,0,0,0,0,0,1,0,0,0
0,3,82.3,0,0,0,53.6,1,0,0,1,0,1,0,1,0,0,1,0,0,0,0,1,0,0,1,0,0
0,20,89.4,0,0,0,89.10238095238095,0,0,0,1,0,1,0,1,0,1,0,1,0,0,0,1,0,0,0,1,0
0,64,99.15,0,0,0,94.94153846153846,1,0,1,1,0,1,0,0,1,0,1,1,1,0,0,1,1,0,0,0,1
0,6,29.45,5,0,0,23.064285714285713,0,0,0,0,0,0,0,1,0,0,0,0,0,0,0,0,0,0,0,0,0
0,50,19.8,2,0,0,19.866666666666667,1,1,0,1,0,0,1,0,0,0,0,0,0,0,1,0,0,1,0,0,1
0,6,59.15,0,0,0,48.1,1,0,0,1,0,0,0,1,0,0,0,0,1,0,0,1,0,0,0,0,0
0,7,44.75,0,0,0,41.70625,1,1,1,1,0,0,0,0,0,0,0,0,0,0,0,0,0,1,0,0,0
0,72,90.8,3,0,0,89.2027397260274,1,1,1,1,1,1,0,0,0,1,0,0,1,0,1,1,1,0,0,0,1
0,8,49.55,0,0,0,43.71666666666667,1,1,0,1,0,0,0,0,1,0,0,0,0,0,0,1,0,0,0,0,0
0,67,106.7,0,0,0,103.08088235294117,0,1,1,1,1,1,0,1,0,0,1,1,1,0,1,0,1,0,0,0,1
1,24,93.55,0,2,1,90.56200000000001,0,1,0,1,1,1,0,0,0,0,0,1,1,0,0,1,0,1,0,1,0
0,72,94.45,2,0,0,94.81780821917808,0,1,0,1,1,1,0,1,1,0,0,0,1,0,1,1,1,0,0,0,1
0,33,19.45,0,0,0,17.654411764705884,1,1,1,1,0,0,1,0,0,0,0,0,0,1,0,1,0,0,0,1,0
0,2,25.05,0,0,1,18.783333333333335,1,0,0,0,0,0,0,0,0,0,0,0,0,0,0,1,0,1,0,0,0
0,70,67.95,0,0,0,65.69225352112676,1,1,0,1,0,0,0,1,1,0,1,0,1,0,1,0,0,0,1,0,1
0,22,65.25,0,0,0,62.68695652173913,0,0,0,1,0,0,0,0,1,1,0,1,0,1,0,0,0,0,0,1,0
0,59,99.45,0,0,0,93.72833333333332,0,0,0,1,1,1,0,1,1,1,0,0,1,0,0,1,0,0,0,0,1
0,36,20.35,0,0,0,18.80675675675676,1,0,0,1,0,0,1,0,0,0,0,0,0,1,0,1,1,0,0,1,0
0,51,19.95,0,0,0,19.783653846153847,0,1,1,1,0,0,1,0,0,0,0,0,0,0,1,0,0,0,1,0,1
0,53,77.4,0,0,0,76.96203703703704,1,1,0,1,1,0,0,1,0,1,1,1,0,1,0,0,0,0,0,0,1
0,20,19.7,1,0,0,18.83809523809524,0,1,1,1,0,0,1,0,0,0,0,0,0,1,0,0,0,0,0,1,0
0,63,99.7,0,6,0,98.9125,1,1,0,1,0,1,0,1,0,1,0,1,1,0,1,0,1,0,0,0,1
0,40,74.8,0,0,0,72.48048780487804,0,0,0,1,0,1,0,0,1,0,0,0,0,0,0,0,1,0,0,0,1
0,35,19.15,0,0,0,17.72222222222222,1,0,0,1,0,0,1,0,0,0,0,0,0,1,0,1,0,0,1,1,0
0,26,78.95,0,0,0,75.3425925925926,1,1,1,1,0,1,0,0,0,0,0,0,1,1,0,0,0,0,0,1,0
1,27,95.55,0,3,1,89.64999999999999,1,1,0,1,1,1,0,0,1,1,0,0,1,0,0,1,0,1,0,1,0
0,53,62.85,0,0,0,63.324074074074076,1,0,1,1,0,0,0,1,1,0,1,0,0,1,0,0,1,0,0,0,1
1,34,71.55,4,0,0,69.35285714285715,1,1,0,1,0,1,0,0,0,0,0,0,0,0,0,0,1,0,0,1,0
1,19,94.95,0,0,0,88.0125,0,1,0,1,1,1,0,0,0,0,0,1,1,0,0,1,0,1,0,1,0
0,43,86.1,0,0,0,80.71931818181818,1,1,0,1,0,1,0,1,1,1,0,0,0,0,0,1,1,0,0,0,1
0,6,19.55,0,0,0,17.557142857142857,1,1,1,1,0,0,1,0,0,0,0,0,0,0,0,0,0,0,1,0,0
0,56,24.8,0,4,0,24.985964912280703,1,0,1,1,1,0,1,0,0,0,0,0,0,0,1,1,0,0,1,0,1
0,57,39.3,0,4,1,36.404310344827586,1,0,0,0,0,0,0,0,1,0,0,1,0,0,0,1,0,1,0,0,1
0,34,84.05,0,0,0,83.14142857142856,1,1,1,1,0,1,0,0,0,1,0,1,0,0,0,1,0,0,1,1,0
0,10,36.25,1,0,0,34.0,0,0,0,0,0,0,0,0,1,0,1,0,0,0,0,0,0,1,0,0,0
0,1,20.25,0,0,1,10.125,0,0,0,1,0,0,1,0,0,0,0,0,0,0,0,1,0,0,1,0,0
0,13,23.9,0,0,1,21.485714285714288,0,0,0,0,0,0,0,0,0,0,0,0,0,0,0,1,0,1,0,1,0
0,56,98.6,0,0,0,97.91315789473684,1,0,0,1,1,1,0,0,1,0,0,1,1,0,0,0,0,1,0,0,1
0,55,103.65,0,0,0,101.36874999999999,0,1,0,1,1,1,0,0,1,1,0,1,1,0,0,1,1,0,0,0,1
0,36,92.9,0,0,0,91.33108108108108,0,1,1,1,1,0,0,1,1,1,1,1,1,0,1,1,1,0,0,1,0
0,47,19.9,0,0,0,19.644791666666666,1,1,0,1,0,0,1,0,0,0,0,0,0,1,0,0,0,0,0,0,1
0,12,20.1,0,0,0,17.876923076923077,0,1,1,1,0,0,1,0,0,0,0,0,0,0,0,1,1,0,0,0,0
0,1,85.45,0,0,1,42.725,0,0,0,1,0,1,0,0,0,1,0,1,0,0,0,1,0,1,0,0,0
1,24,80.5,0,0,0,83.538,1,0,0,1,1,1,0,0,1,0,0,0,0,0,0,1,0,1,0,1,0
0,63,99.9,3,6,1,95.890625,0,0,0,1,1,1,0,0,1,0,0,1,1,1,0,0,0,0,0,0,1
1,35,39.85,4,0,0,39.849999999999994,0,0,0,0,0,0,0,0,0,1,0,1,0,0,0,1,0,1,0,1,0
0,67,60.5,0,0,0,56.911764705882355,0,0,0,1,0,0,0,1,1,0,1,0,0,1,0,0,1,0,0,0,1
0,25,84.8,0,0,1,78.59423076923078,1,0,0,1,1,1,0,0,0,0,0,0,1,0,0,1,0,1,0,1,0
0,21,103.85,0,0,0,100.68181818181819,1,0,0,1,1,1,0,1,0,1,0,1,1,0,0,0,0,0,1,1,0
0,13,67.8,0,0,0,60.160714285714285,0,0,0,1,0,0,0,1,1,0,1,0,1,0,0,0,0,0,0,1,0
0,35,75.2,0,0,1,71.5611111111111,1,1,0,1,1,1,0,0,0,0,0,0,0,0,0,1,0,1,0,1,0
1,71,24.85,0,0,0,26.40277777777778,1,1,0,1,1,0,1,0,0,0,0,0,0,0,1,0,0,0,0,0,1
0,29,19.35,0,0,0,20.053333333333335,0,0,0,1,0,0,1,0,0,0,0,0,0,0,0,0,1,0,0,1,0
0,71,49.35,0,7,1,48.822916666666664,1,1,0,0,0,0,0,0,1,0,0,1,1,0,1,0,0,1,0,0,1
1,7,89.0,3,0,0,75.68125,1,1,0,1,0,1,0,0,0,0,0,1,1,0,0,1,0,1,0,0,0
1,57,55.0,0,0,0,53.345689655172414,0,0,0,0,0,0,0,0,1,1,0,1,1,0,0,1,0,1,0,0,1
0,65,76.15,0,0,0,74.69015151515151,1,1,0,1,1,0,0,1,0,1,1,0,1,0,1,0,0,0,0,0,1
0,27,20.3,0,0,0,21.251785714285713,1,0,0,1,0,0,1,0,0,0,0,0,0,1,0,0,0,0,1,1,0
0,6,74.9,0,0,1,67.11428571428571,1,0,0,1,1,1,0,0,0,0,0,0,0,0,0,1,0,1,0,0,0
1,72,117.35,0,0,0,115.56506849315069,0,0,0,1,1,1,0,1,1,1,1,1,1,0,1,1,1,0,0,0,1
0,1,19.75,0,0,0,9.875,1,0,0,1,0,0,1,0,0,0,0,0,0,0,0,1,0,0,1,0,0
0,11,45.2,0,0,0,41.0,1,0,0,1,0,0,0,0,0,0,0,0,0,0,0,0,1,0,0,0,0
0,39,25.2,0,0,0,24.69875,1,1,1,1,1,0,1,0,0,0,0,0,0,0,1,0,0,0,1,0,1
1,59,89.75,0,0,0,91.615,0,0,0,1,1,1,0,1,1,1,0,0,0,0,0,1,0,1,0,0,1
0,26,75.0,0,0,0,70.67962962962963,1,0,0,1,0,0,0,1,0,0,1,1,1,1,0,0,0,0,0,1,0
1,2,49.95,0,0,0,35.699999999999996,1,0,0,1,0,0,0,0,0,1,0,0,0,0,0,0,0,0,1,0,0
0,72,65.7,3,0,0,62.67602739726028,0,1,1,0,0,0,0,1,1,1,1,1,1,0,1,0,0,0,0,0,1
0,65,67.05,3,1,0,65.29621212121212,1,1,0,1,1,0,0,1,1,1,0,0,0,1,0,0,1,0,0,0,1
0,72,110.9,4,0,0,108.53082191780823,1,1,1,1,1,1,0,0,1,1,1,1,1,0,1,0,1,0,0,0,1
0,6,87.95,0,0,0,74.62142857142858,1,0,0,1,1,1,0,0,0,0,1,0,1,0,0,1,0,0,0,0,0
1,32,19.8,0,0,0,17.809090909090912,1,0,0,1,0,0,1,0,0,0,0,0,0,1,0,0,1,0,0,1,0
0,50,75.7,0,0,0,76.00392156862745,0,1,0,1,1,0,0,0,0,1,0,1,1,1,0,0,0,0,0,0,1
0,61,62.15,2,0,0,60.94919354838709,1,1,0,0,0,0,0,1,0,1,1,1,1,0,1,1,0,0,1,0,1
0,15,101.25,3,0,1,91.078125,0,0,0,1,0,1,0,0,1,1,0,1,1,0,0,1,0,1,0,1,0
0,72,115.15,4,0,0,114.37602739726029,1,1,0,1,1,1,0,1,1,1,1,1,1,0,1,0,0,0,0,0,1
0,9,18.95,0,0,1,18.56,1,0,0,1,0,0,1,0,0,0,0,0,0,0,0,1,0,0,1,0,0
0,1,19.5,0,0,0,9.75,0,0,0,1,0,0,1,0,0,0,0,0,0,0,0,0,0,0,1,0,0
0,12,86.55,0,0,0,82.06923076923077,0,0,0,1,1,1,0,0,0,0,0,0,1,0,0,1,0,1,0,0,0
0,37,28.6,5,0,1,25.61973684210526,0,0,0,0,0,0,0,0,0,0,1,0,0,0,0,0,1,0,0,0,1
0,61,20.4,0,0,0,19.781451612903226,1,1,1,1,0,0,1,0,0,0,0,0,0,1,0,0,0,0,1,0,1
0,18,19.8,4,0,0,18.01578947368421,1,1,1,1,0,0,1,0,0,0,0,0,0,1,0,0,0,0,0,1,0
0,21,45.65,0,0,0,44.775,1,0,1,1,0,0,0,0,0,0,0,0,0,0,0,0,0,0,1,1,0
0,68,56.4,0,0,0,57.223913043478255,1,1,1,0,0,0,0,1,1,1,1,0,1,0,1,1,0,0,1,0,1
1,12,73.3,0,0,0,63.69615384615384,1,0,0,1,1,1,0,0,0,0,0,0,0,0,0,1,1,0,0,0,0
1,2,24.35,0,0,1,13.950000000000001,0,0,0,0,0,0,0,0,0,0,0,0,0,0,0,0,0,1,0,0,0
0,62,101.35,1,0,0,97.85238095238095,0,1,0,1,1,1,0,0,0,1,0,1,1,0,0,1,0,1,0,0,1
1,29,98.65,0,3,1,95.425,0,0,0,1,1,1,0,0,0,0,1,1,1,0,0,0,0,1,0,1,0
0,1,33.6,0,0,0,16.8,1,0,1,0,0,0,0,0,1,0,1,0,0,0,0,0,0,0,1,0,0
1,5,79.9,0,0,1,57.324999999999996,1,1,0,1,1,1,0,0,0,1,0,0,0,0,0,1,0,0,0,0,0
0,1,20.7,0,0,0,10.35,0,0,0,1,0,0,1,0,0,0,0,0,0,0,0,0,0,1,0,0,0
0,62,104.05,0,0,0,104.61111111111111,1,0,1,1,1,1,0,0,0,1,1,1,1,0,1,1,0,1,0,0,1
0,36,20.25,0,0,0,19.404054054054054,0,1,1,1,0,0,1,0,0,0,0,0,0,0,1,0,0,0,0,1,0
1,28,103.3,0,2,1,99.67758620689655,0,0,0,1,1,1,0,0,0,1,1,1,1,0,0,1,0,1,0,1,0
0,69,73.7,0,0,0,69.79785714285715,0,1,1,1,1,0,0,1,1,0,1,1,0,1,0,0,1,0,0,0,1
0,11,96.2,2,1,1,101.83749999999999,0,1,0,1,1,1,0,1,0,0,1,1,0,0,0,1,1,0,0,0,0
0,63,108.75,5,0,0,107.3703125,0,1,0,1,1,1,0,0,1,1,1,1,1,0,0,1,0,1,0,0,1
0,23,20.15,0,0,0,16.900000000000002,1,0,0,1,0,0,1,0,0,0,0,0,0,1,0,0,0,0,0,1,0
0,10,19.75,0,0,0,18.931818181818183,1,0,0,1,0,0,1,0,0,0,0,0,0,0,0,0,1,0,0,0,0
0,71,25.95,0,0,0,25.02638888888889,0,1,0,1,1,0,1,0,0,0,0,0,0,0,1,1,1,0,0,0,1
1,45,70.05,0,0,0,66.575,0,0,0,1,1,0,0,1,0,0,1,0,1,0,0,1,0,1,0,0,1
0,70,24.05,0,0,0,24.8556338028169,0,1,1,1,1,0,1,0,0,0,0,0,0,0,1,0,0,0,1,0,1
0,22,84.75,0,0,0,78.98913043478261,0,0,1,1,1,1,0,0,0,0,0,0,1,0,0,1,0,1,0,1,0
0,52,23.05,2,0,0,23.681132075471698,0,1,1,1,1,0,1,0,0,0,0,0,0,0,1,0,0,0,1,0,1
0,55,104.15,0,3,1,102.55446428571429,1,1,0,1,1,1,0,0,0,1,1,1,1,1,0,1,0,1,0,0,1
0,65,59.95,0,0,0,59.41060606060606,0,0,0,0,0,0,0,1,0,1,1,1,1,0,1,0,1,0,0,0,1
0,72,19.55,0,0,0,20.047260273972604,0,1,1,1,0,0,1,0,0,0,0,0,0,0,1,0,0,0,0,0,1
0,10,19.6,0,0,0,17.222727272727273,1,1,0,1,0,0,1,0,0,0,0,0,0,1,0,0,0,0,0,0,0
0,7,20.05,0,0,0,12.1,0,0,1,1,0,0,1,0,0,0,0,0,0,1,0,0,0,0,1,0,0
1,5,85.55,0,0,0,68.08333333333333,1,0,0,1,0,1,0,0,1,0,0,0,1,0,0,1,0,1,0,0,0
0,24,78.6,0,0,0,73.866,0,1,1,1,1,0,0,1,0,1,0,1,1,0,1,0,1,0,0,1,0
0,72,116.8,0,0,0,115.8458904109589,0,1,1,1,1,1,0,1,1,1,1,1,1,0,1,1,1,0,0,0,1
0,21,43.55,0,1,0,45.97727272727273,1,0,0,0,0,0,0,1,0,0,1,1,0,0,0,1,0,0,1,1,0
0,69,60.8,0,0,0,60.90571428571428,1,1,0,0,0,0,0,0,1,1,1,1,1,1,0,1,1,0,0,0,1
0,44,54.9,4,0,0,56.64666666666666,1,1,1,1,0,0,0,0,1,0,1,0,0,0,0,1,0,0,0,0,1
1,61,65.2,0,0,0,63.95241935483871,0,1,1,1,1,0,0,0,0,1,0,1,0,1,0,1,0,1,0,0,1
1,24,102.95,0,2,1,99.868,1,0,0,1,1,1,0,0,1,1,0,1,1,0,0,1,1,0,0,1,0
0,1,90.6,0,0,1,45.3,0,0,0,1,0,1,0,0,0,0,0,1,1,0,0,0,0,1,0,0,0
0,6,50.8,0,0,1,41.15,0,0,0,1,0,0,0,0,0,0,1,0,0,0,0,1,0,0,0,0,0
0,4,90.05,0,1,1,73.62,1,0,0,1,1,1,0,0,1,0,0,0,1,0,0,1,0,1,0,0,0
0,72,108.2,0,0,0,107.4054794520548,1,1,0,1,1,1,0,0,1,1,1,1,1,0,1,1,0,1,0,0,1
0,72,92.0,3,0,0,90.85958904109589,1,0,0,1,1,0,0,1,1,1,1,1,1,0,1,0,0,0,0,0,1
1,14,75.1,0,0,0,67.55666666666667,1,1,0,1,1,1,0,0,0,0,0,0,0,0,0,1,0,1,0,1,0
0,7,25.05,0,0,0,19.11875,1,0,0,1,1,0,1,0,0,0,0,0,0,0,0,1,0,0,0,0,0
0,48,75.15,0,0,0,76.99285714285715,0,0,0,1,0,1,0,0,1,0,0,0,0,1,0,0,0,1,0,0,1
0,55,19.5,0,0,0,18.32767857142857,1,1,1,1,0,0,1,0,0,0,0,0,0,1,0,0,0,0,1,0,1
0,1,19.3,0,0,0,9.65,1,0,0,1,0,0,1,0,0,0,0,0,0,0,0,0,1,0,0,0,0
0,45,112.2,4,0,0,109.38804347826088,1,0,0,1,0,1,0,1,1,1,1,1,1,1,0,0,1,0,0,0,1
0,3,70.3,0,0,0,55.1,1,0,0,1,0,1,0,0,0,0,0,0,0,0,0,1,0,0,1,0,0
0,71,19.6,0,0,0,19.67361111111111,0,1,0,1,0,0,1,0,0,0,0,0,0,0,1,0,0,0,1,0,1
0,8,20.25,0,0,0,17.594444444444445,1,1,0,1,0,0,1,0,0,0,0,0,0,0,0,0,0,0,1,0,0
0,3,75.85,0,0,1,64.15,0,1,0,1,1,1,0,0,0,0,0,0,0,0,0,1,0,1,0,0,0
0,69,80.65,0,0,0,79.17928571428571,1,1,1,1,0,0,0,1,1,0,1,1,1,0,1,0,0,0,0,0,1
0,1,68.5,0,0,1,34.25,1,1,1,1,0,1,0,0,0,0,0,0,0,0,0,1,0,1,0,0,0
1,72,115.75,0,0,0,115.66712328767125,0,1,0,1,1,1,0,1,1,1,1,1,1,0,1,1,1,0,0,0,1
0,11,73.5,3,0,1,65.97916666666667,1,0,0,1,0,1,0,1,0,0,0,0,0,0,0,1,0,1,0,0,0
0,71,80.6,0,0,0,79.28055555555555,1,0,0,1,1,0,0,1,1,1,1,0,1,0,1,0,0,0,0,0,1
0,1,69.95,0,0,1,34.975,0,0,0,1,0,1,0,0,0,0,0,0,0,0,0,1,0,0,1,0,0
0,33,59.55,0,0,0,59.30294117647059,0,1,0,0,0,0,0,1,0,1,1,1,1,0,1,0,0,0,0,1,0
0,16,19.05,0,0,0,19.21470588235294,0,0,0,1,0,0,1,0,0,0,0,0,0,1,0,0,0,0,1,1,0
1,56,95.65,3,0,0,95.99561403508773,0,1,0,1,1,1,0,1,1,1,1,0,0,1,0,0,0,1,0,0,1
0,1,19.95,0,0,0,9.975,0,0,0,1,0,0,1,0,0,0,0,0,0,0,0,0,1,0,0,0,0
0,5,70.05,3,0,1,57.73333333333333,1,0,0,1,0,0,0,0,0,1,0,1,1,0,0,1,0,1,0,0,0
0,57,19.4,0,5,0,18.303448275862067,1,1,1,1,0,0,1,0,0,0,0,0,0,1,0,0,0,0,1,0,1
0,56,36.1,0,0,0,34.58771929824562,1,1,1,0,0,0,0,0,1,1,0,0,0,1,0,1,1,0,0,0,1
0,8,94.0,0,1,1,85.96111111111111,1,0,0,1,1,1,0,0,1,1,0,1,0,0,0,1,0,1,0,0,0
0,22,61.15,0,3,1,61.82826086956521,0,1,1,1,0,0,0,1,1,1,0,0,0,0,0,0,0,0,1,1,0
0,1,19.75,0,0,0,9.875,0,0,0,1,0,0,1,0,0,0,0,0,0,0,0,0,0,0,1,0,0
0,40,64.1,4,0,0,60.00853658536585,0,0,1,1,0,0,0,1,0,0,1,1,0,0,0,1,1,0,0,0,1
0,46,19.75,0,0,0,18.22340425531915,1,1,1,1,0,0,1,0,0,0,0,0,0,0,1,0,1,0,0,0,1
0,63,19.7,0,0,0,19.93515625,1,1,1,1,0,0,1,0,0,0,0,0,0,0,1,0,0,0,1,0,1
0,68,110.2,0,0,0,108.22463768115942,1,1,1,1,1,1,0,1,1,1,0,1,1,0,1,1,0,1,0,0,1
0,69,106.35,0,0,0,103.73928571428571,1,1,1,1,0,1,0,1,1,0,1,1,1,0,1,1,1,0,0,0,1
0,56,90.55,0,0,0,89.76491228070176,0,1,0,1,1,1,0,0,1,1,1,0,0,0,0,0,0,1,0,0,1
0,10,65.9,1,0,0,60.00454545454545,0,1,1,1,0,0,0,0,1,1,0,0,1,1,0,1,0,0,1,0,0
0,63,104.5,0,0,0,102.98125,1,0,0,1,1,1,0,1,1,1,1,1,0,1,0,0,1,0,0,0,1
0,24,52.5,0,0,0,48.326,0,1,1,0,0,0,0,1,1,1,1,0,1,0,1,1,0,0,1,1,0
0,19,56.1,0,0,0,51.69500000000001,0,0,0,1,1,0,0,0,0,1,0,0,0,0,0,1,0,0,1,1,0
0,22,88.75,0,0,0,81.96304347826087,1,1,1,1,1,1,0,0,0,1,0,1,0,0,0,1,0,1,0,1,0
0,29,84.45,0,2,1,82.23666666666666,1,1,0,1,1,1,0,1,1,0,0,0,0,0,0,1,0,1,0,1,0
0,13,75.3,0,1,1,70.675,1,1,0,1,1,0,0,0,0,1,0,1,1,1,0,1,0,0,1,1,0
0,70,26.0,2,0,0,28.266901408450703,0,1,0,1,1,0,1,0,0,0,0,0,0,0,1,1,0,0,0,0,1
0,49,99.4,0,0,0,100.5,0,1,0,1,0,1,0,0,1,1,0,1,1,0,0,0,0,1,0,0,1
1,43,109.55,1,3,1,109.7784090909091,0,1,0,1,1,1,0,1,0,1,1,1,1,1,0,1,0,0,1,0,1
0,3,19.6,0,0,1,14.9375,0,0,0,1,0,0,1,0,0,0,0,0,0,0,0,1,0,0,1,0,0
0,42,73.15,0,0,0,71.81976744186046,1,1,1,1,0,0,0,0,0,1,1,1,1,1,0,0,0,1,0,0,1
0,57,54.65,0,0,0,54.04655172413793,1,0,0,1,0,0,0,0,1,0,1,0,0,1,0,1,0,0,1,0,1
1,2,66.4,0,0,1,31.516666666666666,1,0,0,1,0,0,0,1,0,1,0,1,0,0,0,0,0,0,0,0,0
0,72,115.55,0,0,0,113.86849315068493,0,1,0,1,1,1,0,1,1,1,1,1,1,0,1,1,1,0,0,0,1
1,46,104.45,0,0,0,103.48617021276597,0,0,0,1,1,1,0,0,1,1,0,1,1,0,0,1,0,1,0,0,1
1,66,100.05,0,5,1,102.56567164179104,1,1,0,1,1,1,0,0,0,0,1,1,1,0,0,1,1,0,0,0,1
0,62,102.0,0,4,1,103.63888888888889,1,0,0,1,1,1,0,1,1,0,1,0,1,1,0,0,0,1,0,0,1
0,72,91.15,0,0,0,90.93013698630136,0,1,0,1,1,0,0,1,1,1,1,1,1,0,1,1,0,0,0,0,1
0,35,89.7,0,0,0,87.93333333333334,1,1,1,1,0,1,0,0,1,0,1,1,0,1,0,1,0,1,0,1,0
0,17,90.2,0,0,1,80.78611111111111,1,1,0,1,1,1,0,1,1,1,0,0,0,0,0,0,1,0,0,1,0
0,72,92.4,0,0,0,92.96027397260275,0,1,0,1,1,0,0,1,1,1,1,1,1,0,1,1,0,1,0,0,1
0,28,19.9,0,0,0,18.724137931034484,0,1,1,1,0,0,1,0,0,0,0,0,0,1,0,0,0,0,1,1,0
0,56,25.15,0,0,1,23.283333333333335,1,1,0,1,1,0,1,0,0,0,0,0,0,0,1,1,1,0,0,0,1
0,31,79.85,0,0,1,75.1296875,0,0,0,1,1,1,0,0,0,0,1,0,0,0,0,1,1,0,0,1,0
0,45,18.85,0,0,0,18.854347826086954,1,0,0,1,0,0,1,0,0,0,0,0,0,1,0,0,0,0,0,0,1
0,1,25.75,0,0,0,12.875,0,0,0,1,1,0,1,0,0,0,0,0,0,0,0,1,0,0,1,0,0
0,2,49.6,3,0,1,38.233333333333334,0,0,0,1,0,0,0,0,1,0,0,0,0,0,0,1,0,0,1,0,0
0,6,20.95,0,0,0,15.642857142857142,0,0,0,1,0,0,1,0,0,0,0,0,0,0,0,1,0,0,1,0,0
0,48,97.05,0,0,0,95.77448979591837,0,1,0,1,0,1,0,0,1,1,0,1,1,1,0,1,0,1,0,0,1
0,25,25.4,0,0,0,21.032692307692308,1,1,1,1,1,0,1,0,0,0,0,0,0,0,0,1,0,0,0,1,0
0,64,19.7,3,0,0,19.60076923076923,1,1,1,1,0,0,1,0,0,0,0,0,0,0,1,1,0,0,0,0,1
0,50,35.0,0,0,0,34.94901960784314,1,0,0,0,0,0,0,1,1,0,0,0,0,0,0,1,0,0,1,0,1
0,52,101.25,0,0,0,100.02075471698114,0,1,1,1,1,1,0,0,0,1,0,1,1,1,0,0,0,0,0,0,1
1,4,70.2,0,0,0,56.07000000000001,1,1,0,1,0,1,0,0,0,0,0,0,0,0,0,1,0,1,0,0,0
1,32,90.95,0,0,0,87.81666666666666,0,0,0,1,0,1,0,0,0,0,0,1,1,0,0,0,0,1,0,1,0
0,45,73.85,2,0,0,73.28260869565217,1,1,1,1,1,0,0,1,1,0,1,1,0,0,1,0,1,0,0,0,1
0,9,88.05,0,0,0,80.13,1,1,0,1,1,1,0,1,0,0,0,0,1,0,0,1,0,1,0,0,0
1,66,105.95,0,6,1,104.10820895522389,0,1,0,1,1,1,0,0,0,1,1,1,1,1,0,1,1,0,0,0,1
0,3,91.85,2,0,1,64.2625,1,0,1,1,1,1,0,0,0,1,0,0,1,0,0,0,0,1,0,0,0
0,54,20.1,0,0,0,19.62636363636364,0,0,0,1,0,0,1,0,0,0,0,0,0,0,1,0,0,0,1,0,1
0,1,40.1,0,0,1,20.05,0,1,1,0,0,0,0,0,0,0,1,1,0,0,0,0,0,1,0,0,0
0,64,110.3,0,0,0,107.65076923076923,0,1,1,1,1,1,0,1,1,0,1,1,1,0,1,0,0,0,0,0,1
1,31,73.9,0,0,1,69.2859375,0,0,0,1,1,1,0,0,0,0,0,0,0,0,0,1,0,1,0,1,0
0,14,89.8,0,2,1,75.27333333333333,0,0,0,1,0,1,0,0,0,0,0,1,1,0,0,1,0,0,1,1,0
0,12,85.15,3,0,0,75.31153846153846,0,0,0,1,0,1,0,1,0,0,0,1,0,1,0,1,1,0,0,0,0
1,67,60.95,0,0,0,60.579411764705874,1,1,0,1,0,0,0,1,1,0,1,0,0,1,0,1,0,0,0,0,1
0,35,72.25,0,3,1,71.34861111111111,0,1,1,1,1,0,0,1,0,1,1,1,0,0,0,0,0,1,0,1,0
0,45,73.55,0,0,0,72.80652173913043,0,0,0,1,1,0,0,1,0,0,1,0,1,0,1,0,0,0,1,0,1
0,10,46.0,1,0,0,44.73636363636364,1,0,0,1,0,0,0,0,0,0,0,0,0,0,0,0,0,0,1,0,0
1,29,58.55,0,0,0,57.29833333333333,0,0,0,1,1,0,0,1,1,0,0,0,0,0,0,1,0,0,0,1,0
0,24,24.6,0,0,0,24.21,0,0,0,1,1,0,1,0,0,0,0,0,0,1,0,0,0,0,0,1,0
0,66,19.75,0,0,0,20.067164179104477,1,1,1,1,0,0,1,0,0,0,0,0,0,0,1,1,0,0,1,0,1
0,51,86.35,0,0,0,82.06057692307692,1,0,0,1,0,1,0,1,0,0,0,1,0,1,0,0,0,0,1,0,1
0,45,25.5,0,0,0,24.370652173913044,0,1,0,1,1,0,1,0,0,0,0,0,0,0,1,0,0,0,1,0,1
0,49,19.0,0,1,0,18.374000000000002,0,1,0,1,0,0,1,0,0,0,0,0,0,1,0,0,1,0,0,0,1
0,29,19.55,0,0,0,17.39333333333333,0,1,0,1,0,0,1,0,0,0,0,0,0,0,1,1,0,0,1,1,0
0,40,110.1,0,0,0,109.00243902439026,1,1,1,1,1,1,0,1,1,0,1,1,1,0,0,1,1,0,0,0,1
1,37,96.55,0,3,1,94.21842105263158,0,0,0,1,1,1,0,0,0,0,0,1,1,0,0,1,0,1,0,0,1
0,25,69.75,1,0,0,66.51346153846154,1,0,0,1,0,1,0,0,0,0,0,0,0,0,0,0,0,1,0,1,0
0,22,50.6,0,0,0,46.665217391304346,0,0,0,0,0,0,0,0,0,1,0,1,1,0,0,1,0,1,0,1,0
0,72,65.6,0,0,0,62.554794520547944,1,0,0,0,0,0,0,1,1,1,1,1,1,0,1,1,0,0,0,0,1
0,7,40.1,0,1,1,36.6625,0,0,0,0,0,0,0,0,1,0,0,0,1,0,0,1,1,0,0,0,0
0,33,82.1,0,0,0,76.56176470588235,1,1,1,1,0,0,0,0,1,1,1,1,1,0,1,0,1,0,0,1,0
0,23,79.1,0,1,0,74.32291666666667,0,0,0,1,0,1,0,0,1,0,1,0,0,0,0,1,0,0,1,1,0
1,24,101.25,0,2,1,97.60600000000001,1,0,0,1,1,1,0,0,1,0,0,1,1,0,0,1,0,1,0,1,0
0,1,79.55,0,0,1,39.775,0,0,0,1,0,1,0,0,0,0,0,1,0,0,0,0,0,1,0,0,0
0,69,90.65,0,0,0,90.3157142857143,1,0,0,1,1,0,0,1,1,1,1,1,1,0,1,0,0,0,1,0,1
0,3,20.55,2,0,0,14.35,0,0,1,1,0,0,1,0,0,0,0,0,0,1,0,1,1,0,0,0,0
0,56,75.75,4,0,0,75.16929824561403,1,0,0,1,0,0,0,0,1,0,1,1,1,1,0,1,0,0,0,0,1
0,65,110.0,0,0,0,108.16136363636363,1,0,0,1,1,1,0,1,0,1,1,1,1,1,0,1,1,0,0,0,1
0,71,20.85,0,0,0,21.385416666666668,1,1,0,1,0,0,1,0,0,0,0,0,0,1,0,0,0,1,0,0,1
1,14,80.35,0,0,0,70.53999999999999,0,0,0,1,1,1,0,0,0,1,0,0,0,0,0,1,0,0,0,1,0
0,2,70.15,0,0,0,41.266666666666666,0,0,0,1,0,1,0,0,0,0,0,0,0,0,0,1,0,1,0,0,0
0,32,84.05,0,0,1,84.29848484848485,0,0,0,1,1,1,0,0,0,0,0,1,0,1,0,0,0,1,0,1,0
0,40,67.45,0,0,0,66.60975609756098,1,0,0,1,0,0,0,1,0,1,0,0,1,0,0,0,0,1,0,0,1
0,1,20.75,0,0,0,10.375,1,0,0,1,0,0,1,0,0,0,0,0,0,0,0,0,1,0,0,0,0
0,1,89.1,0,0,1,44.55,1,0,0,1,0,1,0,0,0,0,0,1,1,0,0,1,0,1,0,0,0
0,7,69.9,0,0,0,62.1625,0,0,0,1,0,1,0,0,0,0,0,0,0,0,0,1,0,0,1,0,0
0,15,51.1,0,0,0,44.446875,0,1,0,1,1,0,0,0,0,0,0,0,0,0,0,1,0,1,0,1,0
0,17,94.4,2,1,1,89.28888888888889,0,1,1,1,1,1,0,1,0,1,0,1,0,0,0,0,0,1,0,1,0
0,19,78.25,0,1,1,74.5475,1,0,0,1,0,1,0,0,1,1,0,0,0,0,0,1,0,1,0,1,0
0,71,25.55,0,0,0,26.362499999999997,1,0,0,1,1,0,1,0,0,0,0,0,0,0,1,0,0,0,0,0,1
0,54,60.0,4,0,0,59.526363636363634,0,1,1,1,1,0,0,1,0,0,1,0,0,0,1,0,0,0,0,0,1
0,31,90.55,0,0,0,91.5546875,1,1,0,1,1,1,0,1,1,0,1,0,0,0,0,1,1,0,0,1,0
0,11,76.4,0,0,0,69.89166666666667,0,0,0,1,0,1,0,1,0,0,0,0,0,0,0,0,0,1,0,0,0
1,18,84.95,1,0,0,75.98157894736842,0,0,0,1,0,1,0,0,0,1,0,0,1,0,0,1,0,1,0,1,0
1,72,110.1,0,0,0,106.11917808219178,0,0,0,1,1,1,0,1,1,0,1,1,1,0,1,1,0,0,0,0,1
1,71,99.65,0,6,0,96.54374999999999,0,0,0,1,1,1,0,0,1,0,0,1,1,0,0,1,1,0,0,0,1
1,5,45.4,0,0,0,35.791666666666664,1,0,0,0,0,0,0,0,0,1,1,1,0,0,0,0,1,0,0,0,0
0,38,69.0,4,0,0,68.4474358974359,1,1,0,1,1,0,0,0,0,1,1,0,1,1,0,0,1,0,0,0,1
0,5,48.65,0,0,0,39.199999999999996,1,0,1,1,0,0,0,0,0,0,1,0,0,0,0,1,0,0,0,0,0
1,2,44.15,0,0,1,30.883333333333336,1,0,0,1,0,0,0,0,0,0,0,0,0,0,0,1,0,1,0,0,0
1,52,59.85,0,0,0,58.551886792452834,0,0,0,1,1,0,0,1,0,1,0,0,0,0,1,0,0,0,0,0,1
1,8,75.75,0,0,1,67.36111111111111,0,0,0,1,1,1,0,0,0,0,0,0,0,0,0,1,0,1,0,0,0
0,68,80.65,0,0,0,77.24927536231884,0,0,0,1,1,0,0,0,1,1,0,1,1,0,1,1,0,1,0,0,1
0,69,20.55,0,0,0,20.044285714285714,1,1,1,1,0,0,1,0,0,0,0,0,0,1,0,1,1,0,0,0,1
0,42,66.4,0,0,0,63.437209302325584,0,1,0,1,1,0,0,1,1,0,1,0,0,0,0,1,1,0,0,0,1
0,50,100.2,0,0,0,98.79313725490196,0,0,0,1,0,1,0,0,1,0,1,1,1,0,1,1,0,0,1,0,1
0,1,19.1,0,0,1,9.55,0,0,0,1,0,0,1,0,0,0,0,0,0,0,0,1,0,0,1,0,0
1,1,80.3,0,0,1,40.15,1,1,0,1,1,1,0,1,0,0,0,0,0,0,0,1,0,1,0,0,0
0,33,44.55,0,0,0,43.01764705882353,1,1,0,1,0,0,0,0,0,0,0,0,0,0,0,1,1,0,0,1,0
0,7,20.35,0,0,0,18.825,0,0,0,1,0,0,1,0,0,0,0,0,0,0,0,0,0,0,1,0,0
0,64,91.8,0,0,0,91.7,1,1,1,1,1,1,0,1,1,1,0,0,0,0,0,1,0,1,0,0,1
0,1,74.9,4,0,1,37.45,0,0,0,1,0,1,0,0,0,1,0,0,0,0,0,1,0,1,0,0,0
0,59,20.2,0,0,0,19.871666666666666,1,0,0,1,0,0,1,0,0,0,0,0,0,0,1,1,0,0,0,0,1
0,6,50.35,0,0,0,44.93571428571429,0,1,0,1,1,0,0,0,0,0,0,0,0,0,0,0,0,1,0,0,0
0,3,18.8,0,0,0,14.0,0,0,0,1,0,0,1,0,0,0,0,0,0,0,0,0,0,0,1,0,0
0,15,20.45,1,0,0,20.675,0,1,0,1,0,0,1,0,0,0,0,0,0,0,0,0,1,0,0,1,0
0,13,64.75,0,0,0,62.667857142857144,1,1,1,1,0,0,0,0,0,0,0,1,1,1,0,1,0,1,0,1,0
0,23,98.7,0,0,0,93.71249999999999,0,0,0,1,1,1,0,0,1,0,0,1,1,0,0,1,1,0,0,1,0
1,31,89.45,0,0,0,87.7390625,1,1,0,1,1,1,0,1,0,0,0,1,0,0,0,0,0,1,0,1,0
0,29,58.75,0,0,0,56.54,1,0,0,1,0,0,0,1,1,0,1,0,0,1,0,1,0,1,0,1,0
0,49,20.7,0,0,0,20.641,0,1,0,1,0,0,1,0,0,0,0,0,0,1,0,0,1,0,0,0,1
0,56,85.6,2,0,0,86.01403508771931,0,1,0,1,1,1,0,0,0,0,0,1,0,0,0,1,0,0,0,0,1
0,63,80.3,2,0,0,78.05234375,0,0,0,1,1,0,0,1,1,1,1,0,1,0,1,1,1,0,0,0,1
0,63,79.8,0,0,0,78.65703125,1,1,0,1,1,0,0,0,0,1,1,1,1,0,1,0,1,0,0,0,1
1,24,79.85,5,2,0,74.31,1,1,1,1,1,1,0,1,0,0,0,0,0,0,0,1,0,1,0,1,0
1,36,54.1,0,0,0,53.86081081081081,1,1,0,1,0,0,0,0,0,1,1,0,0,1,0,0,1,0,0,1,0
1,9,80.85,1,0,1,75.16499999999999,0,0,0,1,0,1,0,0,0,0,0,1,0,0,0,1,0,1,0,0,0
0,3,24.75,0,0,1,16.7375,1,0,0,0,0,0,0,0,0,0,0,0,0,0,0,0,0,1,0,0,0
0,21,80.9,0,0,0,77.95227272727273,0,1,0,1,0,0,0,1,0,1,1,1,1,1,0,0,0,0,1,1,0
0,13,24.5,0,0,0,24.542857142857144,1,1,1,1,1,0,1,0,0,0,0,0,0,1,0,0,0,0,0,1,0
0,1,20.15,0,0,0,10.075,1,1,1,1,0,0,1,0,0,0,0,0,0,0,0,1,0,0,0,0,0
0,25,20.05,2,1,0,20.003846153846155,0,1,1,1,0,0,1,0,0,0,0,0,0,1,0,0,0,0,1,1,0
0,71,19.6,3,0,0,19.27013888888889,1,1,1,1,0,0,1,0,0,0,0,0,0,0,1,1,0,0,0,0,1
0,66,114.3,0,0,0,110.20447761194029,1,0,0,1,1,1,0,1,1,1,1,1,1,1,0,1,0,0,0,0,1
0,45,100.3,5,0,0,97.47717391304347,0,0,0,1,0,1,0,1,1,0,0,1,1,1,0,1,0,1,0,0,1
0,22,80.0,0,0,0,74.19347826086957,0,1,0,1,0,1,0,0,0,0,0,1,0,0,0,1,1,0,0,1,0
0,67,20.85,0,0,0,19.52058823529412,0,1,0,1,0,0,1,0,0,0,0,0,0,1,0,1,0,0,0,0,1
0,68,89.95,4,0,0,86.5840579710145,0,1,0,1,1,1,0,0,0,1,0,1,0,0,1,1,0,0,0,0,1
0,0,20.0,5,0,0,1401.4,0,1,1,1,0,0,1,0,0,0,0,0,0,0,1,0,0,0,1,0,0
1,49,90.85,0,3,1,90.31700000000001,0,0,0,1,1,1,0,0,0,1,0,0,1,0,0,1,1,0,0,0,1
1,4,48.75,0,0,0,35.97,0,0,0,1,1,0,0,0,0,0,0,0,0,0,0,0,0,0,1,0,0
0,63,80.0,0,0,0,78.753125,1,1,0,1,1,0,0,1,1,1,1,0,1,1,0,0,1,0,0,0,1
0,2,79.7,0,0,1,55.0,0,1,0,1,0,1,0,0,1,1,0,0,0,0,0,0,0,0,0,0,0
0,21,20.35,0,0,0,19.213636363636365,1,0,0,1,0,0,1,0,0,0,0,0,0,1,0,1,0,0,1,1,0
0,55,57.55,0,5,1,54.4,1,1,1,1,0,0,0,1,1,0,1,0,0,0,1,0,0,0,0,0,1
0,1,20.25,0,0,0,10.125,1,0,1,1,0,0,1,0,0,0,0,0,0,0,0,1,0,0,1,0,0
0,17,19.4,0,0,0,19.891666666666666,0,0,0,1,0,0,1,0,0,0,0,0,0,0,1,0,0,0,1,1,0
0,30,100.4,0,0,0,94.71774193548387,1,0,0,1,1,1,0,1,0,0,0,1,1,0,0,1,0,0,0,1,0
0,22,57.95,0,0,0,55.29565217391304,1,1,1,1,0,0,0,1,1,0,1,0,0,0,0,1,0,0,1,1,0
0,9,59.5,0,0,0,53.004999999999995,0,0,0,1,0,0,0,0,0,0,1,1,0,0,0,1,0,0,0,0,0
0,1,19.2,5,0,0,9.6,1,1,1,1,0,0,1,0,0,0,0,0,0,0,0,0,0,0,1,0,0
0,21,86.5,0,0,1,82.21363636363637,0,1,0,1,1,1,0,0,0,0,0,0,1,0,0,1,0,1,0,1,0
0,19,59.55,0,1,0,57.23,1,0,0,1,1,0,0,0,0,1,1,0,0,0,0,0,0,1,0,1,0
0,69,103.95,0,4,1,106.38428571428571,0,1,1,1,1,1,0,0,1,1,0,1,1,0,0,1,0,1,0,0,1
1,1,25.1,0,0,1,12.55,1,0,0,0,0,0,0,0,0,0,0,0,0,0,0,1,0,1,0,0,0
0,72,103.95,0,1,0,103.51917808219177,0,1,0,1,1,1,0,1,1,1,1,1,0,0,1,1,0,0,0,0,1
0,70,68.95,0,0,0,68.43239436619719,1,1,1,1,1,0,0,1,0,1,0,1,0,0,1,0,1,0,0,0,1
0,66,103.1,3,0,0,98.43283582089552,0,0,0,1,1,1,0,1,1,1,1,0,1,0,0,1,0,0,0,0,1
0,7,24.7,0,0,0,18.63125,0,1,1,0,0,0,0,0,0,0,0,0,0,0,0,1,0,1,0,0,0
1,46,110.2,0,0,0,105.78936170212766,0,1,1,1,1,1,0,1,1,0,1,1,1,0,0,1,0,1,0,0,1
0,39,48.95,0,3,1,47.021249999999995,1,0,0,0,0,0,0,1,1,0,1,1,0,0,0,1,1,0,0,0,1
0,32,62.45,0,0,0,61.986363636363635,0,1,1,1,1,0,0,0,1,1,0,0,0,0,0,0,0,0,0,1,0
0,24,89.55,0,0,0,87.486,1,0,0,1,0,1,0,0,1,1,0,0,1,0,0,1,0,1,0,1,0
0,6,83.55,0,0,1,68.22142857142858,1,1,1,1,0,1,0,0,1,0,0,0,1,0,0,1,1,0,0,0,0
0,37,78.9,0,0,0,78.34078947368421,0,0,0,1,1,0,0,1,1,1,1,1,0,0,0,1,1,0,0,0,1
0,8,20.35,0,0,0,19.855555555555554,1,0,1,1,0,0,1,0,0,0,0,0,0,0,0,0,0,0,1,0,0
0,72,71.45,0,0,0,68.84726027397261,0,1,1,1,1,0,0,1,0,1,0,1,0,0,1,1,0,0,0,0,1
1,71,46.35,0,0,0,46.575,1,1,0,0,0,0,0,1,1,1,1,0,0,0,1,0,1,0,0,0,1
0,16,94.65,0,0,0,85.95,0,1,0,1,0,1,0,0,1,0,0,1,1,0,0,1,0,0,0,1,0
0,57,49.9,3,0,0,47.97241379310345,0,1,0,0,0,0,0,1,0,1,1,0,1,0,0,1,0,0,0,0,1
0,66,25.45,0,0,0,25.36044776119403,1,0,0,1,1,0,1,0,0,0,0,0,0,1,0,0,0,0,0,0,1
1,17,89.15,5,1,1,83.16111111111111,0,0,0,1,0,1,0,0,1,1,0,1,0,0,0,1,0,1,0,1,0
0,21,20.75,0,0,0,20.554545454545455,0,0,1,1,0,0,1,0,0,0,0,0,0,0,0,0,0,0,1,1,0
0,66,66.1,2,0,0,66.09626865671642,1,1,0,1,1,0,0,1,1,1,0,0,0,0,1,1,1,0,0,0,1
0,17,75.4,3,0,0,73.475,0,1,0,1,1,0,0,0,1,0,0,1,1,0,0,1,0,0,0,1,0
0,1,70.45,5,0,1,35.225,1,0,1,1,0,1,0,0,0,0,0,0,0,0,0,1,0,0,1,0,0
0,58,60.3,0,5,1,60.40338983050848,1,1,0,1,0,0,0,1,1,1,0,0,0,1,0,0,1,0,0,0,1
0,8,21.05,0,0,0,15.527777777777779,0,1,1,1,0,0,1,0,0,0,0,0,0,0,0,0,1,0,0,0,0
0,27,69.35,0,0,0,68.83214285714286,1,0,0,1,0,0,0,1,0,1,1,1,0,1,0,0,1,0,0,1,0
0,34,88.85,2,0,0,85.72142857142858,1,1,0,1,1,1,0,0,1,0,0,0,1,0,0,0,0,0,1,1,0
0,30,97.0,0,0,0,97.46129032258065,1,0,0,1,0,1,0,0,1,0,0,1,1,1,0,1,0,0,0,1,0
0,33,66.4,0,0,0,66.04117647058824,1,0,0,1,0,0,0,0,1,1,0,1,0,0,0,1,1,0,0,1,0
0,1,24.75,2,0,1,12.375,1,0,1,0,0,0,0,0,0,0,0,0,0,0,0,0,0,1,0,0,0
0,14,69.2,1,0,0,62.97666666666667,1,1,1,1,1,0,0,1,1,0,0,0,1,0,0,0,0,0,1,1,0
0,16,79.5,0,0,0,74.36470588235295,0,0,1,1,1,1,0,0,0,0,1,0,0,1,0,1,1,0,0,1,0
0,49,100.65,0,0,0,98.355,0,0,0,1,0,1,0,0,0,1,1,1,1,0,1,0,1,0,0,0,1
0,19,103.3,0,0,1,100.635,1,1,1,1,1,1,0,0,0,1,1,1,1,0,0,0,0,1,0,1,0
0,70,79.7,0,0,0,80.89154929577465,0,1,1,1,1,0,0,1,1,1,1,1,0,0,1,0,0,0,0,0,1
0,32,61.4,0,0,0,56.50454545454546,0,1,1,1,0,0,0,1,1,0,1,0,0,0,0,0,0,0,0,1,0
0,18,69.8,0,0,0,64.29736842105264,0,0,0,1,0,1,0,0,0,0,0,0,0,0,0,1,0,1,0,1,0
0,37,40.55,0,0,0,36.60131578947368,1,0,0,0,0,0,0,1,1,0,1,0,0,0,1,1,0,0,1,0,1
0,4,75.65,0,0,0,60.470000000000006,0,0,0,1,1,1,0,0,0,0,0,0,0,0,0,1,0,1,0,0,0
0,16,90.7,4,0,0,80.87647058823529,0,1,0,1,1,1,0,1,1,1,0,0,0,0,0,0,0,1,0,1,0
0,17,80.5,0,0,0,74.27222222222223,1,1,0,1,1,1,0,0,1,0,0,0,0,0,0,1,0,0,0,1,0
0,19,60.6,0,0,0,64.89,0,0,1,1,0,0,0,1,1,1,0,0,0,0,0,1,0,1,0,1,0
0,60,101.15,0,0,0,99.4655737704918,1,1,0,1,1,1,0,0,0,1,0,1,1,0,1,0,1,0,0,0,1
0,51,24.95,0,0,0,23.504807692307693,1,1,1,1,1,0,1,0,0,0,0,0,0,0,1,1,0,0,1,0,1
0,28,20.3,0,2,0,16.825862068965517,1,1,1,1,0,0,1,0,0,0,0,0,0,0,1,1,1,0,0,1,0
0,43,60.0,0,0,0,57.92159090909092,1,0,0,1,0,0,0,0,1,0,0,0,1,0,1,1,0,1,0,0,1
0,42,20.25,0,2,0,19.430232558139537,1,1,0,1,0,0,1,0,0,0,0,0,0,0,1,0,0,1,0,0,1
0,3,78.5,0,0,1,60.5125,1,0,0,1,0,1,0,0,0,0,0,1,0,0,0,1,0,1,0,0,0
0,1,44.75,0,0,0,22.375,0,0,0,1,0,0,0,0,0,0,0,0,0,0,0,0,0,0,1,0,0
0,3,19.85,1,0,1,15.9375,0,0,0,1,0,0,1,0,0,0,0,0,0,0,0,0,0,0,1,0,0
0,63,98.0,0,0,0,97.16328125,0,0,0,1,1,1,0,1,1,1,0,1,0,0,1,0,1,0,0,0,1
1,3,79.9,0,0,1,65.225,1,0,0,1,0,1,0,0,0,0,0,1,0,0,0,1,0,1,0,0,0
0,68,107.7,0,0,0,106.1,1,1,0,1,1,1,0,1,1,0,1,1,1,0,0,1,0,1,0,0,1
1,30,99.7,0,3,1,95.72096774193548,0,0,0,1,1,1,0,0,1,0,0,1,1,0,0,1,0,1,0,1,0
0,60,104.7,5,0,0,103.83278688524591,0,0,0,1,1,1,0,0,1,1,0,1,1,0,1,0,0,1,0,0,1
0,15,58.6,0,0,1,58.73125,1,0,0,1,1,0,0,0,1,0,1,0,0,0,0,1,1,0,0,1,0
1,45,93.9,0,0,0,91.30978260869566,1,0,0,1,1,1,0,0,0,0,0,1,1,0,0,1,0,0,0,0,1
0,70,86.45,0,0,0,83.8056338028169,0,1,0,1,0,0,0,1,1,1,1,1,1,0,1,0,1,0,0,0,1
0,10,98.5,0,3,1,94.3409090909091,1,1,0,1,1,1,0,0,0,1,0,1,1,0,0,1,0,1,0,0,0
0,4,19.4,0,0,0,18.68,1,0,0,1,0,0,1,0,0,0,0,0,0,0,0,0,0,0,1,0,0
0,1,50.45,0,0,1,25.225,0,0,0,1,0,0,0,0,0,1,0,0,0,0,0,1,0,0,1,0,0
0,68,24.95,0,0,0,23.40434782608696,0,1,0,1,1,0,1,0,0,0,0,0,0,0,1,1,1,0,0,0,1
0,22,75.0,0,0,0,68.43260869565218,1,1,1,1,0,1,0,1,0,0,0,0,0,0,0,0,0,0,0,1,0
0,38,94.65,0,2,1,92.93076923076923,1,1,1,1,1,1,0,0,1,1,0,1,0,0,0,1,0,1,0,0,1
0,1,100.25,0,0,1,50.125,0,0,0,1,1,1,0,0,1,0,0,1,1,0,0,1,1,0,0,0,0
0,18,78.2,1,0,0,77.30263157894737,1,1,0,1,0,1,0,0,0,1,1,0,0,0,0,0,0,1,0,1,0
0,29,94.2,3,0,0,86.92,1,0,0,1,0,1,0,0,0,0,1,1,1,0,0,1,0,1,0,1,0
0,16,88.45,0,0,1,83.65294117647058,0,0,0,1,1,1,0,0,0,1,0,0,1,0,0,1,0,1,0,1,0
0,1,69.85,0,0,1,34.925,1,0,0,1,0,1,0,0,0,0,0,0,0,0,0,1,0,1,0,0,0
0,12,81.7,0,2,1,66.04615384615384,1,0,0,1,0,1,0,1,0,1,0,0,0,0,0,0,0,0,0,0,0
0,31,50.05,5,0,0,47.60625,1,0,0,0,0,0,0,0,0,1,0,1,1,1,0,1,0,1,0,1,0
0,4,79.9,0,0,1,64.86,1,0,0,1,0,1,0,0,0,0,0,0,1,0,0,1,0,1,0,0,0
0,48,69.55,0,0,0,70.11428571428571,0,1,0,1,1,0,0,0,0,1,1,0,1,1,0,1,0,0,1,0,1
0,15,25.4,0,0,1,24.975,0,0,0,1,1,0,1,0,0,0,0,0,0,0,0,1,1,0,0,1,0
0,50,90.1,0,0,0,89.20490196078431,1,0,0,1,0,1,0,1,1,1,1,0,0,1,0,1,1,0,0,0,1
0,7,44.65,0,0,0,40.3125,1,0,0,1,0,0,0,0,0,0,0,0,0,0,0,1,0,0,0,0,0
1,41,83.75,0,4,1,77.94166666666668,1,1,0,1,1,1,0,1,0,1,0,0,0,0,0,1,0,0,0,0,1
0,68,80.35,1,0,0,77.90072463768115,1,1,1,1,0,1,0,1,0,1,0,0,0,0,1,0,1,0,0,0,1
1,26,98.1,0,0,0,92.98888888888888,0,1,0,1,1,1,0,0,0,1,0,1,1,0,0,1,0,0,0,1,0
0,57,53.35,0,0,0,53.27672413793104,1,0,0,0,0,0,0,0,0,1,1,1,1,0,1,0,1,0,0,0,1
0,3,19.55,0,0,0,15.2625,0,0,0,1,0,0,1,0,0,0,0,0,0,0,0,0,0,1,0,0,0
0,19,48.95,0,0,0,47.78,1,1,1,1,0,0,0,1,0,0,0,0,0,1,0,1,0,0,0,1,0
0,3,54.2,2,0,0,35.1,0,0,0,1,0,0,0,0,0,0,0,1,0,0,0,1,0,1,0,0,0
0,59,24.45,0,0,0,24.884999999999998,0,0,0,1,1,0,1,0,0,0,0,0,0,0,1,0,0,1,0,0,1
0,1,69.4,0,0,1,34.7,0,1,0,1,0,1,0,0,0,0,0,0,0,0,0,1,0,0,1,0,0
0,42,40.15,0,0,0,37.81511627906977,1,1,0,0,0,0,0,1,0,0,0,1,0,0,0,1,0,0,0,0,1
0,7,74.9,0,0,1,67.64375,0,0,0,1,1,1,0,0,0,0,0,0,0,0,0,1,0,1,0,0,0
0,67,25.6,0,5,0,26.248529411764707,1,1,0,1,1,0,1,0,0,0,0,0,0,0,1,0,1,0,0,0,1
0,1,70.35,0,0,0,35.175,1,0,0,1,0,1,0,0,0,0,0,0,0,0,0,1,0,1,0,0,0
0,66,91.7,0,0,0,90.68507462686567,1,1,0,1,1,0,0,1,1,1,1,1,1,0,1,0,0,0,0,0,1
0,61,89.2,0,0,0,88.71935483870968,0,0,0,1,1,1,0,0,0,1,0,0,1,0,0,0,0,0,1,0,1
0,4,24.1,3,0,0,14.62,1,1,1,1,1,0,1,0,0,0,0,0,0,1,0,0,1,0,0,0,0
1,42,74.15,5,0,1,75.10232558139535,0,1,0,1,0,1,0,1,0,0,0,0,0,0,0,1,1,0,0,0,1
0,64,53.85,0,0,0,52.30538461538461,0,1,1,1,1,0,0,0,1,0,0,0,0,1,0,1,0,0,0,0,1
1,54,115.6,3,0,0,116.92818181818183,0,1,0,1,1,1,0,1,1,1,1,1,1,1,0,1,0,0,0,0,1
0,1,19.75,5,0,0,9.875,1,0,0,1,0,0,1,0,0,0,0,0,0,0,0,1,1,0,0,0,0
0,54,24.05,0,3,0,22.380000000000003,1,1,1,1,1,0,1,0,0,0,0,0,0,0,1,1,0,0,0,0,1
0,18,25.3,0,0,0,23.928947368421053,0,0,1,1,1,0,1,0,0,0,0,0,0,0,1,0,1,0,0,1,0
0,3,84.3,0,0,0,58.7625,1,0,0,1,0,1,0,0,1,0,0,0,1,0,0,0,0,1,0,0,0
0,1,70.1,5,0,1,35.05,0,0,0,1,0,1,0,0,0,0,0,0,0,0,0,1,0,1,0,0,0
0,72,89.75,0,0,0,90.35479452054794,0,1,1,1,1,0,0,1,1,1,1,1,1,0,1,0,1,0,0,0,1
1,60,97.95,0,0,0,96.18032786885246,1,1,0,1,0,1,0,0,1,1,0,1,1,1,0,1,0,1,0,0,1
0,11,20.0,0,0,0,16.3625,0,1,1,1,0,0,1,0,0,0,0,0,0,1,0,1,0,0,1,0,0
0,12,78.3,0,0,1,69.9423076923077,0,0,1,1,1,1,0,1,0,0,0,0,0,0,0,1,0,1,0,0,0
0,61,103.9,0,0,0,104.01854838709677,1,1,1,1,0,1,0,0,1,1,1,1,1,1,0,0,1,0,0,0,1
0,39,20.7,0,0,0,19.06125,0,0,0,1,0,0,1,0,0,0,0,0,0,0,1,0,1,0,0,0,1
0,55,96.8,0,4,1,94.35625,1,0,0,1,1,1,0,0,0,0,0,1,1,0,0,1,0,1,0,0,1
0,17,94.4,0,2,1,89.86111111111111,0,0,0,1,1,1,0,1,1,0,0,1,0,0,0,1,0,1,0,1,0
0,37,20.15,0,0,0,20.67763157894737,1,0,0,1,0,0,1,0,0,0,0,0,0,1,0,0,1,0,0,0,1
0,72,26.0,0,0,0,24.328767123287673,0,1,0,1,1,0,1,0,0,0,0,0,0,0,1,1,0,0,1,0,1
1,72,77.35,0,0,0,73.92123287671232,1,1,0,1,1,0,0,0,1,1,1,1,0,0,1,0,1,0,0,0,1
0,8,66.05,2,0,0,63.833333333333336,0,0,0,1,0,0,0,1,0,0,1,0,1,0,0,0,0,0,0,0,0
0,22,19.9,0,0,0,17.40434782608696,0,1,1,1,0,0,1,0,0,0,0,0,0,0,0,0,0,0,1,1,0
0,1,84.3,2,0,1,42.15,0,0,0,1,0,1,0,0,1,0,0,1,0,0,0,0,0,1,0,0,0
0,38,68.15,4,0,0,68.11025641025641,0,0,0,1,1,0,0,0,1,0,1,0,1,0,0,0,1,0,0,0,1
0,17,80.85,0,0,0,80.33055555555556,1,0,1,1,0,0,0,0,1,1,1,1,1,1,0,0,0,1,0,1,0
1,70,75.5,0,2,0,73.41760563380281,0,0,0,1,1,0,0,0,1,1,1,1,0,0,1,1,0,0,0,0,1
1,72,92.45,0,8,1,88.22260273972603,0,1,1,1,1,0,0,1,1,1,1,1,1,0,1,0,1,0,0,0,1
0,28,80.6,0,0,0,77.41206896551724,0,0,0,1,0,1,0,0,0,0,0,0,1,0,0,1,0,1,0,1,0
0,15,83.2,0,0,0,70.625,0,0,0,1,0,1,0,0,1,0,0,1,0,0,0,1,0,0,0,1,0
0,72,87.55,3,0,0,88.53630136986301,1,1,1,1,1,0,0,1,1,1,1,1,1,0,1,1,0,0,0,0,1
1,11,99.55,0,1,1,94.26666666666667,0,1,0,1,1,1,0,0,0,1,0,1,1,0,0,1,0,1,0,0,0
1,8,81.25,0,0,1,65.10555555555555,1,0,0,1,1,1,0,0,0,1,0,0,0,0,0,1,0,1,0,0,0
0,57,109.4,0,0,0,107.8051724137931,0,1,0,1,1,1,0,0,1,1,1,1,1,1,0,1,0,0,0,0,1
0,1,19.95,1,0,1,9.975,1,1,1,1,0,0,1,0,0,0,0,0,0,0,0,0,0,0,0,0,0
0,46,45.55,0,0,0,43.87553191489362,0,1,0,0,0,0,0,1,1,0,0,1,0,0,0,0,0,1,0,0,1
0,30,20.7,0,0,0,18.938709677419357,1,1,0,1,0,0,1,0,0,0,0,0,0,1,0,0,1,0,0,1,0
1,10,75.3,3,0,0,65.49545454545455,1,1,0,1,0,1,0,1,0,0,0,0,0,0,0,0,0,1,0,0,0
0,23,99.25,0,2,1,91.10000000000001,1,1,0,1,1,1,0,1,1,1,0,1,0,0,0,1,0,1,0,1,0
0,32,93.4,0,0,0,90.28181818181818,1,0,0,1,0,1,0,1,1,1,0,0,1,0,0,1,1,0,0,1,0
0,13,73.75,0,0,0,68.33214285714286,1,0,0,1,0,1,0,1,0,0,0,0,0,0,0,1,1,0,0,1,0
0,39,80.45,0,1,1,80.03875000000001,0,0,0,1,0,1,0,0,0,1,1,0,0,0,1,1,0,1,0,0,1
0,44,88.15,0,0,0,88.29333333333332,0,0,0,1,0,1,0,0,1,1,0,1,0,0,0,1,1,0,0,0,1
1,9,49.2,0,0,0,44.79,1,0,0,1,0,0,0,0,0,0,1,0,0,0,0,0,0,0,1,0,0
0,67,19.65,0,0,0,19.63529411764706,0,1,0,1,0,0,1,0,0,0,0,0,0,0,1,0,0,0,1,0,1
0,9,79.35,0,0,1,66.125,1,1,1,1,1,1,0,0,0,1,0,0,0,0,0,1,0,0,0,0,0
0,15,79.75,0,0,1,69.490625,0,0,0,1,1,1,0,0,1,0,0,0,0,0,0,1,0,1,0,1,0
0,71,105.15,0,0,0,104.93055555555556,0,1,0,1,1,1,0,0,1,1,0,1,1,0,1,1,0,0,0,0,1
0,1,49.0,0,0,0,24.5,1,0,0,1,0,0,0,0,0,0,1,0,0,0,0,0,1,0,0,0,0
0,30,100.05,5,3,1,98.26290322580645,0,1,1,1,1,1,0,0,0,1,0,1,1,0,0,1,0,1,0,1,0
0,1,69.35,0,0,1,34.675,1,0,0,1,0,1,0,0,0,0,0,0,0,0,0,1,0,1,0,0,0
0,17,49.8,0,0,0,46.46388888888889,1,1,0,0,0,0,0,0,1,0,0,1,1,0,0,1,0,0,1,1,0
0,3,85.8,0,0,1,68.05,0,0,0,1,0,1,0,0,0,0,1,0,1,0,0,0,0,1,0,0,0
0,67,79.7,2,7,1,77.84411764705882,1,1,1,1,1,0,0,1,0,1,0,1,1,0,1,1,0,1,0,0,1
0,1,20.95,0,0,0,10.475,1,0,0,1,0,0,1,0,0,0,0,0,0,0,0,0,0,0,0,0,0
1,1,50.55,0,0,1,25.275,0,0,0,1,1,0,0,0,0,0,0,0,0,0,0,0,0,0,1,0,0
1,32,79.3,0,0,0,77.87878787878788,0,1,0,1,1,1,0,0,0,1,0,0,0,0,0,0,0,0,1,1,0
0,41,19.5,0,1,0,19.004761904761907,1,1,1,1,0,0,1,0,0,0,0,0,0,1,0,0,0,0,0,0,1
0,1,80.55,0,0,1,40.275,1,1,0,1,0,1,0,0,0,0,0,1,0,0,0,1,0,1,0,0,0
0,1,44.15,0,0,0,22.075,0,0,0,1,0,0,0,0,0,0,0,0,0,0,0,0,0,0,0,0,0
0,12,84.5,0,1,1,70.53076923076922,0,1,1,1,1,1,0,0,1,1,0,0,0,0,0,1,0,1,0,0,0
0,62,105.5,0,0,0,102.97142857142858,1,1,1,1,1,1,0,1,1,0,0,1,1,0,0,1,0,1,0,0,1
0,22,84.3,3,2,1,80.6804347826087,0,0,0,1,0,1,0,0,1,0,0,0,1,0,0,1,0,0,1,1,0
0,17,92.7,0,0,0,86.49166666666666,0,0,1,1,1,1,0,0,1,1,1,0,0,0,0,1,1,0,0,1,0
0,72,26.25,0,0,0,27.233561643835614,0,1,1,1,1,0,1,0,0,0,0,0,0,0,1,1,0,0,0,0,1
0,56,96.95,3,0,0,95.30175438596491,1,1,1,1,1,1,0,0,1,0,1,1,0,0,0,1,1,0,0,0,1
0,9,20.45,0,0,0,14.755,0,0,0,1,0,0,1,0,0,0,0,0,0,0,0,1,1,0,0,0,0
0,72,115.8,0,0,0,115.40958904109588,1,1,0,1,1,1,0,1,1,1,1,1,1,0,1,1,0,0,0,0,1
0,20,108.2,0,0,0,104.93809523809523,1,0,0,1,0,1,0,1,1,1,1,1,1,0,0,1,0,0,0,1,0
0,19,20.2,0,0,0,19.369999999999997,1,1,1,1,0,0,1,0,0,0,0,0,0,0,1,0,0,0,1,1,0
0,2,67.75,0,0,1,38.88333333333333,1,0,0,1,0,1,0,0,0,0,0,0,0,0,0,1,0,1,0,0,0
0,53,54.9,0,4,0,56.40277777777778,1,0,0,0,0,0,0,0,0,1,1,1,1,1,0,0,1,0,0,0,1
1,27,85.25,0,0,1,81.6875,0,0,0,1,1,1,0,0,0,0,0,0,1,0,0,1,0,1,0,1,0
0,6,20.15,0,0,0,18.642857142857142,1,0,0,1,0,0,1,0,0,0,0,0,0,0,0,0,0,0,0,0,0
0,9,90.35,0,0,0,76.78999999999999,1,1,1,1,1,1,0,0,0,1,0,1,0,1,0,1,0,1,0,0,0
0,8,55.75,5,0,0,49.644444444444446,0,1,1,1,1,0,0,0,1,0,0,0,0,0,0,0,0,1,0,0,0
0,71,114.6,0,0,0,112.50347222222223,0,1,1,1,1,1,0,1,1,1,1,1,1,0,1,0,0,0,0,0,1
0,10,80.05,0,0,1,75.51818181818182,0,0,0,1,1,1,0,0,1,0,0,0,0,0,0,1,0,0,0,0,0
0,1,20.0,0,0,1,10.0,1,0,0,1,0,0,1,0,0,0,0,0,0,0,0,0,0,0,1,0,0
0,71,66.8,0,0,0,65.12708333333333,0,1,0,0,0,0,0,1,1,1,1,1,1,1,0,0,0,0,0,0,1
0,68,100.3,0,0,0,97.88913043478261,1,1,0,1,0,1,0,0,1,0,1,1,1,1,0,1,0,1,0,0,1
0,34,105.35,1,0,0,101.16142857142857,1,0,0,1,1,1,0,0,1,0,1,1,1,0,0,1,0,1,0,1,0
0,26,85.2,0,0,0,80.91111111111111,1,0,0,1,0,1,0,0,1,1,1,0,0,1,0,1,0,1,0,1,0
0,22,48.8,0,0,1,45.85217391304347,0,0,0,1,0,0,0,1,0,0,0,0,0,0,0,1,1,0,0,1,0
0,7,18.95,0,0,0,16.31875,1,0,0,1,0,0,1,0,0,0,0,0,0,0,0,1,0,0,1,0,0
0,20,69.8,0,0,0,73.35,0,1,0,1,0,1,0,0,0,0,0,0,0,0,0,1,0,0,0,1,0
0,60,106.15,0,0,0,105.10245901639344,0,1,0,1,1,1,0,0,1,1,0,1,1,0,0,1,0,1,0,0,1
0,72,20.55,4,0,0,19.623972602739727,1,1,1,1,0,0,1,0,0,0,0,0,0,0,1,0,0,1,0,0,1
1,72,105.75,0,3,0,104.51849315068493,0,1,0,1,1,1,0,0,1,1,0,1,1,1,0,1,1,0,0,0,1
0,4,25.25,2,0,0,20.380000000000003,1,0,0,1,1,0,1,0,0,0,0,0,0,0,0,0,0,0,1,0,0
0,16,19.75,0,0,0,18.435294117647057,1,1,1,1,0,0,1,0,0,0,0,0,0,0,0,0,0,1,0,1,0
1,62,104.85,0,0,0,100.2047619047619,0,1,0,1,1,1,0,1,0,1,0,1,1,1,0,1,0,1,0,0,1
0,10,60.95,0,0,0,57.23181818181818,0,0,0,1,0,0,0,0,0,0,1,0,1,0,0,1,0,0,1,0,0
0,31,81.15,0,0,0,82.5171875,1,0,0,1,1,1,0,0,1,0,0,0,0,0,0,1,0,1,0,1,0
0,71,19.1,0,0,0,19.061805555555555,0,1,0,1,0,0,1,0,0,0,0,0,0,0,1,0,1,0,0,0,1
0,58,20.8,0,0,0,20.546610169491526,1,0,0,1,0,0,1,0,0,0,0,0,0,0,1,0,0,0,1,0,1
0,70,90.15,0,0,0,87.84577464788732,1,1,1,1,1,0,0,1,1,1,1,1,1,0,1,1,1,0,0,0,1
0,71,90.1,0,0,0,87.65138888888889,0,1,0,1,1,0,0,1,1,1,1,1,1,0,1,0,0,1,0,0,1
1,69,74.1,0,0,0,71.87142857142857,1,0,0,1,1,0,0,1,0,1,1,0,1,0,1,0,1,0,0,0,1
1,1,85.05,0,0,1,42.525,0,0,0,1,1,1,0,0,0,0,0,0,1,0,0,1,0,1,0,0,0
0,72,118.75,0,0,0,118.80068493150686,0,1,1,1,1,1,0,1,1,1,1,1,1,0,1,1,0,0,0,0,1
0,26,85.9,0,0,0,81.35,0,1,0,1,0,1,0,0,0,0,1,0,1,0,0,0,1,0,0,1,0
0,33,95.0,0,0,0,88.47500000000001,0,1,0,1,1,1,0,0,0,1,1,0,1,0,0,1,1,0,0,1,0
0,10,20.15,2,0,0,20.072727272727274,0,1,1,1,0,0,1,0,0,0,0,0,0,0,1,0,0,0,1,0,0
1,57,101.3,0,0,0,99.64827586206897,0,0,0,1,1,1,0,1,0,1,1,0,1,0,1,0,1,0,0,0,1
0,10,21.2,0,0,0,20.240909090909092,0,0,0,1,0,0,1,0,0,0,0,0,0,0,0,1,0,1,0,0,0
0,39,24.2,0,0,0,22.865000000000002,0,1,1,1,1,0,1,0,0,0,0,0,0,1,0,1,0,0,1,0,1
0,11,20.3,0,0,0,20.525000000000002,0,0,0,1,0,0,1,0,0,0,0,0,0,0,0,0,0,0,0,0,0
0,21,102.8,1,4,1,95.9159090909091,0,1,1,1,0,1,0,0,1,1,1,1,1,0,0,1,0,1,0,1,0
0,68,85.3,0,2,0,80.57971014492753,0,1,1,1,1,0,0,0,1,1,1,1,1,0,1,0,0,0,0,0,1
0,18,89.6,0,0,0,85.94736842105263,1,0,0,1,1,1,0,0,0,1,0,1,0,1,0,1,1,0,0,1,0
0,6,99.95,0,0,1,78.23571428571428,0,0,0,1,0,1,0,0,0,1,1,1,1,0,0,1,0,0,1,0,0
0,18,56.25,0,0,0,51.044736842105266,1,0,0,1,1,0,0,1,0,0,0,0,0,0,0,0,0,0,1,1,0
0,52,50.95,0,0,0,49.257547169811325,0,1,1,1,0,0,0,0,0,1,0,0,0,1,0,1,0,0,0,0,1
0,56,115.85,0,0,0,115.22631578947367,1,1,1,1,1,1,0,1,1,1,1,1,1,0,1,0,0,0,1,0,1
0,45,103.65,0,0,0,103.21413043478262,1,0,0,1,1,1,0,0,0,1,1,1,1,0,0,1,0,0,0,0,1
0,67,26.1,4,0,0,25.875735294117646,0,0,0,1,1,0,1,0,0,0,0,0,0,0,1,1,0,0,1,0,1
0,3,35.1,0,0,0,25.275,1,1,0,0,0,0,0,1,0,0,1,0,0,0,0,0,0,0,1,0,0
1,65,99.1,5,0,0,98.42651515151515,1,0,0,1,0,1,0,0,1,1,0,1,1,0,0,1,0,0,0,0,1
0,63,67.25,0,0,0,66.15859375,1,1,0,1,1,0,0,0,1,0,1,0,1,0,1,0,0,0,1,0,1
0,11,25.0,0,0,0,25.058333333333334,0,1,1,1,1,0,1,0,0,0,0,0,0,0,1,0,0,0,1,0,0
0,1,59.55,0,0,0,29.775,1,0,1,1,0,0,0,0,0,0,1,0,1,0,0,1,0,0,1,0,0
0,55,77.8,4,0,0,77.20267857142858,1,0,0,1,1,0,0,0,0,1,0,1,1,0,1,1,0,0,0,0,1
0,25,55.1,0,0,0,56.388461538461534,1,1,1,1,1,0,0,0,0,0,1,0,0,1,0,1,0,0,1,1,0
0,72,117.8,0,7,1,118.96986301369861,1,1,0,1,1,1,0,1,1,1,1,1,1,1,0,1,0,0,0,0,1
0,72,24.15,0,5,0,24.334931506849315,0,1,0,1,1,0,1,0,0,0,0,0,0,0,1,1,1,0,0,0,1
0,65,45.25,0,0,0,44.45378787878788,0,0,1,0,0,0,0,0,1,0,1,1,0,0,1,0,0,0,1,0,1
1,54,79.5,0,0,1,79.4590909090909,0,0,0,1,1,1,0,0,1,0,0,0,0,0,0,1,0,1,0,0,1
0,7,20.25,0,0,0,18.04375,1,1,1,1,0,0,1,0,0,0,0,0,0,0,0,0,0,0,1,0,0
0,72,64.75,0,0,0,65.81849315068493,0,1,0,1,1,0,0,1,1,0,1,0,0,0,1,0,0,0,0,0,1
0,21,54.6,2,0,0,51.14545454545455,1,1,0,1,0,0,0,0,0,0,0,1,0,0,0,0,0,0,0,1,0
0,2,20.7,0,0,0,13.283333333333333,0,0,0,1,0,0,1,0,0,0,0,0,0,0,0,1,0,0,0,0,0
1,4,94.75,5,0,0,84.47999999999999,1,0,0,1,0,1,0,0,0,1,0,1,1,0,0,1,0,1,0,0,0
0,3,79.65,0,0,1,62.9375,1,1,0,1,1,1,0,0,0,0,1,0,0,0,0,1,0,0,0,0,0
0,72,115.8,0,0,0,114.1390410958904,1,1,0,1,1,1,0,1,1,1,1,1,1,0,1,0,1,0,0,0,1
0,6,49.45,0,0,0,44.94285714285714,0,0,0,1,0,0,0,1,0,0,0,0,0,0,0,1,0,1,0,0,0
0,52,83.8,0,1,0,81.72452830188679,1,0,0,1,0,1,0,0,0,1,0,0,1,0,0,1,1,0,0,0,1
1,69,95.35,0,0,0,91.17142857142858,1,1,0,1,1,1,0,0,1,1,0,0,1,0,0,1,0,0,0,0,1
0,8,94.7,0,0,1,82.25555555555555,1,0,0,1,0,1,0,0,0,1,0,1,1,0,0,1,0,1,0,0,0
1,8,74.05,0,0,0,66.68333333333334,0,0,0,1,0,1,0,0,0,1,0,0,0,0,0,1,0,0,0,0,0
1,63,89.6,0,2,0,86.54375,0,0,0,1,1,1,0,0,0,1,0,0,1,0,0,1,0,0,0,0,1
0,60,116.6,0,0,0,115.56557377049181,1,0,0,1,1,1,0,1,1,1,1,1,1,1,0,1,1,0,0,0,1
0,12,54.2,0,0,0,53.11538461538461,0,1,0,1,0,0,0,1,0,0,1,0,0,0,0,0,0,0,0,0,0
0,13,19.3,0,0,0,19.95,0,0,0,1,0,0,1,0,0,0,0,0,0,0,0,1,0,0,1,1,0
0,22,65.05,0,0,0,62.06739130434782,1,0,0,1,1,0,0,1,1,1,0,0,0,0,0,0,0,0,1,1,0
0,5,92.5,0,1,1,75.45,1,0,0,1,1,1,0,0,0,1,0,1,0,0,0,1,0,1,0,0,0
0,1,19.45,0,0,1,9.725,0,1,1,1,0,0,1,0,0,0,0,0,0,0,0,0,0,0,1,0,0
0,72,24.05,0,0,0,23.413013698630138,0,1,1,1,1,0,1,0,0,0,0,0,0,0,1,1,0,0,0,0,1
0,2,18.75,0,0,0,17.716666666666665,0,0,0,1,0,0,1,0,0,0,0,0,0,0,0,0,0,0,0,0,0
0,40,20.15,0,0,0,18.959756097560977,0,1,1,1,0,0,1,0,0,0,0,0,0,0,1,0,0,0,0,0,1
0,44,20.0,0,0,0,19.13,1,1,1,1,0,0,1,0,0,0,0,0,0,1,0,0,0,0,0,0,1
1,71,71.0,5,0,0,69.61250000000001,1,1,0,1,0,0,0,1,1,0,1,1,0,1,0,1,0,0,0,0,1
0,2,75.55,0,0,1,55.43333333333334,0,0,0,1,1,1,0,0,0,0,0,0,0,0,0,1,0,1,0,0,0
1,26,93.6,3,0,0,89.04074074074073,1,0,0,1,1,1,0,0,0,0,0,1,1,0,0,1,0,1,0,1,0
0,1,70.0,0,0,1,35.0,1,1,1,1,0,1,0,0,0,0,0,0,0,0,0,1,0,1,0,0,0
0,1,24.4,0,0,0,12.2,0,0,0,0,0,0,0,0,0,0,0,0,0,0,0,0,0,0,1,0,0
0,65,74.8,0,6,1,73.03257575757576,1,1,1,1,0,0,0,1,0,0,1,1,1,0,1,1,0,0,0,0,1
0,3,65.25,0,0,0,52.475,1,0,0,1,1,0,0,0,0,0,1,1,0,0,0,1,0,0,1,0,0
0,13,50.55,0,0,0,43.625,1,0,0,1,0,0,0,0,0,0,1,0,0,0,0,1,0,0,1,1,0
0,33,104.4,0,3,1,100.28235294117647,0,1,0,1,1,1,0,0,1,1,0,1,1,0,0,1,0,1,0,1,0
0,1,70.7,0,0,0,35.35,0,0,0,1,0,1,0,0,0,0,0,0,0,0,0,1,0,0,1,0,0
0,4,45.25,0,0,0,31.07,1,1,1,1,0,0,0,0,0,0,0,0,0,0,0,0,0,0,1,0,0
0,2,70.3,0,0,0,48.0,1,0,0,1,0,1,0,0,0,0,0,0,0,0,0,1,0,1,0,0,0
0,72,108.95,5,5,0,107.87671232876713,1,1,0,1,1,1,0,1,1,0,1,1,1,0,1,1,1,0,0,0,1
0,37,26.45,0,0,0,23.989473684210527,0,1,1,1,1,0,1,0,0,0,0,0,0,0,0,0,0,0,1,0,1
0,15,86.2,2,1,1,79.3875,0,0,0,1,0,1,0,1,0,0,0,1,0,0,0,0,0,1,0,1,0
0,23,19.65,0,1,0,19.920833333333334,0,0,0,1,0,0,1,0,0,0,0,0,0,1,0,1,1,0,0,1,0
0,30,51.2,0,4,1,50.37096774193548,0,1,1,0,0,0,0,0,0,0,1,1,1,0,0,0,1,0,0,1,0
0,42,19.05,0,0,0,17.717441860465115,0,1,1,1,0,0,1,0,0,0,0,0,0,1,0,1,0,1,0,0,1
0,32,74.75,0,0,0,69.18030303030302,0,0,0,1,1,0,0,1,0,0,0,1,1,1,0,0,0,0,1,1,0
0,22,75.8,0,0,0,70.22173913043478,0,1,1,1,1,1,0,0,0,0,0,0,0,0,0,1,0,0,0,1,0
0,42,25.1,0,0,0,25.51511627906977,1,1,0,0,0,0,0,0,0,0,0,0,0,0,0,1,1,0,0,0,1
0,8,44.45,0,0,0,41.03333333333333,0,0,0,1,0,0,0,0,0,0,0,0,0,0,0,0,0,0,1,0,0
0,65,104.3,0,0,0,101.89848484848486,0,1,1,1,1,1,0,1,0,1,0,1,1,0,1,1,1,0,0,0,1
0,2,19.5,0,0,1,10.516666666666667,0,0,0,1,0,0,1,0,0,0,0,0,0,0,0,0,0,0,1,0,0
0,70,89.0,0,0,0,88.63661971830986,0,1,1,1,1,0,0,1,1,1,1,1,1,0,1,1,0,0,0,0,1
0,22,20.15,0,0,0,18.804347826086957,1,0,1,1,0,0,1,0,0,0,0,0,0,0,0,0,1,0,0,1,0
1,4,74.9,0,0,1,64.35,0,0,0,1,1,1,0,0,0,0,0,0,0,0,0,1,0,1,0,0,0
0,2,74.9,0,0,1,49.050000000000004,0,0,0,1,1,1,0,0,0,0,0,0,0,0,0,0,1,0,0,0,0
0,67,36.15,0,0,0,35.80073529411764,0,1,1,0,0,0,0,1,1,0,0,0,0,0,1,0,0,0,0,0,1
0,25,19.2,0,0,0,20.465384615384615,0,0,0,1,0,0,1,0,0,0,0,0,0,0,0,1,1,0,0,1,0
0,20,19.25,0,0,0,17.86904761904762,0,1,0,1,0,0,1,0,0,0,0,0,0,0,0,0,0,0,0,1,0
0,2,61.2,0,0,0,41.983333333333334,0,0,1,1,0,0,0,1,0,0,0,0,1,0,0,1,1,0,0,0,0
0,51,20.45,0,0,0,20.05096153846154,1,0,0,1,0,0,1,0,0,0,0,0,0,0,1,0,0,0,1,0,1
0,46,35.05,0,0,0,34.473404255319146,0,1,1,0,0,0,0,1,1,0,0,0,0,0,0,0,0,0,0,0,1
0,25,100.25,0,2,1,91.83653846153847,0,0,0,1,1,1,0,0,1,0,0,1,1,0,0,1,0,1,0,1,0
0,13,44.0,0,0,0,47.096428571428575,1,0,1,1,0,0,0,0,0,0,0,0,0,0,0,0,0,0,1,1,0
1,25,102.8,0,3,1,102.3153846153846,0,0,0,1,1,1,0,1,1,0,0,1,1,0,0,1,0,0,1,1,0
0,26,50.35,0,0,0,47.62222222222222,1,1,1,1,0,0,0,0,0,1,0,0,0,1,0,0,0,0,1,1,0
0,43,100.0,0,4,1,95.71704545454546,1,0,0,1,1,1,0,0,0,0,1,1,1,1,0,1,0,1,0,0,1
0,19,20.0,0,0,0,18.8775,1,0,1,1,0,0,1,0,0,0,0,0,0,0,0,1,0,1,0,1,0
0,10,99.85,0,3,1,90.08181818181818,1,1,0,1,0,1,0,0,1,0,1,1,1,0,0,1,0,1,0,0,0
0,2,94.2,0,0,1,64.60000000000001,0,0,1,1,1,1,0,0,0,0,0,1,1,0,0,1,0,0,0,0,0
0,72,86.4,0,0,0,82.99931506849315,0,1,0,1,1,0,0,1,1,0,1,1,1,0,1,1,0,0,0,0,1
1,18,58.4,1,0,0,50.78421052631579,1,0,0,1,1,0,0,1,1,0,0,0,0,0,0,1,1,0,0,1,0
1,9,83.85,0,0,1,79.015,1,0,0,1,1,1,0,0,0,0,0,0,1,0,0,1,0,1,0,0,0
1,27,88.3,0,2,1,88.13392857142857,0,0,0,1,1,1,0,0,0,1,0,0,1,0,0,0,1,0,0,1,0
0,24,94.1,0,0,0,92.914,1,0,0,1,1,1,0,0,0,0,0,1,1,0,0,1,0,1,0,1,0
0,69,104.05,0,4,1,103.74285714285715,1,0,0,1,0,1,0,0,1,1,1,1,1,1,0,1,0,0,0,0,1
0,46,108.9,3,0,0,103.28297872340426,0,1,0,1,1,1,0,0,1,1,1,1,1,0,1,1,1,0,0,0,1
1,72,107.4,0,4,0,106.1472602739726,0,0,0,1,1,1,0,1,1,1,1,0,1,0,1,1,0,0,0,0,1
0,22,94.7,0,2,1,83.25652173913043,1,1,0,1,0,1,0,0,0,1,0,1,1,0,0,1,1,0,0,1,0
1,70,90.85,0,5,0,91.1281690140845,0,1,0,1,1,1,0,1,0,0,0,0,1,0,0,1,0,1,0,0,1
0,2,19.9,0,0,0,19.133333333333333,0,0,0,1,0,0,1,0,0,0,0,0,0,0,0,0,0,1,0,0,0
0,31,66.4,0,0,0,63.11875,1,1,0,1,0,0,0,0,0,1,1,0,1,0,0,1,1,0,0,1,0
1,56,100.65,0,7,1,99.79035087719299,0,1,0,1,1,1,0,0,0,1,0,1,1,0,0,1,0,0,0,0,1
0,16,100.7,0,0,0,89.57058823529412,0,1,1,1,0,1,0,1,0,1,0,1,1,0,0,0,0,0,0,1,0
0,52,25.6,0,0,0,25.17924528301887,1,0,1,1,1,0,1,0,0,0,0,0,0,0,1,0,1,0,0,0,1
0,13,19.85,5,0,0,18.0,1,1,1,1,0,0,1,0,0,0,0,0,0,0,0,1,0,0,1,1,0
0,35,20.75,0,0,0,19.456944444444446,0,0,0,1,0,0,1,0,0,0,0,0,0,1,0,0,0,0,1,1,0
0,59,95.8,0,0,0,94.2575,0,0,0,1,0,1,0,0,0,1,0,1,1,0,1,0,0,1,0,0,1
0,72,94.65,3,0,0,92.42945205479452,1,1,0,1,0,1,0,0,0,1,0,1,1,0,0,1,0,1,0,0,1
1,66,80.55,0,6,1,78.58358208955224,0,1,0,1,1,0,0,0,1,1,0,1,1,0,1,1,0,0,0,0,1
0,49,106.65,0,0,0,103.48700000000001,0,1,0,1,1,1,0,1,1,1,1,0,1,0,1,0,1,0,0,0,1
0,2,45.85,1,0,0,35.199999999999996,0,0,0,1,0,0,0,0,0,0,0,0,0,0,0,1,0,0,1,0,0
1,21,104.35,0,0,0,103.26590909090909,1,0,0,1,1,1,0,0,1,1,0,1,1,0,0,1,0,1,0,1,0
1,54,55.45,0,0,0,53.94454545454545,1,0,0,0,0,0,0,0,1,1,0,1,1,1,0,1,0,1,0,0,1
1,24,78.85,0,0,1,70.89,1,1,0,1,1,1,0,1,0,0,0,0,0,0,0,1,0,1,0,1,0
0,1,61.15,0,0,0,30.575,1,0,0,1,1,0,0,1,1,0,0,0,0,0,0,0,0,1,0,0,0
0,6,78.95,0,0,0,70.70714285714286,1,0,0,1,0,1,0,1,1,0,0,0,0,0,0,1,0,1,0,0,0
0,1,44.45,0,0,1,22.225,0,0,0,1,0,0,0,0,0,0,0,0,0,0,0,1,0,0,1,0,0
0,49,109.2,0,0,0,105.809,1,0,1,1,1,1,0,1,1,1,0,1,1,1,0,1,1,0,0,0,1
0,56,61.3,0,0,0,58.71578947368421,0,1,1,1,0,0,0,1,1,1,0,0,0,0,1,1,1,0,0,0,1
1,56,96.85,0,0,0,91.57280701754385,0,0,0,1,1,1,0,1,1,0,0,0,1,0,0,1,0,1,0,0,1
0,6,40.55,0,0,0,31.071428571428573,0,1,1,0,0,0,0,0,1,1,1,0,0,0,1,0,0,0,1,0,0
0,32,19.8,0,0,0,18.415151515151518,1,0,0,1,0,0,1,0,0,0,0,0,0,1,0,0,0,0,1,1,0
0,50,108.25,1,2,0,106.49803921568626,1,1,1,1,1,1,0,1,1,1,0,1,1,1,0,1,0,1,0,0,1
0,58,105.05,0,0,0,101.7771186440678,1,1,1,1,1,1,0,0,0,1,1,1,1,1,0,1,0,0,0,0,1
0,65,90.45,4,0,0,90.27121212121212,0,1,1,1,1,0,0,1,1,1,1,1,1,0,1,1,0,0,1,0,1
0,64,86.4,0,0,0,83.72384615384615,0,0,0,1,1,0,0,1,1,1,1,1,1,0,1,1,1,0,0,0,1
0,66,66.9,0,0,0,65.2276119402985,0,1,0,1,1,0,0,1,1,1,0,0,0,0,1,0,0,0,0,0,1
0,38,110.7,0,0,0,113.55384615384617,1,1,0,1,1,1,0,1,0,1,1,1,1,1,0,1,0,1,0,0,1
0,20,20.0,0,0,0,19.83095238095238,0,1,0,1,0,0,1,0,0,0,0,0,0,1,0,1,0,0,1,1,0
0,36,84.9,0,0,1,82.89729729729729,1,0,0,1,1,1,0,0,0,0,0,0,1,0,0,1,0,1,0,1,0
1,64,102.1,0,0,0,102.89384615384616,1,0,0,1,1,1,0,0,0,1,1,1,1,1,0,0,0,1,0,0,1
0,1,20.25,0,0,1,10.125,1,0,0,1,0,0,1,0,0,0,0,0,0,0,0,0,0,0,1,0,0
0,60,70.15,0,0,0,69.25737704918032,0,0,0,1,0,0,0,0,1,1,1,1,0,1,0,1,1,0,0,0,1
0,1,74.35,4,0,1,37.175,1,0,0,1,0,1,0,0,1,0,0,0,0,0,0,1,0,1,0,0,0
0,50,80.05,0,0,0,79.25882352941176,0,1,1,1,1,0,0,1,1,1,1,0,1,1,0,1,0,0,0,0,1
0,1,62.05,2,0,1,31.025,1,0,0,1,1,0,0,0,0,1,1,0,0,0,0,0,0,0,1,0,0
0,72,49.2,0,0,0,49.05410958904109,0,1,0,0,0,0,0,1,1,1,0,0,1,0,1,1,0,1,0,0,1
0,60,20.5,0,0,0,19.652459016393443,1,1,0,1,0,0,1,0,0,0,0,0,0,0,1,1,0,0,0,0,1
0,46,38.25,0,0,0,37.34787234042553,1,0,0,0,0,0,0,1,0,1,1,0,0,0,1,0,0,0,1,0,1
0,69,54.95,0,0,0,53.892857142857146,0,1,1,0,0,0,0,0,1,1,0,1,1,0,1,1,1,0,0,0,1
1,31,96.6,0,0,0,89.9359375,1,0,0,1,1,1,0,0,0,1,1,1,0,0,0,1,0,0,0,1,0
0,19,19.9,0,0,0,17.884999999999998,1,1,1,1,0,0,1,0,0,0,0,0,0,1,0,0,0,0,1,1,0
0,71,19.9,0,0,0,19.406944444444445,0,1,1,1,0,0,1,0,0,0,0,0,0,0,1,0,1,0,0,0,1
0,12,84.6,0,0,0,73.83846153846153,1,1,0,1,0,1,0,1,1,1,0,0,0,0,0,1,0,1,0,0,0
0,39,80.0,0,4,1,79.57374999999999,1,1,1,1,0,0,0,1,0,1,1,1,1,1,0,0,1,0,0,0,1
0,44,85.25,0,0,0,82.31444444444445,1,0,0,1,1,0,0,0,1,1,1,1,1,1,0,1,0,0,0,0,1
0,56,81.25,0,0,0,81.05964912280702,0,1,1,1,1,0,0,1,1,1,1,1,0,0,1,0,1,0,0,0,1
0,72,115.5,3,0,0,113.87328767123287,0,1,0,1,1,1,0,1,1,1,1,1,1,0,1,1,0,0,0,0,1
0,5,104.1,0,0,1,90.31666666666666,1,0,0,1,1,1,0,0,1,1,0,1,1,0,0,0,0,0,1,0,0
0,11,79.0,0,0,0,77.44166666666666,0,0,0,1,1,1,0,1,0,0,0,0,0,0,0,1,0,0,0,0,0
1,24,39.1,0,1,1,38.852,1,1,0,0,0,0,0,1,0,0,0,0,1,0,0,0,0,0,0,1,0
1,15,94.65,0,0,0,80.315625,0,1,0,1,0,1,0,0,1,0,0,1,1,0,0,1,0,1,0,1,0
0,72,20.8,0,0,0,20.838356164383562,1,0,0,1,0,0,1,0,0,0,0,0,0,0,1,1,0,0,1,0,1
0,56,59.5,0,0,0,59.46052631578947,1,1,0,1,1,0,0,0,1,1,0,0,0,0,1,0,1,0,0,0,1
1,64,20.05,0,0,0,18.431538461538462,1,0,0,1,0,0,1,0,0,0,0,0,0,0,1,1,0,0,0,0,1
0,34,100.45,0,0,0,97.56142857142858,0,1,0,1,1,1,0,0,0,1,0,1,1,0,0,1,0,1,0,1,0
0,2,76.5,0,0,1,54.15,1,0,0,1,1,1,0,0,0,0,0,0,0,0,0,1,0,1,0,0,0
0,35,20.6,0,0,0,20.944444444444443,1,0,0,1,0,0,1,0,0,0,0,0,0,1,0,0,0,0,0,1,0
0,22,20.3,0,0,0,20.31086956521739,1,0,0,1,0,0,1,0,0,0,0,0,0,1,0,0,1,0,0,1,0
0,5,49.2,0,0,1,36.15,1,0,0,1,0,0,0,0,0,0,1,0,0,0,0,1,0,1,0,0,0
0,9,39.55,4,0,0,37.3,1,0,0,0,0,0,0,1,1,1,0,0,0,1,0,0,0,0,1,0,0
0,11,23.15,0,0,1,20.433333333333334,1,0,0,1,1,0,1,0,0,0,0,0,0,0,0,0,1,0,0,0,0
0,23,20.45,0,0,0,20.045833333333334,1,0,0,1,0,0,1,0,0,0,0,0,0,1,0,0,0,0,1,1,0
0,4,80.85,0,0,1,60.55,0,1,1,1,0,1,0,0,0,0,0,0,1,0,0,0,0,1,0,0,0
0,68,25.25,1,0,0,25.046376811594204,1,1,0,1,1,0,1,0,0,0,0,0,0,0,1,0,0,0,0,0,1
0,33,91.25,1,0,0,87.1779411764706,1,1,0,1,0,1,0,0,0,0,0,1,1,0,0,0,0,1,0,1,0
0,31,72.45,0,0,0,67.3828125,1,0,0,1,0,0,0,1,1,1,1,1,0,0,0,1,0,0,0,1,0
0,1,60.1,0,0,1,30.05,1,0,0,1,1,0,0,0,1,0,1,0,0,0,0,0,0,0,1,0,0
0,56,19.7,0,0,0,18.454385964912284,0,0,0,1,0,0,1,0,0,0,0,0,0,0,1,0,0,0,0,0,1
0,1,78.95,0,0,1,39.475,1,0,0,1,0,1,0,0,0,0,0,1,0,0,0,1,0,1,0,0,0
0,66,75.1,0,0,0,74.82089552238806,1,1,1,1,0,0,0,1,1,1,1,1,0,1,0,1,0,1,0,0,1
0,72,25.0,0,0,0,23.82054794520548,1,1,1,1,1,0,1,0,0,0,0,0,0,0,1,0,0,0,0,0,1
1,34,69.15,3,0,0,65.00285714285714,1,0,0,1,0,1,0,0,0,0,0,0,0,0,0,0,1,0,0,1,0
0,58,91.55,0,5,0,93.41779661016949,0,1,1,1,0,1,0,0,1,1,0,1,0,0,0,1,0,1,0,0,1
0,2,45.15,5,0,1,32.833333333333336,1,0,0,1,0,0,0,0,0,0,0,0,0,0,0,1,0,1,0,0,0
0,37,35.8,0,0,0,34.65526315789474,1,0,0,0,0,0,0,0,0,0,0,1,0,0,1,0,1,0,0,0,1
0,71,113.15,0,0,0,111.01805555555556,0,0,0,1,1,1,0,1,1,1,1,1,1,0,1,1,1,0,0,0,1
0,1,19.85,3,0,0,9.925,1,1,1,1,0,0,1,0,0,0,0,0,0,1,0,0,1,0,0,0,0
1,71,19.8,0,0,0,19.28402777777778,1,1,1,1,0,0,1,0,0,0,0,0,0,0,1,0,1,0,0,0,1
0,35,19.9,0,0,0,18.5,1,1,1,1,0,0,1,0,0,0,0,0,0,1,0,0,0,1,0,1,0
0,6,19.7,3,0,0,13.492857142857144,0,1,1,1,0,0,1,0,0,0,0,0,0,1,0,0,0,0,1,0,0
0,3,79.4,0,0,1,61.1625,0,0,0,1,0,1,0,0,0,0,0,1,0,0,0,1,0,1,0,0,0
0,69,59.1,0,0,0,59.067142857142855,0,1,1,1,0,0,0,0,1,1,1,0,0,1,0,0,0,0,0,0,1
0,44,53.95,0,4,1,52.78666666666667,1,0,0,0,0,0,0,0,1,1,0,1,1,1,0,1,0,0,1,0,1
0,53,91.15,0,3,0,90.04629629629629,0,1,0,1,1,1,0,0,0,0,1,0,1,1,0,1,0,1,0,0,1
0,24,99.3,0,1,1,97.25399999999999,0,1,0,1,0,1,0,0,1,1,0,1,1,0,0,1,1,0,0,1,0
0,5,68.95,0,0,0,58.583333333333336,0,1,0,1,0,1,0,0,0,0,0,0,0,0,0,1,0,1,0,0,0
0,2,51.55,0,0,0,35.4,0,0,1,1,0,0,0,0,1,0,0,0,0,0,0,0,0,0,1,0,0
0,62,24.4,0,0,0,22.428571428571427,1,0,1,1,1,0,1,0,0,0,0,0,0,0,1,1,0,0,1,0,1
0,19,96.8,3,1,0,87.1525,0,1,0,1,0,1,0,0,0,1,0,1,1,0,0,1,0,1,0,1,0
0,9,70.05,0,0,0,65.75,1,0,0,1,0,1,0,0,0,0,0,0,0,0,0,0,0,0,1,0,0
0,53,19.5,0,0,0,19.453703703703702,1,0,0,1,0,0,1,0,0,0,0,0,0,0,1,0,1,0,0,0,1
0,5,78.75,1,0,0,71.05833333333334,1,0,0,1,0,1,0,0,0,0,0,0,1,0,0,0,0,0,1,0,0
1,71,69.2,0,0,0,69.20138888888889,0,1,1,1,1,0,0,1,1,0,0,1,0,1,0,0,0,1,0,0,1
0,1,19.55,0,0,0,9.775,0,0,0,1,0,0,1,0,0,0,0,0,0,0,0,1,0,0,1,0,0
0,18,80.65,5,0,1,76.41578947368421,1,0,0,1,1,1,0,0,1,0,0,0,0,0,0,1,0,1,0,1,0
0,72,103.65,0,0,0,104.58630136986302,1,0,0,1,1,1,0,0,1,1,0,1,1,0,1,1,0,1,0,0,1
0,4,54.7,0,0,0,47.010000000000005,0,1,0,1,0,0,0,1,1,0,0,0,0,0,0,0,0,0,1,0,0
0,59,54.15,0,0,0,51.935833333333335,1,0,0,1,1,0,0,0,0,1,0,0,0,0,1,0,1,0,0,0,1
0,1,71.1,3,0,1,35.55,0,0,0,1,0,1,0,0,0,0,0,0,0,0,0,0,0,0,1,0,0
1,31,84.85,0,0,0,82.29375,0,1,0,1,1,1,0,0,0,0,0,0,1,0,0,1,0,1,0,1,0
0,3,20.0,0,0,0,12.4125,1,1,0,1,0,0,1,0,0,0,0,0,0,0,0,0,0,0,0,0,0
1,65,106.25,2,8,1,105.75454545454545,0,1,0,1,1,1,0,0,1,1,0,1,1,1,0,1,0,1,0,0,1
0,49,99.25,0,0,0,98.416,1,1,0,1,0,1,0,0,0,1,1,1,1,1,0,1,1,0,0,0,1
0,2,19.35,0,0,0,15.450000000000001,1,0,0,1,0,0,1,0,0,0,0,0,0,0,0,0,0,0,1,0,0
0,53,20.8,0,0,1,18.92222222222222,0,1,0,1,0,0,1,0,0,0,0,0,0,1,0,0,0,0,0,0,1
0,55,94.75,0,0,0,94.21607142857144,0,1,0,1,0,1,0,1,0,0,0,1,1,1,0,1,0,1,0,0,1
0,72,114.05,2,0,0,113.55068493150686,1,1,1,1,1,1,0,1,1,1,1,1,1,0,1,1,1,0,0,0,1
1,36,74.9,0,0,0,71.87702702702703,0,0,0,1,1,1,0,0,0,0,0,0,0,0,0,1,0,0,0,1,0
0,10,19.8,0,0,0,17.886363636363637,0,1,1,1,0,0,1,0,0,0,0,0,0,0,0,1,0,0,0,0,0
1,1,94.0,0,0,1,47.0,1,0,0,1,1,1,0,0,0,0,0,1,1,0,0,1,0,1,0,0,0
0,72,80.85,0,0,0,79.79109589041096,0,1,1,1,1,0,0,1,1,1,1,0,1,0,1,0,0,0,0,0,1
0,28,54.65,0,0,0,52.327586206896555,0,0,0,1,0,0,0,0,1,0,1,0,0,0,0,0,0,0,0,1,0
0,38,91.7,0,0,0,89.20641025641027,1,1,0,1,1,1,0,1,0,0,0,1,0,0,0,0,0,0,0,0,1
0,61,118.6,0,0,0,118.8016129032258,0,0,0,1,1,1,0,1,1,1,1,1,1,1,0,1,0,1,0,0,1
0,52,24.55,0,0,0,25.114150943396226,1,1,1,1,1,0,1,0,0,0,0,0,0,0,1,0,0,0,1,0,1
0,67,19.45,0,0,0,17.587500000000002,1,0,0,1,0,0,1,0,0,0,0,0,0,1,0,1,0,0,1,0,1
0,34,116.15,0,0,0,112.76857142857143,0,0,1,1,1,1,0,1,1,1,1,1,1,0,1,1,1,0,0,1,0
0,54,80.6,0,0,0,78.18090909090908,0,0,0,1,0,0,0,1,0,1,1,1,1,0,1,0,0,1,0,0,1
0,1,20.3,0,0,0,10.15,0,1,0,1,0,0,1,0,0,0,0,0,0,0,0,1,0,0,0,0,0
1,15,89.85,0,1,1,89.059375,0,0,0,1,1,1,0,0,1,0,0,0,1,0,0,0,0,1,0,1,0
0,4,46.0,0,0,1,38.72,0,0,0,1,0,0,0,0,0,0,0,0,0,0,0,1,0,0,1,0,0
0,9,66.25,0,1,1,62.05499999999999,0,0,0,1,0,0,0,0,1,0,1,1,0,0,0,0,0,0,1,0,0
0,46,99.8,0,0,0,93.43085106382979,0,0,1,1,0,1,0,0,1,1,0,1,1,0,0,1,0,1,0,0,1
0,22,90.0,5,0,1,86.68695652173913,0,0,0,1,1,1,0,0,0,0,1,1,0,0,0,1,0,1,0,1,0
0,38,70.45,0,0,1,66.6051282051282,1,0,0,1,0,1,0,0,0,0,0,0,0,1,0,1,0,0,0,0,1
0,55,75.0,0,0,0,75.24821428571428,0,1,1,1,1,0,0,1,1,0,1,1,0,1,0,1,1,0,0,0,1
0,1,19.9,2,0,0,9.95,0,0,0,1,0,0,1,0,0,0,0,0,0,0,0,0,0,0,1,0,0
1,64,80.3,0,0,0,77.19538461538461,1,1,0,1,0,1,0,1,0,1,0,0,0,1,0,0,1,0,0,0,1
0,53,19.75,0,0,1,19.48796296296296,1,0,1,1,0,0,1,0,0,0,0,0,0,0,1,0,0,0,0,0,1
0,58,84.3,0,0,0,83.32881355932203,0,1,0,1,1,0,0,1,0,1,1,1,1,0,1,1,0,1,0,0,1
0,56,54.05,5,0,0,51.92631578947369,1,1,0,0,0,0,0,0,0,1,1,1,1,1,0,1,0,0,0,0,1
0,72,104.9,0,0,0,103.5554794520548,1,1,1,1,0,1,0,1,0,1,1,1,1,0,1,1,1,0,0,0,1
0,1,53.95,5,0,1,26.975,1,0,0,1,0,0,0,1,0,0,1,0,0,0,0,1,0,1,0,0,0
1,72,97.25,2,0,0,97.71369863013699,1,1,0,1,1,1,0,0,1,0,0,1,1,1,0,1,1,0,0,0,1
0,22,83.05,0,0,0,78.2304347826087,1,0,0,1,1,1,0,0,0,0,0,0,1,0,0,0,0,1,0,1,0
1,8,105.5,0,0,1,92.17222222222222,0,0,0,1,1,1,0,0,1,1,0,1,1,0,0,1,0,1,0,0,0
0,16,81.0,4,0,1,77.18529411764706,0,0,1,1,0,1,0,0,0,0,0,1,0,0,0,1,0,1,0,1,0
0,39,41.1,5,0,0,39.926249999999996,0,0,0,0,0,0,0,0,1,1,1,0,0,0,0,0,0,0,0,0,1
0,12,45.0,0,0,0,40.33461538461539,0,0,0,1,0,0,0,0,0,0,0,0,0,0,0,1,0,0,0,0,0
0,54,74.55,0,0,0,76.20818181818181,1,1,0,1,0,0,0,1,1,0,0,1,1,0,1,1,0,0,0,0,1
0,18,40.2,0,0,0,37.47105263157895,0,0,0,0,0,0,0,1,1,0,1,0,0,1,0,1,0,0,1,1,0
0,32,70.5,0,0,0,66.71969696969697,1,1,0,1,0,0,0,1,1,0,1,0,1,1,0,0,0,0,1,1,0
0,41,19.75,0,0,0,19.21309523809524,0,0,0,1,0,0,1,0,0,0,0,0,0,1,0,1,0,0,1,0,1
0,67,24.65,0,0,0,23.83014705882353,1,1,1,1,1,0,1,0,0,0,0,0,0,0,1,0,0,0,0,0,1
0,65,104.25,0,1,0,103.22651515151514,1,1,0,1,1,1,0,1,0,1,0,1,1,0,0,1,0,1,0,0,1
0,25,78.35,0,0,0,70.68846153846154,0,0,0,1,1,0,0,1,1,1,1,1,0,0,0,1,0,0,0,1,0
0,1,69.8,0,0,1,34.9,0,1,1,1,0,1,0,0,0,0,0,0,0,0,0,1,0,1,0,0,0
0,67,109.7,0,0,0,108.00661764705882,0,1,0,1,1,1,0,0,1,1,1,1,1,1,0,1,1,0,0,0,1
1,7,73.75,0,0,1,68.14375,1,0,0,1,1,1,0,0,0,0,0,0,0,0,0,0,0,0,1,0,0
1,43,33.45,0,0,0,34.09659090909091,0,0,0,0,0,0,0,1,1,0,0,0,0,0,0,1,1,0,0,0,1
0,24,94.6,0,2,0,91.32600000000001,0,0,0,1,0,1,0,1,0,0,0,1,1,0,0,1,0,1,0,1,0
1,9,54.55,0,0,1,49.405,1,0,0,1,1,0,0,1,0,0,0,0,0,0,0,0,0,1,0,0,0
0,69,20.2,1,0,0,19.664285714285715,1,1,1,1,0,0,1,0,0,0,0,0,0,0,1,0,0,0,0,0,1
0,37,20.3,0,0,0,19.878947368421052,0,0,1,1,0,0,1,0,0,0,0,0,0,1,0,0,0,0,0,0,1
0,20,39.4,0,0,0,39.304761904761904,1,1,1,0,0,0,0,1,0,1,1,0,0,0,1,1,1,0,0,1,0
0,7,69.15,0,0,0,61.08125,1,0,0,1,0,1,0,0,0,0,0,0,0,0,0,0,0,0,0,0,0
1,37,76.25,0,0,1,74.77763157894738,0,0,0,1,1,1,0,0,0,0,0,0,0,0,0,1,0,1,0,0,1
0,5,93.9,0,0,1,81.14166666666667,0,0,0,1,1,1,0,0,0,0,0,1,1,0,0,1,0,0,1,0,0
0,41,51.35,0,0,0,49.40714285714286,1,0,0,0,0,0,0,0,0,1,0,1,1,1,0,1,0,1,0,0,1
0,54,100.05,0,0,0,96.35727272727271,0,0,0,1,0,1,0,1,1,0,0,1,1,1,0,1,1,0,0,0,1
1,3,70.4,0,0,1,51.175,0,0,0,1,0,1,0,0,0,0,0,0,0,0,0,1,0,1,0,0,0
1,69,20.3,0,0,0,19.375714285714285,1,0,0,1,0,0,1,0,0,0,0,0,0,0,1,0,1,0,0,0,1
0,53,94.45,4,0,0,93.38425925925925,0,0,0,1,0,1,0,0,1,1,1,0,1,1,0,1,1,0,0,0,1
0,18,46.4,0,0,0,42.757894736842104,1,1,1,0,0,0,0,0,1,1,0,1,0,1,0,0,1,0,0,1,0
0,64,104.05,0,0,0,101.62384615384616,1,1,0,1,0,1,0,1,1,0,1,1,1,0,1,1,1,0,0,0,1
0,31,91.15,0,3,1,93.6078125,0,1,1,1,1,1,0,0,1,0,0,0,1,0,0,1,0,1,0,1,0
0,20,24.9,0,0,0,24.09285714285714,0,0,0,0,0,0,0,0,0,0,0,0,0,0,0,0,1,0,0,1,0
0,57,59.6,0,0,0,60.50689655172414,1,1,1,1,0,0,0,1,1,0,1,0,0,1,0,0,0,0,1,0,1
1,63,108.5,1,2,0,109.2484375,1,1,0,1,1,1,0,1,1,1,0,1,1,0,1,0,1,0,0,0,1
0,13,40.55,0,0,0,42.167857142857144,1,1,1,0,0,0,0,1,1,0,1,0,0,0,1,0,0,0,1,1,0
1,48,58.95,0,0,0,56.932653061224485,0,1,0,1,0,0,0,0,1,0,0,0,1,1,0,1,0,0,0,0,1
0,2,70.95,0,0,1,45.98333333333333,0,0,0,1,0,1,0,0,0,0,0,0,0,0,0,1,0,1,0,0,0
0,57,20.75,0,0,0,19.364655172413794,1,1,1,1,0,0,1,0,0,0,0,0,0,0,1,0,0,0,1,0,1
0,71,113.15,4,0,0,110.46180555555556,1,1,0,1,1,1,0,0,1,1,1,1,1,1,0,1,0,0,0,0,1
0,7,48.8,0,0,0,43.725,0,1,1,1,1,0,0,0,0,0,0,0,0,0,0,0,0,1,0,0,0
0,16,63.05,0,0,0,62.76764705882353,0,0,0,1,1,0,0,0,0,0,0,0,1,0,0,1,0,0,0,1,0
0,34,100.85,0,0,0,100.78,1,1,0,1,1,1,0,0,0,1,0,1,1,0,0,0,0,1,0,1,0
0,37,99.5,0,3,1,99.0,0,1,0,1,1,1,0,0,0,1,0,1,1,0,0,1,0,1,0,0,1
0,16,80.55,0,0,0,73.46470588235294,1,0,0,1,1,1,0,0,1,0,0,0,0,0,0,1,0,0,1,1,0
0,48,64.4,0,0,0,61.945918367346934,1,0,1,1,1,0,0,1,1,1,0,0,0,1,0,1,0,0,0,0,1
0,58,75.2,0,0,0,72.89491525423729,1,1,1,1,0,0,0,0,1,0,1,1,1,1,0,1,1,0,0,0,1
0,72,84.9,0,0,0,83.08630136986302,0,1,0,1,1,0,0,1,0,1,1,1,1,0,1,1,0,0,0,0,1
0,7,19.3,0,0,0,18.11875,0,0,0,1,0,0,1,0,0,0,0,0,0,0,0,0,0,0,1,0,0
0,38,83.9,0,4,1,82.91282051282052,0,0,0,1,0,1,0,1,1,1,0,0,0,0,0,1,1,0,0,0,1
1,48,117.45,0,6,1,110.99795918367346,0,1,0,1,1,1,0,1,1,1,1,1,1,0,0,0,0,1,0,0,1
0,10,104.4,0,0,1,98.31363636363636,1,0,0,1,0,1,0,1,1,1,0,1,1,0,0,1,0,1,0,0,0
0,30,74.65,0,0,0,74.47096774193548,0,0,0,1,0,0,0,1,1,1,1,1,0,1,0,0,1,0,0,1,0
0,31,59.05,0,0,0,58.8375,1,1,0,1,1,0,0,0,0,0,0,1,0,0,0,1,1,0,0,1,0
1,46,69.1,0,0,0,69.2627659574468,0,0,0,1,1,0,0,0,0,1,1,0,1,1,0,1,1,0,0,0,1
0,50,20.55,0,0,0,20.9343137254902,1,1,0,1,0,0,1,0,0,0,0,0,0,0,1,0,0,0,1,0,1
0,28,76.55,0,0,0,71.22068965517242,1,1,0,1,0,1,0,0,0,0,1,0,0,0,0,0,0,0,0,1,0
0,66,62.5,0,0,0,61.73731343283581,0,0,0,0,0,0,0,1,1,1,1,1,1,0,1,1,0,0,0,0,1
1,8,29.4,0,0,1,24.655555555555555,1,0,0,0,0,0,0,0,0,1,0,0,0,0,0,1,0,1,0,0,0
0,41,94.9,0,0,0,91.61904761904762,0,1,1,1,0,1,0,0,0,1,0,1,1,0,0,1,0,0,0,0,1
1,72,111.65,0,2,0,109.90205479452055,1,1,0,1,1,1,0,0,1,1,1,1,1,0,1,1,0,0,0,0,1
0,7,19.9,0,0,0,21.64375,0,0,0,1,0,0,1,0,0,0,0,0,0,1,0,0,0,0,1,0,0
0,38,20.45,0,0,0,20.03205128205128,0,1,1,1,0,0,1,0,0,0,0,0,0,0,0,0,0,0,1,0,1
0,44,106.05,0,0,0,100.24000000000001,1,0,0,1,0,1,0,1,1,1,0,1,1,1,0,1,0,1,0,0,1
0,47,113.45,0,0,0,110.78750000000001,1,1,1,1,1,1,0,1,1,1,1,1,1,1,0,1,0,0,0,0,1
0,53,92.55,0,0,0,88.50833333333333,1,1,1,1,0,1,0,0,1,0,1,1,0,0,0,1,0,1,0,0,1
0,4,65.6,0,0,0,50.019999999999996,1,1,0,1,1,0,0,0,0,1,0,1,0,0,0,0,0,1,0,0,0
1,20,84.35,3,0,0,83.1047619047619,1,0,0,1,1,1,0,0,0,0,0,1,0,0,0,1,0,1,0,1,0
0,2,44.65,5,0,1,24.96666666666667,1,0,0,1,0,0,0,0,0,0,0,0,0,0,0,0,0,0,1,0,0
1,57,71.1,3,0,0,71.38103448275862,1,1,0,1,1,0,0,0,1,1,0,1,0,1,0,1,1,0,0,0,1
1,44,85.15,0,0,0,81.56666666666666,0,1,0,1,0,1,0,1,1,0,1,0,0,0,0,1,0,1,0,0,1
0,24,49.7,0,0,0,46.711999999999996,1,0,0,1,0,0,0,0,0,1,0,0,0,0,0,1,0,0,1,1,0
0,15,30.2,0,0,0,29.353125,1,1,1,0,0,0,0,1,0,0,0,0,0,0,0,1,0,0,0,1,0
0,3,25.25,0,0,1,14.725,0,0,0,0,0,0,0,0,0,0,0,0,0,0,0,0,0,1,0,0,0
0,4,84.05,0,0,1,66.71000000000001,0,0,1,1,1,1,0,0,1,1,0,0,0,0,0,0,0,0,0,0,0
1,37,85.7,0,0,1,83.45131578947368,1,1,0,1,1,1,0,0,0,0,0,1,0,0,0,1,0,1,0,0,1
0,1,74.7,0,0,1,37.35,0,0,0,1,0,1,0,0,1,0,0,0,0,0,0,1,0,1,0,0,0
0,24,56.35,0,0,0,55.248000000000005,0,0,0,1,0,0,0,1,0,0,1,0,0,0,0,0,1,0,0,1,0
0,5,90.8,0,0,1,75.91666666666667,0,0,0,1,1,1,0,0,1,0,0,1,0,0,0,1,0,1,0,0,0
0,33,107.55,1,0,0,107.22058823529412,0,0,0,1,1,1,0,0,1,1,0,1,1,0,0,0,0,1,0,1,0
0,58,19.85,0,0,0,19.64152542372881,0,1,1,1,0,0,1,0,0,0,0,0,0,0,1,1,0,0,1,0,1
0,72,95.9,0,0,0,95.26232876712328,0,1,1,1,1,1,0,1,1,0,0,1,0,0,1,1,0,0,0,0,1
0,71,23.85,0,0,0,23.22361111111111,0,1,0,1,1,0,1,0,0,0,0,0,0,0,1,0,0,0,1,0,1
1,28,106.15,0,3,1,108.70689655172414,0,0,0,1,1,1,0,0,1,1,0,1,1,0,0,1,0,1,0,1,0
0,51,83.85,0,0,0,82.82884615384616,1,1,0,1,0,0,0,1,1,1,1,1,1,0,1,1,1,0,0,0,1
0,30,85.35,0,4,1,81.6258064516129,0,0,0,1,0,0,0,1,1,1,1,1,1,1,0,0,0,0,0,1,0
1,72,84.8,4,0,0,84.13219178082191,1,1,0,1,0,1,0,1,1,0,1,0,0,0,1,1,1,0,0,0,1
1,36,90.85,0,3,1,86.12702702702703,1,0,0,1,1,1,0,1,0,0,0,1,0,0,0,1,0,1,0,1,0
0,14,76.1,0,0,0,70.32,1,0,1,1,0,0,0,1,1,1,1,0,1,0,1,0,0,0,0,1,0
0,72,74.55,0,0,0,74.39246575342466,0,1,1,1,1,0,0,1,1,0,1,1,0,0,1,0,0,0,1,0,1
0,22,39.2,4,0,0,36.952173913043474,0,1,1,0,0,0,0,0,1,0,0,1,0,0,0,0,0,1,0,1,0
0,2,79.55,2,0,0,50.583333333333336,0,0,0,1,1,1,0,0,1,0,0,0,0,0,0,0,0,1,0,0,0
0,15,19.6,0,0,0,18.7125,0,0,0,1,0,0,1,0,0,0,0,0,0,0,0,0,0,0,1,1,0
0,51,19.55,0,0,0,20.89903846153846,1,1,1,1,0,0,1,0,0,0,0,0,0,0,1,0,1,0,0,0,1
0,70,39.15,0,0,0,37.92605633802817,1,1,0,0,0,0,0,1,0,1,1,0,0,0,1,1,1,0,0,0,1
0,71,20.1,0,0,0,19.299999999999997,0,1,1,1,0,0,1,0,0,0,0,0,0,0,1,0,0,0,0,0,1
0,39,99.95,0,0,0,94.185,0,1,1,1,1,1,0,0,0,0,1,1,1,0,0,1,1,0,0,0,1
0,61,59.8,4,0,0,58.733870967741936,0,1,1,1,1,0,0,1,1,0,0,0,0,0,0,0,0,1,0,0,1
0,52,49.75,0,0,0,47.840566037735854,0,0,0,1,0,0,0,1,0,0,0,0,0,0,0,1,0,0,0,0,1
0,1,35.75,0,0,1,17.875,0,0,0,0,0,0,0,0,0,0,0,1,0,0,0,1,0,1,0,0,0
0,64,108.5,0,0,0,105.85923076923078,1,1,0,1,1,1,0,1,0,1,1,1,1,1,0,1,0,0,1,0,1
0,62,60.15,0,0,0,59.57460317460317,1,1,0,1,0,0,0,0,1,1,1,0,0,0,1,1,1,0,0,0,1
0,30,19.05,0,0,0,20.566129032258065,1,1,0,1,0,0,1,0,0,0,0,0,0,0,1,0,0,0,1,1,0
1,4,46.0,0,0,1,36.32,0,1,1,1,0,0,0,0,0,0,0,0,0,0,0,0,0,1,0,0,0
1,63,84.0,0,0,0,83.27421875,1,1,0,1,0,0,0,1,1,1,1,1,1,1,0,1,0,0,0,0,1
0,1,44.55,0,0,0,22.275,0,0,0,1,0,0,0,0,0,0,0,0,0,0,0,1,1,0,0,0,0
0,15,103.45,0,0,0,96.2375,1,1,0,1,1,1,0,0,0,1,1,1,1,0,0,1,0,1,0,1,0
0,27,80.65,0,0,0,78.91964285714286,1,1,1,1,0,1,0,1,1,0,0,0,0,1,0,1,1,0,0,1,0
0,4,57.2,0,0,0,44.75,0,0,1,0,0,0,0,1,1,1,0,1,1,0,0,1,0,0,1,0,0
0,72,110.75,0,0,0,106.18767123287671,0,1,0,1,1,1,0,1,1,1,0,1,1,0,1,1,0,1,0,0,1
1,45,24.7,2,0,0,25.529347826086955,1,1,0,1,1,0,1,0,0,0,0,0,0,1,0,0,1,0,0,0,1
1,45,97.05,0,0,0,95.32717391304348,0,0,0,1,1,1,0,1,1,0,1,1,0,0,0,1,0,1,0,0,1
0,36,76.35,0,0,0,70.44189189189188,0,0,0,1,0,0,0,1,1,1,1,1,0,1,0,1,0,0,1,1,0
0,17,89.4,0,1,1,85.525,1,1,1,1,0,1,0,1,0,1,0,1,0,0,0,1,0,1,0,1,0
0,1,18.9,0,0,0,9.45,1,0,0,1,0,0,1,0,0,0,0,0,0,0,0,0,0,0,1,0,0
1,16,74.45,0,0,0,74.1970588235294,1,0,0,1,1,1,0,0,0,0,0,0,0,0,0,1,0,0,0,1,0
0,3,19.8,0,0,1,14.5375,1,0,0,1,0,0,1,0,0,0,0,0,0,0,0,1,0,0,1,0,0
0,4,50.9,0,0,1,45.12,1,1,1,1,1,0,0,0,0,0,0,0,0,0,0,1,0,1,0,0,0
0,71,84.4,2,0,0,82.90694444444445,0,1,0,1,0,0,0,1,1,1,1,1,1,0,1,1,1,0,0,0,1
0,10,24.4,2,0,0,23.081818181818182,1,1,1,1,1,0,1,0,0,0,0,0,0,0,0,1,0,0,1,0,0
0,20,20.05,0,0,0,19.047619047619047,1,1,1,1,0,0,1,0,0,0,0,0,0,0,1,0,0,0,1,1,0
0,4,81.0,0,0,1,68.17,1,0,0,1,0,1,0,0,0,0,0,1,0,0,0,1,0,1,0,0,0
0,26,98.35,0,2,1,93.15925925925927,1,0,0,1,1,1,0,0,0,1,0,1,1,0,0,1,0,1,0,1,0
0,4,55.5,0,0,0,45.47,0,0,0,1,0,0,0,0,0,0,0,1,0,0,0,0,1,0,0,0,0
0,5,51.0,0,0,1,50.99166666666667,1,0,0,0,0,0,0,0,1,0,0,1,1,0,0,1,0,0,1,0,0
0,4,91.65,0,0,1,73.08,0,1,0,1,1,1,0,0,1,0,0,1,0,0,0,1,0,1,0,0,0
1,29,84.3,0,0,0,78.59166666666667,1,1,0,1,1,1,0,0,0,0,0,0,1,0,0,1,0,1,0,1,0
0,2,100.2,0,0,0,66.16666666666667,1,0,0,1,0,1,0,1,1,0,0,1,1,0,0,0,0,1,0,0,0
0,29,19.4,0,0,0,18.475,0,0,0,1,0,0,1,0,0,0,0,0,0,0,1,0,0,0,1,1,0
0,1,90.85,3,0,1,45.425,1,0,1,1,0,1,0,0,0,0,0,1,1,0,0,1,0,1,0,0,0
0,1,69.4,0,0,1,34.7,1,0,0,1,0,1,0,0,0,0,0,0,0,0,0,0,0,0,1,0,0
1,8,94.45,0,0,1,82.55000000000001,0,0,0,1,0,1,0,0,0,1,0,1,1,0,0,1,1,0,0,0,0
0,13,20.4,0,0,0,17.975,1,0,0,1,0,0,1,0,0,0,0,0,0,0,0,1,0,1,0,1,0
0,59,94.75,0,0,0,93.29416666666665,0,1,0,1,1,1,0,1,1,0,0,1,0,0,0,1,0,1,0,0,1
0,1,20.15,0,0,1,10.075,0,1,1,1,0,0,1,0,0,0,0,0,0,0,0,1,1,0,0,0,0
1,50,95.7,3,3,1,94.44509803921568,1,0,0,1,1,1,0,0,0,0,0,1,1,0,0,1,0,1,0,0,1
0,18,44.35,0,0,0,40.42368421052631,1,1,0,1,0,0,0,0,0,0,0,0,0,0,0,1,0,0,0,1,0
0,17,74.55,0,0,0,67.54444444444444,0,1,1,1,0,0,0,1,1,0,0,1,1,0,0,0,0,0,1,1,0
0,47,73.6,0,0,0,73.38854166666667,1,1,0,1,0,0,0,0,1,1,0,1,1,0,1,0,0,1,0,0,1
0,26,74.95,0,0,1,67.96111111111111,0,0,0,1,1,1,0,0,0,0,0,0,0,0,0,1,0,0,0,1,0
0,6,47.95,0,0,1,43.58571428571429,0,0,0,0,0,0,0,0,0,1,0,1,1,0,0,1,0,1,0,0,0
0,19,50.1,0,0,0,45.5225,1,1,1,1,1,0,0,0,0,0,0,0,0,0,0,0,1,0,0,1,0
0,3,63.6,0,0,1,38.9125,0,0,0,1,1,0,0,0,0,0,1,1,0,0,0,1,0,1,0,0,0
1,68,53.0,2,0,0,52.98913043478261,0,1,1,0,0,0,0,0,1,1,0,1,1,0,1,1,0,1,0,0,1
0,2,19.85,5,0,0,17.333333333333332,0,1,0,1,0,0,1,0,0,0,0,0,0,0,0,0,0,0,0,0,0
0,7,24.35,0,0,0,18.85625,1,0,0,0,0,0,0,0,0,0,0,0,0,1,0,1,1,0,0,0,0
0,18,19.55,0,0,0,20.486842105263158,0,0,0,1,0,0,1,0,0,0,0,0,0,0,0,1,0,0,1,1,0
0,71,25.05,0,0,0,26.023611111111112,0,1,0,1,1,0,1,0,0,0,0,0,0,0,1,0,1,0,0,0,1
1,13,93.8,0,0,0,90.07142857142857,1,1,0,1,1,1,0,1,1,0,0,0,1,0,0,0,1,0,0,1,0
0,3,36.85,4,0,1,27.175,1,0,0,0,0,0,0,0,1,0,1,0,0,0,0,1,0,0,1,0,0
0,72,103.75,0,0,0,100.63287671232877,1,1,0,1,1,1,0,0,1,1,0,1,1,0,1,1,0,0,0,0,1
0,66,56.75,0,0,0,55.34925373134328,1,1,1,0,0,0,0,0,1,1,0,1,1,0,1,1,1,0,0,0,1
0,24,20.8,0,0,0,18.785999999999998,1,1,1,1,0,0,1,0,0,0,0,0,0,1,0,1,1,0,0,1,0
0,1,44.1,0,0,1,22.05,0,0,0,1,0,0,0,0,0,0,0,0,0,0,0,1,0,1,0,0,0
0,56,24.45,0,0,0,24.31315789473684,0,1,1,1,1,0,1,0,0,0,0,0,0,0,1,1,0,0,1,0,1
1,22,25.6,0,0,0,23.86086956521739,0,1,0,1,1,0,1,0,0,0,0,0,0,1,0,0,0,0,0,1,0
0,14,50.75,0,1,1,47.516666666666666,1,0,0,0,0,0,0,0,0,1,0,1,1,0,0,1,0,1,0,1,0
1,61,104.4,0,6,1,103.30645161290323,0,1,0,1,1,1,0,0,1,1,0,1,1,1,0,1,1,0,0,0,1
1,40,39.3,0,3,1,39.93658536585366,0,1,0,0,0,0,0,0,1,0,0,1,0,0,0,1,0,1,0,0,1
0,42,59.65,0,0,0,58.989534883720935,0,0,0,1,0,0,0,1,1,1,0,0,0,0,0,0,0,0,0,0,1
0,72,83.3,0,0,0,82.77671232876712,0,1,1,1,1,0,0,1,0,1,1,1,1,0,1,1,0,0,0,0,1
0,12,79.55,2,0,0,73.71153846153847,0,0,0,1,1,1,0,0,0,0,1,0,0,0,0,1,1,0,0,0,0
0,71,24.45,0,0,0,24.036805555555556,1,1,0,1,1,0,1,0,0,0,0,0,0,0,1,0,0,0,0,0,1
0,26,19.2,4,0,0,17.022222222222222,0,1,0,1,0,0,1,0,0,0,0,0,0,1,0,0,0,0,1,1,0
0,7,29.8,0,0,0,25.24375,0,0,1,0,0,0,0,1,0,0,0,0,0,0,0,0,0,0,1,0,0
0,6,45.5,0,0,0,40.74285714285714,0,1,1,1,0,0,0,0,0,0,0,0,0,0,0,0,0,0,1,0,0
0,58,106.45,0,6,1,104.16694915254237,0,0,0,1,0,1,0,1,1,1,0,1,1,1,0,1,0,1,0,0,1
0,51,30.05,0,0,0,29.4125,1,1,0,0,0,0,0,0,1,0,0,0,0,0,0,1,1,0,0,0,1
0,72,65.65,0,0,0,63.897260273972606,1,1,1,0,0,0,0,1,1,1,1,1,1,0,1,1,0,0,0,0,1
0,18,96.05,0,1,1,91.61578947368422,0,0,0,1,0,1,0,1,0,0,0,1,1,0,0,1,0,1,0,1,0
0,7,75.1,0,0,1,69.11875,0,0,0,1,1,1,0,0,0,0,0,0,0,0,0,1,0,0,0,0,0
0,47,74.05,0,0,0,72.83958333333334,0,0,0,1,1,0,0,1,1,0,1,0,1,0,1,0,0,0,1,0,1
1,2,44.7,4,0,1,31.233333333333334,1,0,0,1,0,0,0,0,0,0,0,0,0,0,0,1,0,1,0,0,0
1,62,110.75,4,0,0,111.95793650793651,1,0,0,1,1,1,0,0,1,1,1,1,1,1,0,1,0,0,0,0,1
0,16,19.7,0,0,0,17.738235294117647,0,1,1,1,0,0,1,0,0,0,0,0,0,0,1,0,0,0,1,1,0
0,6,49.5,0,0,0,44.67142857142857,1,0,0,1,0,0,0,0,0,0,1,0,0,0,0,1,1,0,0,0,0
0,19,55.0,0,0,1,52.325,1,0,0,1,0,0,0,0,0,1,1,0,0,0,0,1,1,0,0,1,0
0,69,43.95,0,0,0,42.287142857142854,0,1,1,0,0,0,0,1,0,1,0,0,1,0,1,1,1,0,0,0,1
0,11,74.35,0,0,1,69.51666666666667,1,1,1,1,1,1,0,0,0,0,0,0,0,0,0,1,0,1,0,0,0
0,64,111.15,0,4,0,106.97538461538461,0,1,0,1,1,1,0,0,1,1,1,1,1,0,0,1,0,1,0,0,1
0,39,104.7,5,3,1,103.37125,0,1,0,1,0,1,0,1,0,1,1,1,1,1,0,1,1,0,0,0,1
0,15,55.7,0,0,1,56.2375,0,0,0,1,1,0,0,1,0,0,0,0,0,0,0,1,0,0,1,1,0
0,25,20.6,0,0,0,20.826923076923077,1,0,0,1,0,0,1,0,0,0,0,0,0,0,0,0,0,0,1,1,0
0,6,19.65,0,0,0,16.692857142857143,0,0,0,1,0,0,1,0,0,0,0,0,0,0,1,0,1,0,0,0,0
0,66,115.8,3,0,0,118.53955223880597,1,1,0,1,1,1,0,1,1,1,1,1,1,1,0,0,0,0,0,0,1
0,61,88.65,0,0,0,85.82661290322581,0,0,0,1,1,0,0,0,1,1,1,1,1,0,1,0,1,0,0,0,1
1,43,94.5,0,0,0,94.47272727272728,0,1,0,1,1,1,0,1,1,0,0,1,0,0,0,1,0,1,0,0,1
0,12,20.1,0,0,0,17.2,0,0,0,1,0,0,1,0,0,0,0,0,0,0,0,0,0,0,1,0,0
1,23,34.65,0,0,0,32.018750000000004,1,0,0,0,0,0,0,0,0,0,0,0,1,0,0,1,0,0,0,1,0
1,71,52.3,0,0,0,52.29236111111111,1,1,0,0,0,0,0,0,1,1,0,1,1,0,0,1,0,0,0,0,1
0,34,65.0,0,2,0,61.642857142857146,0,0,0,1,1,0,0,0,0,0,1,1,0,0,0,0,0,0,1,1,0
0,5,19.85,0,0,1,18.008333333333333,0,0,0,1,0,0,1,0,0,0,0,0,0,0,0,0,1,0,0,0,0
0,41,35.45,0,0,0,33.13452380952381,0,1,0,0,0,0,0,0,1,0,1,0,0,1,0,0,0,0,1,0,1
0,72,19.7,0,0,0,18.9013698630137,0,1,1,1,0,0,1,0,0,0,0,0,0,0,1,0,1,0,0,0,1
1,14,95.6,0,0,0,84.88666666666667,1,0,0,1,1,1,0,0,0,0,0,1,1,0,0,1,0,1,0,1,0
0,41,19.85,0,0,0,19.29642857142857,0,0,0,1,0,0,1,0,0,0,0,0,0,0,1,1,0,0,1,0,1
0,23,81.85,0,0,0,75.45208333333333,0,1,1,1,1,1,0,1,0,0,0,0,0,1,0,0,1,0,0,1,0
0,71,109.3,0,0,0,108.0951388888889,1,1,1,1,0,1,0,1,1,1,1,1,1,0,1,0,1,0,0,0,1
0,1,70.3,0,0,1,35.15,0,0,0,1,0,1,0,0,0,0,0,0,0,0,0,1,0,1,0,0,0
0,72,25.4,0,0,0,24.61780821917808,1,1,0,1,1,0,1,0,0,0,0,0,0,0,1,0,0,0,1,0,1
0,6,69.8,0,0,0,53.978571428571435,1,1,1,1,0,1,0,0,0,0,0,0,0,0,0,1,0,1,0,0,0
0,23,20.0,0,0,0,18.554166666666667,1,1,1,1,0,0,1,0,0,0,0,0,0,1,0,1,1,0,0,1,0
1,10,85.55,0,0,1,77.43181818181819,1,1,0,1,1,1,0,0,0,0,0,0,1,0,0,0,0,1,0,0,0
0,72,109.9,0,0,0,104.44109589041096,0,0,0,1,0,1,0,1,1,1,1,1,1,0,1,1,0,1,0,0,1
0,7,50.3,5,0,0,44.3875,0,1,0,1,0,0,0,1,0,0,0,0,0,0,0,1,0,0,0,0,0
0,6,94.5,0,0,1,82.20714285714287,1,0,1,1,0,1,0,0,0,1,0,1,1,0,0,0,0,0,1,0,0
0,9,101.5,0,0,0,90.685,1,1,1,1,0,1,0,0,1,0,1,1,1,0,0,1,0,1,0,0,0
0,12,89.15,0,0,0,81.35,0,0,0,1,1,1,0,0,1,0,0,0,1,0,0,1,0,1,0,0,0
0,1,19.4,3,0,0,9.7,0,0,0,1,0,0,1,0,0,0,0,0,0,0,0,1,0,0,1,0,0
1,48,29.9,0,0,0,28.341836734693878,0,1,1,0,0,0,0,0,1,0,0,0,0,1,0,0,0,0,0,0,1
0,20,78.8,0,0,0,78.15714285714286,1,0,0,1,0,1,0,0,0,0,0,1,0,0,0,0,0,1,0,1,0
1,16,85.35,0,0,1,80.89117647058823,0,1,0,1,1,1,0,0,0,0,0,0,1,0,0,1,1,0,0,1,0
0,2,79.65,5,0,1,50.9,0,0,0,1,0,1,0,0,0,0,0,1,0,0,0,1,0,0,1,0,0
0,10,19.3,0,0,0,16.836363636363636,0,0,0,1,0,0,1,0,0,0,0,0,0,1,0,1,0,0,1,0,0
1,2,79.6,0,0,1,65.01666666666667,0,0,0,1,0,1,0,0,0,0,0,0,1,0,0,1,0,1,0,0,0
0,20,96.8,1,1,0,86.9857142857143,1,1,1,1,1,1,0,0,1,0,1,1,0,0,0,0,0,0,1,1,0
0,20,20.65,0,0,0,19.88095238095238,1,1,0,1,0,0,1,0,0,0,0,0,0,1,0,0,0,0,1,1,0
0,19,19.8,0,0,0,17.225,1,1,1,1,0,0,1,0,0,0,0,0,0,1,0,0,0,0,1,1,0
1,19,90.6,5,2,1,83.0,1,0,0,1,1,1,0,1,0,0,0,1,0,0,0,1,0,1,0,1,0
0,22,104.6,0,0,0,94.80652173913045,1,1,0,1,0,1,0,1,1,0,1,1,1,0,0,1,0,1,0,1,0
0,35,80.05,0,0,0,78.775,0,0,0,1,1,1,0,0,0,0,1,0,0,0,0,0,1,0,0,1,0
0,1,45.15,0,0,0,22.575,0,0,0,1,0,0,0,0,0,0,0,0,0,0,0,0,0,0,1,0,0
0,39,73.15,0,0,0,68.27125,1,0,0,1,1,1,0,0,0,0,0,0,0,0,0,1,1,0,0,0,1
1,54,99.1,3,0,0,98.85636363636364,0,1,0,1,0,1,0,0,0,1,1,1,1,1,0,1,0,1,0,0,1
0,1,20.2,0,0,1,10.1,0,0,0,1,0,0,1,0,0,0,0,0,0,0,0,1,0,0,0,0,0
0,66,106.05,0,5,1,104.19925373134329,1,1,0,1,1,1,0,1,0,1,0,1,1,0,1,1,1,0,0,0,1
0,56,105.35,0,0,0,101.65701754385965,1,0,0,1,1,1,0,1,0,0,1,1,1,0,0,1,0,0,1,0,1
0,18,45.65,0,0,0,39.32631578947369,1,0,1,1,0,0,0,0,0,0,0,0,0,0,0,1,1,0,0,1,0
0,16,79.95,0,0,0,74.58529411764707,0,1,1,1,1,1,0,0,1,0,0,0,0,0,0,1,1,0,0,1,0
0,68,54.45,0,0,0,53.26014492753623,0,0,0,1,0,0,0,1,0,1,0,0,0,1,0,1,1,0,0,0,1
1,53,25.1,0,0,0,23.62222222222222,0,1,0,1,1,0,1,0,0,0,0,0,0,0,1,0,1,0,0,0,1
0,72,84.7,0,0,0,80.73835616438356,0,1,1,1,1,0,0,1,0,1,1,1,1,0,1,0,1,0,0,0,1
0,9,75.85,0,0,0,72.465,1,0,0,1,1,1,0,0,0,0,0,0,0,0,0,1,0,1,0,0,0
0,30,48.8,0,0,0,49.57258064516129,0,0,0,1,0,0,0,1,0,0,0,0,0,0,0,1,0,0,1,1,0
0,36,99.15,0,3,1,97.71891891891892,0,0,0,1,1,1,0,0,1,0,0,1,1,0,0,1,0,1,0,1,0
0,18,35.2,0,0,0,31.963157894736838,0,0,0,0,0,0,0,0,0,1,1,0,0,0,0,1,0,1,0,1,0
1,55,76.25,0,0,0,74.18839285714286,0,1,1,1,1,0,0,1,0,1,1,1,0,1,0,0,0,1,0,0,1
0,39,55.9,5,3,1,54.60875,0,1,0,0,0,0,0,1,0,1,0,1,1,0,0,0,0,1,0,0,1
0,21,82.35,0,0,1,84.22045454545454,1,0,0,1,1,1,0,0,1,0,0,0,0,0,0,1,0,1,0,1,0
0,2,40.4,0,0,1,25.71666666666667,1,0,0,0,0,0,0,0,1,1,1,0,0,0,0,1,1,0,0,0,0
1,33,24.9,1,0,0,24.935294117647057,1,0,0,1,1,0,1,0,0,0,0,0,0,1,0,1,0,0,0,1,0
0,44,54.3,0,0,0,53.121111111111105,1,1,0,0,0,0,0,0,1,1,0,1,1,0,1,0,0,0,0,0,1
0,30,66.3,0,0,0,62.04838709677419,0,1,1,1,0,0,0,1,0,0,1,0,1,0,0,0,0,0,0,1,0
0,71,20.9,0,0,0,20.73888888888889,0,1,0,1,0,0,1,0,0,0,0,0,0,0,1,1,0,0,0,0,1
0,4,75.35,4,0,1,67.62,0,0,0,1,1,1,0,0,0,0,0,0,0,0,0,0,0,1,0,0,0
0,35,85.15,0,2,1,84.18333333333334,1,0,1,1,0,1,0,0,0,1,0,1,0,1,0,1,0,1,0,1,0
0,1,75.35,0,0,0,37.675,1,1,0,1,0,1,0,0,0,1,0,0,0,0,0,0,1,0,0,0,0
1,23,104.45,2,0,0,91.03541666666666,1,1,0,1,1,1,0,0,1,1,0,1,1,0,0,1,0,1,0,1,0
0,22,49.45,0,0,0,44.84347826086957,0,0,1,0,0,0,0,0,0,1,0,1,1,1,0,1,1,0,0,1,0
0,49,19.45,0,0,0,18.426,0,0,1,1,0,0,1,0,0,0,0,0,0,1,0,0,1,0,0,0,1
0,42,92.15,0,0,0,90.12558139534885,0,1,1,1,0,1,0,0,0,1,0,1,1,0,0,1,0,1,0,0,1
0,33,93.8,0,3,1,91.8970588235294,0,1,1,1,0,1,0,0,0,1,0,1,1,1,0,1,0,1,0,1,0
0,7,19.85,3,0,0,18.01875,0,1,1,1,0,0,1,0,0,0,0,0,0,0,1,0,0,0,1,0,0
0,67,100.25,5,0,0,98.36764705882354,0,1,1,1,1,1,0,1,0,1,1,0,1,1,0,1,0,0,0,0,1
0,15,95.7,4,0,0,90.69375,1,0,0,1,1,1,0,0,1,0,1,0,1,0,0,0,0,1,0,1,0
0,67,93.15,0,0,0,93.64999999999999,1,1,0,1,1,1,0,0,1,1,0,0,1,0,1,1,0,1,0,0,1
0,53,69.7,0,0,0,69.06666666666666,1,1,1,1,0,0,0,1,1,0,1,1,0,0,1,1,0,0,1,0,1
0,21,19.8,0,0,0,15.913636363636364,1,1,1,1,0,0,1,0,0,0,0,0,0,1,0,0,0,0,1,1,0
0,40,71.35,2,0,0,69.44390243902438,0,1,1,1,0,0,0,1,1,0,1,0,1,0,0,1,0,0,1,0,1
0,22,20.75,0,0,0,19.667391304347827,0,1,1,1,0,0,1,0,0,0,0,0,0,1,0,0,0,0,0,1,0
0,39,40.6,0,0,0,37.3625,1,0,0,0,0,0,0,0,0,0,1,0,1,0,0,1,0,1,0,0,1
0,45,20.4,0,0,1,20.22717391304348,1,0,0,1,0,0,1,0,0,0,0,0,0,1,0,1,0,1,0,0,1
0,2,20.35,0,0,0,13.950000000000001,0,1,0,1,0,0,1,0,0,0,0,0,0,0,0,0,0,0,1,0,0
0,57,19.75,0,0,0,21.931896551724137,0,1,1,1,0,0,1,0,0,0,0,0,0,0,1,0,0,0,0,0,1
0,8,54.4,0,0,0,52.78888888888889,1,1,1,1,0,0,0,0,0,0,0,1,0,0,0,1,0,1,0,0,0
1,7,94.7,0,0,1,84.1375,1,1,0,1,1,1,0,1,1,0,0,0,1,0,0,1,1,0,0,0,0
0,6,30.5,0,0,1,29.814285714285713,1,0,0,0,0,0,0,0,1,0,0,0,0,0,0,1,1,0,0,0,0
0,7,20.45,0,0,0,18.84375,0,1,1,1,0,0,1,0,0,0,0,0,0,0,0,0,0,0,1,0,0
0,49,66.15,0,0,0,63.98,1,0,0,1,1,0,0,0,0,0,1,1,0,0,1,1,0,0,0,0,1
0,65,89.85,0,0,0,88.55530303030302,0,0,0,1,1,1,0,1,1,0,1,0,0,1,0,1,0,1,0,0,1
0,55,45.05,0,0,0,43.975,0,0,0,1,0,0,0,0,0,0,0,0,0,1,0,0,0,0,0,0,1
0,71,86.85,0,0,0,86.99722222222222,1,1,1,1,1,0,0,1,1,1,1,1,1,0,1,0,0,0,0,0,1
0,35,96.75,5,0,0,94.53888888888889,1,0,0,1,1,1,0,1,1,1,1,0,0,0,0,1,0,0,1,1,0
1,3,77.0,0,0,1,59.4375,1,0,0,1,1,1,0,0,0,0,0,0,0,0,0,1,0,1,0,0,0
0,11,20.1,0,0,1,18.445833333333333,0,0,1,1,0,0,1,0,0,0,0,0,0,0,0,0,1,0,0,0,0
0,1,75.3,1,0,1,37.65,0,0,0,1,0,1,0,0,0,1,0,0,0,0,0,0,0,1,0,0,0
0,17,106.65,0,0,0,92.89444444444445,1,0,0,1,1,1,0,1,1,1,1,1,0,0,0,1,0,0,0,1,0
0,72,110.15,0,0,0,107.96164383561644,0,1,0,1,1,1,0,1,0,1,1,1,1,0,1,1,1,0,0,0,1
0,28,82.85,0,0,0,80.02758620689656,0,1,1,1,0,1,0,1,0,0,0,0,1,1,0,1,0,0,0,1,0
0,18,20.1,0,0,0,19.5,0,1,0,1,0,0,1,0,0,0,0,0,0,0,1,0,0,0,1,1,0
1,40,99.2,0,4,1,99.0780487804878,0,1,0,1,0,1,0,0,1,0,1,1,1,1,0,1,1,0,0,0,1
0,52,59.45,0,0,0,57.42830188679245,0,0,0,1,0,0,0,0,0,1,0,0,1,0,0,1,0,1,0,0,1
0,47,58.6,0,0,0,56.737500000000004,0,1,0,1,0,0,0,0,1,0,0,1,0,0,0,1,0,0,0,0,1
0,23,49.7,0,0,0,45.052083333333336,0,0,0,1,0,0,0,0,0,1,0,0,0,0,0,0,1,0,0,1,0
0,66,65.85,0,0,0,61.150000000000006,1,1,1,1,0,0,0,1,1,1,1,0,0,0,1,0,0,0,1,0,1
0,8,73.5,3,0,0,70.24444444444445,0,0,0,1,1,1,0,0,0,0,0,0,0,0,0,1,0,1,0,0,0
1,47,85.5,0,3,1,84.21458333333334,1,0,0,1,0,1,0,1,0,0,0,0,1,0,0,0,0,0,1,0,1
0,7,20.05,3,0,1,20.60625,0,0,0,1,0,0,1,0,0,0,0,0,0,0,0,0,0,0,1,0,0
0,71,113.65,0,0,0,113.42777777777778,0,1,1,1,1,1,0,1,1,1,1,1,1,0,1,0,1,0,0,0,1
1,50,83.4,0,0,0,80.66078431372549,0,0,0,1,1,1,0,1,1,0,0,0,0,0,0,1,0,1,0,0,1
0,46,65.65,4,1,0,64.83297872340425,1,1,0,1,0,0,0,1,1,1,1,0,0,0,1,0,0,0,1,0,1
0,1,70.4,0,0,1,35.2,1,0,0,1,0,1,0,0,0,0,0,0,0,0,0,0,0,1,0,0,0
0,66,61.35,0,3,0,62.58805970149253,0,0,0,0,0,0,0,1,0,1,1,1,1,0,1,1,0,0,0,0,1
0,42,85.9,0,0,0,86.73837209302326,0,1,0,1,1,1,0,0,0,1,1,0,0,0,0,1,1,0,0,0,1
0,5,75.65,0,0,0,66.575,0,0,0,1,0,1,0,0,0,0,1,0,0,0,0,1,0,0,1,0,0
0,7,49.75,0,0,1,41.4125,1,1,1,1,0,0,0,1,0,0,0,0,0,1,0,1,0,1,0,0,0
0,29,70.9,0,0,0,65.48666666666666,1,0,0,1,1,0,0,0,1,1,0,0,1,1,0,0,1,0,0,1,0
0,27,49.85,0,0,0,47.71964285714286,0,1,1,1,0,0,0,0,1,0,0,0,0,0,0,0,0,0,1,1,0
1,15,75.3,0,0,1,71.715625,0,0,0,1,0,1,0,0,1,0,0,0,0,0,0,1,1,0,0,1,0
0,25,20.1,0,0,0,18.69423076923077,0,1,1,1,0,0,1,0,0,0,0,0,0,0,1,0,0,0,1,1,0
0,11,94.0,0,1,1,89.90833333333335,0,1,0,1,1,1,0,0,0,0,0,1,1,0,0,1,0,1,0,0,0
0,57,103.05,0,0,0,102.16810344827586,1,1,0,1,1,1,0,1,1,1,1,1,0,0,0,1,0,1,0,0,1
0,67,118.35,3,7,1,114.76691176470588,1,0,0,1,1,1,0,1,1,1,1,1,1,1,0,1,0,0,0,0,1
1,47,99.7,4,0,0,98.89999999999999,0,1,0,1,1,1,0,0,0,1,0,1,1,0,0,0,0,1,0,0,1
0,13,81.9,0,0,0,73.49285714285715,0,0,0,1,0,1,0,0,0,0,0,1,0,0,0,1,0,0,1,1,0
0,8,30.45,0,0,1,25.16111111111111,1,0,0,0,0,0,0,1,0,0,0,0,0,0,0,1,0,1,0,0,0
0,44,96.1,0,2,1,96.98,0,1,0,1,1,1,0,0,0,0,0,1,1,0,0,1,0,1,0,0,1
0,71,66.2,0,2,0,65.17430555555556,1,1,1,1,1,0,0,1,0,0,0,1,0,1,0,1,0,1,0,0,1
1,24,104.25,0,2,1,97.35600000000001,1,1,0,1,1,1,0,0,1,1,0,1,1,0,0,1,0,1,0,1,0
1,15,80.2,0,0,1,76.078125,1,0,0,1,1,1,0,0,1,0,0,0,0,0,0,1,0,1,0,1,0
0,1,19.75,2,0,0,9.875,0,0,0,1,0,0,1,0,0,0,0,0,0,0,0,0,0,1,0,0,0
1,2,72.6,5,0,0,51.43333333333334,1,0,0,1,1,1,0,0,0,0,0,0,0,0,0,1,0,0,1,0,0
1,55,116.5,0,3,0,113.97410714285715,1,0,0,1,1,1,0,1,1,1,1,1,1,0,0,1,0,1,0,0,1
1,71,106.8,0,0,0,105.87777777777778,1,0,0,1,1,1,0,0,1,0,1,1,1,0,1,1,0,1,0,0,1
0,50,24.95,2,0,0,24.734313725490196,1,1,1,1,1,0,1,0,0,0,0,0,0,0,1,0,0,0,1,0,1
0,1,89.25,0,0,0,44.625,1,0,0,1,0,1,0,0,0,0,0,1,1,0,0,1,0,1,0,0,0
0,5,19.25,0,0,0,14.341666666666667,1,0,0,1,0,0,1,0,0,0,0,0,0,0,0,1,0,0,1,0,0
0,66,104.55,0,0,0,101.17985074626866,0,0,0,1,1,1,0,1,1,1,1,1,0,1,0,1,0,0,0,0,1
0,49,87.2,0,0,0,86.9,0,1,1,1,0,0,0,1,1,1,1,1,1,1,0,1,0,0,1,0,1
1,3,30.75,0,0,0,20.7125,0,1,0,0,0,0,0,0,1,0,0,0,0,0,0,1,0,1,0,0,0
0,66,25.7,0,0,0,25.590298507462688,1,1,1,1,1,0,1,0,0,0,0,0,0,1,0,1,1,0,0,0,1
0,11,86.2,0,0,0,74.43333333333334,1,0,1,1,1,1,0,0,0,0,0,0,1,0,0,0,0,1,0,0,0
0,28,30.1,0,0,0,27.96034482758621,1,0,0,0,0,0,0,0,0,0,1,0,0,0,0,1,1,0,0,1,0
0,65,99.35,0,0,0,96.175,1,1,0,1,1,1,0,1,1,1,0,1,0,0,1,1,0,1,0,0,1
0,62,19.2,2,5,0,17.835714285714285,0,0,0,1,0,0,1,0,0,0,0,0,0,0,1,1,1,0,0,0,1
0,2,20.1,0,0,0,14.383333333333333,0,1,0,1,0,0,1,0,0,0,0,0,0,0,0,0,0,0,0,0,0
0,2,20.35,3,0,0,11.700000000000001,0,0,0,1,0,0,1,0,0,0,0,0,0,0,0,0,1,0,0,0,0
0,55,25.65,0,0,0,24.785714285714285,0,1,1,1,1,0,1,0,0,0,0,0,0,0,1,1,1,0,0,0,1
1,41,94.55,0,3,0,91.70119047619048,1,1,0,1,0,1,0,0,1,0,0,1,1,0,0,1,0,1,0,0,1
0,17,104.2,0,1,1,96.86111111111111,0,1,1,1,1,1,0,1,0,1,0,1,1,0,0,1,0,1,0,1,0
0,30,94.4,0,0,0,85.1,0,0,0,1,0,1,0,0,0,0,1,1,1,1,0,1,0,0,0,1,0
0,17,56.1,0,0,0,52.608333333333334,1,0,0,1,0,0,0,1,1,0,0,0,0,1,0,0,0,0,1,1,0
0,16,68.25,0,0,0,65.57941176470588,0,1,1,1,0,0,0,1,1,0,1,0,1,0,1,0,0,0,0,1,0
0,72,24.75,5,0,0,24.350684931506848,1,0,0,1,1,0,1,0,0,0,0,0,0,0,1,0,0,0,0,0,1
0,9,76.25,2,0,0,68.485,1,0,0,1,1,1,0,0,0,0,0,0,0,0,0,1,0,1,0,0,0
0,1,74.35,0,0,0,37.175,0,0,0,1,0,1,0,0,1,0,0,0,0,0,0,0,0,1,0,0,0
0,23,54.15,0,0,0,54.68541666666667,1,0,1,1,0,0,0,0,1,0,1,0,0,0,0,0,0,1,0,1,0
0,8,19.45,0,0,0,17.688888888888886,1,0,1,1,0,0,1,0,0,0,0,0,0,0,0,0,0,0,0,0,0
0,19,34.95,0,0,0,30.51,1,1,1,0,0,0,0,1,1,0,0,0,0,0,0,1,0,0,1,1,0
0,7,53.65,0,0,0,50.54375,0,0,0,1,1,0,0,1,0,0,0,0,0,0,0,1,0,1,0,0,0
1,1,69.65,0,0,1,34.825,1,0,0,1,0,1,0,0,0,0,0,0,0,0,0,1,0,1,0,0,0
0,61,104.0,0,0,0,102.63629032258065,1,0,0,1,1,1,0,1,0,1,0,1,1,1,0,0,0,1,0,0,1
0,57,70.35,0,0,0,71.11465517241379,0,1,0,1,0,0,0,1,1,0,1,1,0,0,1,1,1,0,0,0,1
0,9,80.8,0,0,1,71.31,1,0,0,1,0,1,0,0,0,0,0,0,1,0,0,1,0,1,0,0,0
0,15,64.85,0,0,0,59.421875,1,0,1,1,0,0,0,1,0,1,0,0,1,1,0,0,0,0,1,1,0
0,1,19.65,0,0,0,9.825,0,0,0,1,0,0,1,0,0,0,0,0,0,0,0,0,0,0,1,0,0
0,12,45.9,0,0,0,38.919230769230765,0,1,0,1,0,0,0,0,0,0,0,0,0,0,0,0,0,0,0,0,0
0,54,20.0,0,0,0,20.902727272727276,1,0,0,1,0,0,1,0,0,0,0,0,0,0,1,0,0,0,1,0,1
0,4,44.8,0,0,0,33.93,1,1,1,1,0,0,0,0,0,0,0,0,0,0,0,0,0,1,0,0,0
0,7,80.3,3,0,1,65.8375,0,0,0,1,0,1,0,0,0,0,0,1,0,0,0,1,0,0,1,0,0
0,20,20.35,5,0,0,18.72142857142857,0,1,0,1,0,0,1,0,0,0,0,0,0,1,0,0,0,0,1,1,0
0,26,45.8,0,0,0,42.48148148148148,0,0,1,0,0,0,0,1,0,0,1,0,1,0,0,0,0,0,1,1,0
1,36,84.1,0,0,1,81.66486486486487,1,1,0,1,1,1,0,0,0,0,0,0,1,0,0,1,0,1,0,1,0
0,53,108.95,0,3,0,105.89259259259259,0,1,0,1,1,1,0,0,1,1,1,1,1,1,0,1,0,0,0,0,1
0,3,69.35,0,0,1,47.8375,1,0,0,1,0,0,0,0,0,0,1,1,1,0,0,1,0,1,0,0,0
0,68,64.35,3,0,0,65.7913043478261,0,0,0,0,0,0,0,1,1,1,1,1,1,0,1,0,1,0,0,0,1
0,72,90.8,0,0,0,87.63835616438357,1,1,1,1,1,0,0,1,1,1,1,1,1,0,1,1,1,0,0,0,1
0,12,24.95,5,0,0,21.569230769230767,1,0,0,1,1,0,1,0,0,0,0,0,0,1,0,0,1,0,0,0,0
1,34,79.6,0,0,1,77.66571428571429,0,1,1,1,1,1,0,0,1,0,0,0,0,0,0,1,0,0,1,1,0
0,68,84.7,0,0,0,82.76884057971014,0,1,0,1,1,1,0,1,1,0,0,0,0,0,1,1,0,0,0,0,1
0,50,70.8,0,0,0,68.19901960784314,0,0,1,1,0,0,0,1,0,1,1,1,0,1,0,1,1,0,0,0,1
1,1,36.45,0,0,1,18.225,0,0,0,0,0,0,0,0,0,0,0,1,0,0,0,1,0,1,0,0,0
1,41,104.4,1,0,0,98.42738095238094,0,0,0,1,1,1,0,0,1,1,0,1,1,0,0,1,0,1,0,0,1
1,30,101.5,0,0,0,94.11774193548388,1,1,0,1,1,1,0,0,0,0,1,1,1,0,0,1,0,1,0,1,0
0,1,54.3,0,0,0,27.15,1,0,0,1,1,0,0,0,1,0,0,0,0,0,0,0,0,1,0,0,0
1,29,103.95,2,0,0,98.82666666666667,1,1,1,1,1,1,0,0,0,1,0,1,1,0,0,1,0,1,0,1,0
0,23,91.1,0,0,0,91.59583333333335,0,1,1,1,1,0,0,1,1,1,1,1,1,0,1,1,1,0,0,1,0
0,60,19.95,0,0,0,19.50655737704918,1,0,1,1,0,0,1,0,0,0,0,0,0,0,1,0,0,0,1,0,1
0,72,26.45,0,0,0,26.226027397260275,0,1,0,1,1,0,1,0,0,0,0,0,0,0,1,0,1,0,0,0,1
0,22,89.4,0,3,1,87.02173913043478,1,0,1,1,0,1,0,0,1,1,0,1,0,0,0,1,0,1,0,1,0
0,72,75.1,0,0,0,73.10068493150685,1,0,0,1,0,0,0,1,1,1,1,1,0,0,1,1,0,0,0,0,1
1,66,108.1,0,0,0,108.03880597014926,0,0,0,1,1,1,0,0,1,1,0,1,1,1,0,0,0,0,0,0,1
0,72,110.15,0,0,0,109.57260273972604,0,1,0,1,1,1,0,0,1,1,1,1,1,0,1,1,0,1,0,0,1
1,47,80.35,3,4,1,79.70520833333333,0,1,0,1,1,1,0,1,0,0,0,0,0,0,0,0,0,1,0,0,1
0,51,111.5,0,0,0,109.67788461538461,0,0,0,1,1,1,0,0,1,1,1,1,1,1,0,1,0,1,0,0,1
0,70,106.5,5,4,0,104.1830985915493,0,1,1,1,1,1,0,0,1,1,0,1,1,1,0,1,0,1,0,0,1
0,9,19.9,0,0,0,16.46,1,0,0,1,0,0,1,0,0,0,0,0,0,1,0,1,0,1,0,0,0
0,59,111.1,0,4,0,109.25333333333333,1,1,1,1,1,1,0,1,1,0,1,1,1,0,1,1,0,0,1,0,1
0,3,70.7,0,0,0,56.4125,1,0,1,1,0,0,0,0,0,0,1,1,1,0,0,0,0,0,1,0,0
1,38,24.85,0,0,0,24.506410256410255,1,1,0,0,0,0,0,0,0,0,0,0,0,0,0,1,0,1,0,0,1
0,37,91.2,0,0,0,89.0078947368421,0,0,0,1,1,1,0,1,1,1,0,0,0,0,0,0,0,0,0,0,1
0,37,65.6,0,0,0,60.88947368421053,1,0,0,1,0,0,0,1,1,1,1,0,0,0,1,0,0,0,0,0,1
1,24,40.65,0,2,1,37.332,0,1,0,0,0,0,0,0,0,1,0,0,1,0,0,1,1,0,0,1,0
0,14,59.45,0,0,0,52.056666666666665,0,1,1,1,0,0,0,1,1,0,1,0,0,0,0,0,0,0,0,1,0
0,72,109.95,0,0,0,107.56712328767122,1,1,0,1,1,1,0,1,1,0,1,1,1,0,1,1,1,0,0,0,1
0,53,60.45,0,5,1,58.967592592592595,1,1,0,0,0,0,0,0,1,1,1,1,1,1,0,1,0,1,0,0,1
0,8,84.9,3,0,1,84.99444444444445,0,1,0,1,1,1,0,0,0,0,0,0,1,0,0,1,0,1,0,0,0
0,72,38.5,0,0,0,37.84931506849315,1,1,1,0,0,0,0,1,1,1,0,0,0,0,1,0,1,0,0,0,1
1,17,92.55,0,0,0,89.70555555555556,0,1,0,1,1,1,0,0,0,0,0,1,1,0,0,1,0,1,0,1,0
0,2,73.55,0,0,1,48.46666666666667,0,1,1,1,0,1,0,0,1,0,0,0,0,0,0,1,0,0,0,0,0
0,8,20.15,0,0,1,17.36111111111111,0,1,0,1,0,0,1,0,0,0,0,0,0,0,0,0,0,0,0,0,0
0,48,34.7,0,3,1,32.744897959183675,0,1,0,0,0,0,0,0,1,1,0,0,0,1,0,0,0,0,1,0,1
0,10,24.5,2,0,0,24.55909090909091,0,0,0,1,1,0,1,0,0,0,0,0,0,0,0,1,0,0,1,0,0
0,0,19.7,0,0,0,1401.4,1,1,1,1,0,0,1,0,0,0,0,0,0,1,0,1,0,0,1,0,0
0,1,20.6,0,0,0,10.3,1,0,0,1,0,0,1,0,0,0,0,0,0,0,0,0,0,0,1,0,0
0,29,58.0,0,0,0,57.81666666666667,0,0,0,1,0,0,0,1,0,1,1,0,0,1,0,0,1,0,0,1,0
1,65,107.45,0,0,0,106.78030303030303,0,1,1,1,1,1,0,0,1,1,0,1,1,1,0,1,0,1,0,0,1
0,8,65.5,0,0,0,63.68333333333333,0,0,0,1,1,0,0,1,1,1,0,0,0,0,0,1,0,0,0,0,0
0,61,25.45,0,0,0,24.816129032258065,1,1,0,1,1,0,1,0,0,0,0,0,0,0,1,0,0,0,0,0,1
1,45,100.15,0,0,0,96.95217391304348,0,0,0,1,1,1,0,0,0,1,0,1,1,1,0,1,0,0,0,0,1
0,72,104.45,2,0,0,102.17808219178082,1,1,1,1,1,1,0,0,1,1,0,1,1,1,0,1,1,0,0,0,1
0,12,21.15,0,0,0,23.542307692307695,1,1,1,1,0,0,1,0,0,0,0,0,0,0,0,1,0,1,0,0,0
0,7,96.2,0,0,0,79.9625,1,0,0,1,1,1,0,0,0,0,0,1,1,0,0,0,0,1,0,0,0
0,9,44.4,0,0,0,34.815,1,0,0,1,0,0,0,0,0,0,0,0,0,0,0,1,0,0,1,0,0
1,43,107.55,0,4,1,103.04318181818181,0,1,0,1,1,1,0,0,0,1,1,1,1,1,0,1,0,1,0,0,1
0,58,94.35,3,5,0,94.29915254237288,1,1,1,1,1,1,0,0,0,1,1,0,1,0,1,0,0,0,0,0,1
1,16,98.75,0,1,1,93.38529411764705,1,1,0,1,1,1,0,0,0,1,0,1,1,0,0,1,0,1,0,1,0
0,2,20.3,0,0,0,13.416666666666666,1,1,1,1,0,0,1,0,0,0,0,0,0,0,0,0,0,0,1,0,0
0,8,101.15,2,0,1,93.65555555555555,0,1,0,1,0,1,0,0,1,1,0,1,1,0,0,0,0,1,0,0,0
0,40,105.75,0,0,0,103.13536585365854,0,1,0,1,1,1,0,1,0,1,0,1,1,1,0,0,0,0,0,0,1
0,9,81.15,0,0,0,78.44500000000001,1,0,0,1,1,1,0,1,0,0,0,0,0,0,0,1,0,1,0,0,0
0,41,89.55,0,0,0,88.80357142857143,1,0,0,1,0,1,0,0,1,0,1,1,0,1,0,1,0,1,0,0,1
0,26,54.75,0,0,0,52.10740740740741,0,0,0,1,0,0,0,0,1,1,0,0,0,0,0,1,1,0,0,1,0
0,33,53.75,0,0,0,54.62647058823529,0,1,0,1,0,0,0,0,1,0,1,0,0,1,0,1,1,0,0,1,0
0,68,105.75,0,0,0,106.1231884057971,1,1,1,1,0,1,0,0,1,1,1,1,1,1,0,0,1,0,0,0,1
1,65,105.85,5,0,0,101.90151515151516,0,1,0,1,0,1,0,0,1,1,1,1,1,0,1,1,1,0,0,0,1
0,55,64.2,2,0,0,64.77321428571429,1,0,0,1,0,0,0,0,1,0,1,0,1,1,0,1,0,1,0,0,1
0,20,88.7,0,2,1,83.87857142857143,1,0,0,1,1,1,0,0,0,1,0,1,0,0,0,1,0,1,0,1,0
0,19,87.7,0,0,0,86.2975,1,0,0,1,0,1,0,0,0,0,1,0,1,1,0,1,1,0,0,1,0
0,45,89.3,0,0,0,91.1336956521739,0,0,0,1,1,1,0,0,0,1,0,0,1,0,0,1,1,0,0,0,1
0,70,20.15,0,0,0,19.87605633802817,0,1,1,1,0,0,1,0,0,0,0,0,0,0,1,1,1,0,0,0,1
0,2,79.75,0,0,1,54.833333333333336,0,0,0,1,0,1,0,0,0,0,0,1,0,0,0,1,0,1,0,0,0
0,27,94.55,0,2,1,97.30714285714285,0,0,0,1,1,1,0,0,0,0,0,1,1,0,0,1,0,0,1,1,0
0,12,20.05,0,0,0,20.35,0,1,0,1,0,0,1,0,0,0,0,0,0,0,1,1,0,1,0,0,0
0,72,67.2,4,0,0,63.9958904109589,1,0,1,0,0,0,0,1,1,1,1,1,1,0,1,0,1,0,0,0,1
0,12,94.55,0,0,0,90.27307692307691,1,0,0,1,1,1,0,0,0,0,0,1,1,0,0,0,0,1,0,0,0
1,5,69.05,3,0,1,53.083333333333336,0,0,0,1,0,1,0,0,0,0,0,0,0,0,0,1,0,0,1,0,0
1,71,107.5,0,0,0,107.13263888888889,1,1,0,1,1,1,0,1,1,1,0,1,1,0,0,1,0,1,0,0,1
1,35,73.0,5,0,0,68.64583333333333,1,0,0,1,0,0,0,0,0,1,1,1,1,1,0,1,0,1,0,1,0
0,70,114.75,0,0,0,110.4549295774648,1,1,1,1,1,1,0,1,1,1,1,1,1,0,1,0,1,0,0,0,1
0,31,76.05,0,0,0,69.61875,0,0,0,1,1,1,0,0,0,0,0,0,0,0,0,1,0,1,0,1,0
0,52,96.25,0,5,1,94.15566037735849,1,1,1,1,1,1,0,0,0,1,1,0,1,0,1,1,0,0,0,0,1
1,37,101.1,0,2,1,98.52763157894738,1,0,0,1,1,1,0,0,0,1,0,1,1,0,0,1,0,1,0,0,1
0,69,104.7,0,6,1,103.14785714285715,1,0,0,1,1,1,0,0,1,0,1,1,1,1,0,1,0,0,0,0,1
1,30,77.9,0,0,0,75.8532258064516,1,1,0,1,1,1,0,0,0,0,0,0,0,0,0,0,0,0,1,1,0
0,33,90.65,0,0,0,87.92941176470588,0,0,0,1,1,1,0,1,0,0,0,0,1,0,0,1,0,1,0,1,0
1,54,110.45,1,0,0,110.50454545454545,1,1,0,1,1,1,0,0,1,1,1,1,1,0,1,1,0,1,0,0,1
0,59,68.7,0,0,0,67.84916666666666,0,0,0,1,1,0,0,1,0,0,1,0,1,1,0,0,0,0,0,0,1
1,55,44.85,0,0,0,44.268750000000004,1,0,0,0,0,0,0,1,1,0,0,1,0,0,0,1,0,1,0,0,1
1,69,29.8,4,0,0,30.490000000000002,1,1,0,0,0,0,0,0,0,1,0,0,0,1,0,1,1,0,0,0,1
0,66,88.9,0,0,0,89.55373134328359,0,0,0,1,1,1,0,0,1,0,0,1,0,1,0,1,0,0,0,0,1
0,37,58.75,1,0,0,57.97631578947368,1,1,1,1,0,0,0,1,0,1,1,0,0,1,0,1,0,0,1,0,1
1,9,19.85,0,0,0,18.315,1,1,0,1,0,0,1,0,0,0,0,0,0,1,0,0,1,0,0,0,0
0,69,86.9,1,0,0,88.48714285714286,1,1,1,1,1,0,0,1,0,1,1,1,1,0,1,0,0,0,0,0,1
0,10,59.65,0,0,0,58.08636363636364,1,0,0,1,0,0,0,0,1,0,0,1,0,0,0,1,0,0,1,0,0
0,40,55.25,0,4,1,52.17560975609756,1,0,1,1,0,0,0,1,1,0,0,0,0,0,0,1,0,0,1,0,1
0,13,66.4,0,0,0,59.410714285714285,1,0,1,1,0,0,0,0,0,0,0,1,1,0,0,0,1,0,0,1,0
0,6,90.1,0,0,1,74.47142857142856,0,0,0,1,1,1,0,0,1,0,0,1,0,0,0,1,0,1,0,0,0
0,69,20.15,0,0,0,19.107142857142858,0,1,1,1,0,0,1,0,0,0,0,0,0,0,1,0,0,0,0,0,1
1,66,108.1,0,0,0,107.19328358208955,0,1,0,1,1,1,0,0,1,1,1,1,1,1,0,1,1,0,0,0,1
0,11,53.75,0,0,1,50.666666666666664,1,0,0,1,1,0,0,0,0,1,0,0,0,0,0,0,0,1,0,0,0
0,46,56.9,0,0,0,54.47021276595744,1,1,1,1,0,0,0,1,0,1,1,0,0,1,0,0,0,0,1,0,1
0,6,89.3,0,1,1,82.51428571428572,0,0,0,1,0,1,0,0,0,0,0,1,1,0,0,0,0,1,0,0,0
0,56,109.6,2,0,0,104.43859649122807,0,1,1,1,1,1,0,1,0,1,1,1,1,0,0,1,0,0,1,0,1
0,70,25.15,0,0,0,25.213380281690142,1,1,1,1,1,0,1,0,0,0,0,0,0,0,1,0,1,0,0,0,1
0,33,79.15,2,0,0,74.45294117647059,0,1,1,1,1,0,0,0,0,1,1,1,1,1,0,1,0,1,0,1,0
0,72,66.75,0,0,0,65.2095890410959,0,1,1,1,1,0,0,1,1,0,1,0,0,0,1,0,1,0,0,0,1
0,3,95.2,3,1,1,73.2125,0,1,0,1,1,1,0,0,0,0,0,1,1,0,0,1,0,1,0,0,0
0,19,48.8,0,1,0,47.6825,0,0,1,1,0,0,0,0,0,0,1,0,0,0,0,0,0,0,1,1,0
1,5,45.7,0,0,1,33.0,0,0,0,0,0,0,0,0,0,0,0,1,1,0,0,0,0,1,0,0,0
0,71,80.7,0,5,0,79.23680555555556,0,1,0,1,0,0,0,0,1,1,1,1,1,0,1,1,1,0,0,0,1
0,8,74.5,0,0,1,67.76666666666667,1,1,0,1,0,1,0,1,0,0,0,0,0,0,0,1,0,1,0,0,0
0,1,20.55,3,0,0,10.275,1,0,0,1,0,0,1,0,0,0,0,0,0,0,0,0,1,0,0,0,0
0,1,79.65,0,0,1,39.825,0,0,0,1,0,1,0,0,0,0,0,1,0,0,0,1,0,1,0,0,0
0,61,115.1,3,0,0,112.8008064516129,0,0,0,1,1,1,0,1,1,1,1,1,1,1,0,1,0,0,1,0,1
0,71,59.7,0,0,0,57.259027777777774,0,1,1,0,0,0,0,1,1,0,1,1,1,0,1,0,0,0,0,0,1
0,68,86.45,0,0,0,83.52101449275362,0,1,0,1,1,1,0,0,1,1,0,0,0,1,0,0,1,0,0,0,1
0,46,33.7,0,0,0,32.72021276595744,1,0,0,0,0,0,0,0,0,1,1,0,0,1,0,0,1,0,0,0,1
0,33,80.1,0,0,0,76.56764705882354,1,0,0,1,1,1,0,1,0,0,0,0,0,1,0,0,0,0,0,1,0
0,53,104.05,0,0,0,103.08148148148148,0,1,1,1,1,1,0,1,1,1,1,0,1,0,1,1,0,0,0,0,1
1,50,108.75,0,0,0,106.5078431372549,0,1,0,1,1,1,0,1,1,1,0,1,1,0,0,0,0,0,0,0,1
0,57,41.1,0,0,0,38.935344827586206,0,0,0,0,0,0,0,1,0,1,1,0,0,1,0,1,1,0,0,0,1
0,54,20.35,0,3,0,19.86090909090909,0,1,1,1,0,0,1,0,0,0,0,0,0,0,1,1,0,0,0,0,1
1,60,105.9,0,0,0,104.93852459016394,0,1,0,1,1,1,0,0,1,1,0,1,1,0,0,1,0,1,0,0,1
1,28,101.3,2,3,1,96.97241379310344,0,1,0,1,1,1,0,0,0,0,1,1,1,0,0,1,1,0,0,1,0
0,1,80.05,0,0,1,40.025,0,1,1,1,0,1,0,0,0,0,0,1,0,0,0,1,0,0,1,0,0
0,29,89.2,0,3,1,89.945,1,1,1,1,1,1,0,0,0,1,0,0,1,0,0,1,0,1,0,1,0
0,10,65.5,5,0,0,56.08181818181818,0,1,1,1,0,0,0,0,1,0,1,0,1,0,0,1,0,1,0,0,0
0,43,40.45,0,0,0,43.47386363636363,1,0,1,0,0,0,0,1,1,1,0,0,0,0,0,1,0,1,0,0,1
1,13,70.45,0,0,0,60.65,1,1,0,1,0,1,0,0,0,0,0,0,0,0,0,0,0,0,0,1,0
0,43,78.8,0,0,0,78.64318181818182,0,1,0,1,0,0,0,1,0,1,1,1,1,0,1,1,0,1,0,0,1
0,19,83.65,0,0,1,73.2875,1,1,1,1,1,1,0,0,0,0,0,0,1,0,0,1,0,1,0,1,0
0,1,90.1,0,0,0,45.05,1,1,1,1,0,1,0,0,0,0,0,1,1,0,0,1,0,1,0,0,0
0,69,82.45,0,0,0,79.36142857142858,0,0,0,1,0,0,0,1,0,1,1,1,1,0,1,1,1,0,0,0,1
0,61,20.25,0,0,0,20.625806451612902,0,1,0,1,0,0,1,0,0,0,0,0,0,0,1,0,1,0,0,0,1
0,43,66.25,0,0,0,66.07613636363637,1,1,0,1,1,0,0,1,1,0,1,0,0,0,0,0,0,0,0,0,1
0,6,19.5,0,0,1,20.900000000000002,0,1,0,1,0,0,1,0,0,0,0,0,0,0,0,0,0,0,0,0,0
0,1,51.25,0,0,1,25.625,1,0,0,1,0,0,0,0,0,0,1,0,0,0,0,0,0,0,1,0,0
0,56,89.7,2,3,0,86.8938596491228,1,1,0,1,0,1,0,0,0,0,0,1,1,0,0,0,0,0,1,0,1
0,70,64.55,0,0,0,63.44929577464788,0,1,0,0,0,0,0,1,1,1,1,1,1,0,1,0,0,0,0,0,1
0,1,45.6,0,0,1,22.8,1,0,0,1,0,0,0,0,0,0,0,0,0,0,0,1,0,1,0,0,0
0,49,93.65,0,0,0,90.40299999999999,1,1,1,1,1,1,0,0,1,1,0,1,0,1,0,1,0,1,0,0,1
0,6,49.65,0,0,1,38.19285714285714,0,0,0,1,0,0,0,0,0,0,1,0,0,0,0,1,0,0,0,0,0
0,32,73.6,2,0,0,70.20757575757575,0,1,1,1,0,0,0,1,1,1,1,0,1,0,1,0,0,0,1,1,0
1,72,109.75,0,0,0,110.62123287671233,0,1,0,1,1,1,0,1,0,1,1,1,1,0,1,1,0,0,1,0,1
0,37,61.45,0,0,0,60.58815789473684,1,0,1,1,0,0,0,1,1,0,1,0,0,0,1,0,1,0,0,0,1
0,69,106.4,0,0,0,103.59857142857142,0,1,0,1,0,1,0,1,1,0,1,1,1,1,0,1,1,0,0,0,1
0,26,81.9,3,0,0,76.98333333333333,0,1,0,1,0,0,0,0,1,1,1,1,1,0,0,0,0,0,0,1,0
0,58,105.2,0,0,0,105.51525423728813,0,1,1,1,1,1,0,0,1,1,0,1,1,1,0,1,1,0,0,0,1
0,24,54.6,0,0,0,49.69,1,0,0,1,1,0,0,0,0,0,1,0,0,1,0,0,0,0,0,1,0
0,5,20.55,0,0,0,16.575,1,1,1,1,0,0,1,0,0,0,0,0,0,1,0,0,0,1,0,0,0
0,15,20.0,0,0,1,18.003125,1,1,1,1,0,0,1,0,0,0,0,0,0,0,0,1,0,1,0,1,0
0,30,19.7,0,0,0,19.330645161290324,0,1,1,1,0,0,1,0,0,0,0,0,0,0,1,0,0,0,1,1,0
0,55,66.05,1,0,0,61.823214285714286,0,1,0,1,1,0,0,1,1,0,1,0,0,1,0,1,1,0,0,0,1
0,25,34.0,0,0,1,32.80769230769231,0,1,0,0,0,0,0,0,0,0,0,1,0,0,0,1,0,0,0,1,0
1,10,92.5,0,1,1,84.91818181818182,1,1,0,1,0,1,0,0,1,1,1,1,0,0,0,1,0,0,1,0,0
0,44,54.05,0,0,0,52.78222222222222,1,1,1,0,0,0,0,1,1,1,1,0,1,0,1,1,1,0,0,0,1
0,47,58.9,0,0,0,58.60520833333334,0,0,0,1,0,0,0,1,1,0,1,0,0,1,0,1,0,0,1,0,1
0,13,88.35,0,1,1,87.34285714285714,0,1,1,1,0,1,0,0,0,0,0,1,1,0,0,0,0,1,0,1,0
0,49,107.95,0,5,1,105.86399999999999,0,1,1,1,1,1,0,0,1,1,1,1,1,0,1,1,0,0,0,0,1
0,64,96.9,0,0,0,97.14384615384616,0,1,0,1,0,1,0,1,0,0,1,1,1,1,0,1,0,0,1,0,1
0,1,19.1,0,0,0,9.55,1,0,0,1,0,0,1,0,0,0,0,0,0,0,0,0,0,0,1,0,0
0,20,50.0,0,0,0,47.76428571428571,1,0,0,1,0,0,0,0,0,0,1,0,0,0,0,0,0,0,1,1,0
0,37,45.4,0,0,0,41.92368421052631,0,1,0,0,0,0,0,1,0,0,1,1,0,0,1,0,0,1,0,0,1
0,30,85.45,0,0,0,80.96612903225805,1,1,1,1,1,1,0,0,0,0,0,1,0,0,0,0,0,1,0,1,0
0,38,84.1,0,0,0,81.73461538461538,0,0,0,1,1,0,0,1,1,1,0,1,1,1,0,0,0,0,0,0,1
1,1,74.45,0,0,1,37.225,0,0,0,1,1,1,0,0,0,0,0,0,0,0,0,1,0,0,1,0,0
0,37,64.75,0,4,1,61.715789473684204,0,0,0,1,0,0,0,0,0,0,0,1,1,0,0,1,0,1,0,0,1
0,52,66.25,0,0,0,62.83207547169811,0,1,0,0,0,0,0,1,1,1,1,1,1,0,1,0,1,0,0,0,1
0,71,76.9,3,0,0,76.70416666666667,1,0,1,1,0,0,0,1,1,1,1,1,0,0,1,1,1,0,0,0,1
0,26,89.8,0,2,1,86.4925925925926,1,0,0,1,0,1,0,0,1,1,0,1,0,0,0,0,0,1,0,1,0
0,66,74.6,0,0,0,71.61791044776119,1,0,0,1,1,0,0,1,1,1,0,0,1,0,1,1,1,0,0,0,1
0,72,116.95,0,0,0,117.73150684931507,1,1,0,1,1,1,0,1,1,1,1,1,1,0,1,1,1,0,0,0,1
0,25,40.65,0,0,0,37.32884615384615,1,0,1,0,0,0,0,1,0,0,0,1,0,1,0,1,1,0,0,1,0
0,69,114.35,1,0,0,109.51142857142857,1,1,1,1,1,1,0,1,1,1,1,1,1,0,1,1,0,0,0,0,1
0,53,69.7,0,0,0,68.2601851851852,1,1,1,1,1,0,0,1,1,0,0,0,1,0,1,0,0,0,0,0,1
0,12,95.5,0,1,1,85.78076923076924,0,0,0,1,0,1,0,0,0,1,0,1,1,1,0,0,0,0,1,0,0
0,26,98.65,0,0,0,93.96296296296296,1,0,0,1,0,1,0,0,0,1,1,1,1,0,0,1,0,1,0,1,0
0,21,61.65,0,0,0,63.345454545454544,1,0,0,1,0,0,0,0,0,1,0,0,1,0,0,0,0,0,1,1,0
0,1,89.35,0,0,0,44.675,0,0,1,1,0,1,0,0,0,0,0,1,1,0,0,1,0,1,0,0,0
0,48,95.4,0,0,0,90.7204081632653,1,0,0,1,1,1,0,1,0,0,1,0,1,0,0,1,0,1,0,0,1
0,26,35.4,1,0,0,36.24444444444445,0,1,0,0,0,0,0,1,0,1,0,0,0,1,0,0,1,0,0,1,0
0,60,19.95,0,0,0,20.625409836065575,1,1,0,1,0,0,1,0,0,0,0,0,0,0,1,0,0,0,1,0,1
0,18,19.25,0,0,0,17.439473684210526,1,0,0,1,0,0,1,0,0,0,0,0,0,0,0,0,0,0,1,1,0
1,10,29.65,0,0,1,26.49090909090909,0,0,0,0,0,0,0,0,0,0,1,0,0,0,0,1,0,1,0,0,0
0,5,84.5,2,1,1,75.625,1,1,1,1,1,1,0,1,0,1,0,0,0,0,0,1,0,1,0,0,0
0,4,20.4,1,0,0,16.95,0,0,1,1,0,0,1,0,0,0,0,0,0,1,0,1,0,0,1,0,0
0,65,24.75,0,0,0,25.986363636363635,1,1,1,1,1,0,1,0,0,0,0,0,0,0,1,0,1,0,0,0,1
0,70,25.35,5,0,0,24.157042253521126,1,1,1,1,1,0,1,0,0,0,0,0,0,0,1,0,0,0,1,0,1
0,18,90.7,0,1,1,84.0657894736842,1,0,0,1,1,1,0,0,0,1,0,0,1,0,0,1,1,0,0,1,0
0,62,20.0,4,0,0,19.84285714285714,1,0,1,1,0,0,1,0,0,0,0,0,0,0,1,0,0,0,0,0,1
0,66,59.75,0,0,0,59.65373134328358,0,1,1,1,0,0,0,1,0,0,0,1,0,0,1,1,0,1,0,0,1
0,65,82.5,1,0,0,79.01666666666667,0,1,1,1,1,0,0,1,1,0,1,1,1,0,1,1,0,0,0,0,1
1,3,70.3,0,0,1,58.875,0,0,0,1,0,1,0,0,0,0,0,0,0,0,0,1,0,1,0,0,0
0,34,20.35,4,0,0,19.234285714285715,0,0,0,1,0,0,1,0,0,0,0,0,0,0,0,0,0,0,1,1,0
0,16,90.8,0,0,0,84.83529411764707,1,1,1,1,1,1,0,0,0,1,0,1,0,0,0,1,0,0,0,1,0
0,54,103.95,0,5,1,102.52818181818182,0,0,0,1,1,1,0,1,0,1,0,1,1,1,0,1,0,0,0,0,1
1,50,104.95,0,0,0,102.39901960784314,0,0,0,1,1,1,0,0,0,1,1,1,1,0,0,1,0,1,0,0,1
0,71,105.25,0,0,0,101.27430555555556,1,1,0,1,0,1,0,0,1,1,1,1,1,0,1,1,0,1,0,0,1
0,10,74.75,2,0,1,72.69545454545454,0,0,0,1,1,1,0,0,0,0,0,0,0,0,0,1,0,1,0,0,0
0,1,50.8,0,0,1,25.4,0,0,0,1,0,0,0,0,0,0,1,0,0,0,0,1,0,1,0,0,0
0,18,23.75,0,1,0,22.342105263157894,1,0,0,1,1,0,1,0,0,0,0,0,0,1,0,0,0,0,1,1,0
0,4,61.3,4,0,0,49.88,1,0,0,1,0,0,0,0,0,0,1,1,0,0,0,1,0,1,0,0,0
0,58,75.8,0,0,0,74.84322033898304,0,1,1,1,1,0,0,1,0,1,1,1,0,0,1,0,0,0,1,0,1
0,56,98.0,1,0,0,92.46666666666667,0,1,0,1,1,1,0,1,0,0,0,1,1,1,0,1,0,1,0,0,1
0,2,80.25,0,0,1,48.18333333333334,1,0,0,1,0,1,0,0,0,0,0,1,0,0,0,1,0,1,0,0,0
0,32,78.9,0,2,1,74.18030303030302,1,1,0,1,1,1,0,0,0,1,0,0,0,0,0,1,0,1,0,1,0
0,56,52.0,0,0,0,50.612280701754386,1,1,1,0,0,0,0,1,1,0,1,1,0,1,0,1,0,0,1,0,1
0,36,84.75,2,0,1,82.43648648648649,1,0,0,1,1,1,0,0,0,0,0,0,1,0,0,1,0,1,0,1,0
0,4,64.4,3,0,0,50.6,0,0,0,1,1,0,0,0,0,0,1,1,0,0,0,1,0,0,1,0,0
0,53,85.45,0,0,1,83.65277777777777,1,0,0,1,1,1,0,0,0,0,0,1,0,0,0,0,0,0,0,0,1
0,10,45.8,0,0,0,39.654545454545456,1,0,0,1,0,0,0,0,0,0,0,0,0,0,0,1,1,0,0,0,0
0,4,30.5,0,0,0,23.68,1,0,0,0,0,0,0,0,0,0,1,0,0,0,0,0,0,1,0,0,0
0,1,19.9,0,0,1,9.95,1,1,1,1,0,0,1,0,0,0,0,0,0,0,0,0,0,0,1,0,0
0,51,69.15,0,0,0,70.18461538461538,0,1,0,1,0,1,0,0,0,0,0,0,0,0,0,0,0,0,1,0,1
1,12,99.45,0,1,1,92.31923076923077,1,0,0,1,1,1,0,0,0,1,0,1,1,0,0,1,0,1,0,0,0
0,6,49.25,3,0,0,36.51428571428571,0,0,0,0,0,0,0,0,0,0,1,1,1,1,0,1,0,0,1,0,0
0,63,39.35,0,0,0,37.42265625,1,1,1,0,0,0,0,0,1,1,1,0,0,0,1,0,0,0,0,0,1
0,1,70.6,5,0,1,35.3,0,0,0,1,0,1,0,0,0,0,0,0,0,0,0,1,0,1,0,0,0
0,48,105.1,2,0,0,103.74591836734695,0,1,0,1,1,1,0,0,1,0,1,1,1,0,0,1,1,0,0,0,1
0,5,81.0,0,0,1,64.93333333333334,0,0,0,1,0,1,0,0,0,0,0,1,0,0,0,1,1,0,0,0,0
0,35,20.1,0,0,0,17.90277777777778,0,0,1,1,0,0,1,0,0,0,0,0,0,1,0,1,1,0,0,1,0
0,6,84.85,0,0,1,74.78571428571429,1,0,0,1,0,1,0,0,1,0,0,1,0,0,0,1,0,1,0,0,0
0,2,19.75,0,0,0,13.1,1,0,0,1,0,0,1,0,0,0,0,0,0,0,0,0,0,0,1,0,0
0,50,19.75,3,2,0,19.39313725490196,0,0,0,1,0,0,1,0,0,0,0,0,0,1,0,0,0,0,0,0,1
0,33,70.4,0,0,0,70.76764705882353,0,0,0,1,0,1,0,0,0,0,0,0,0,0,0,1,0,0,0,1,0
0,31,20.45,0,2,0,19.9546875,1,0,0,1,0,0,1,0,0,0,0,0,0,0,1,0,0,0,1,1,0
0,9,20.35,0,0,0,19.11,0,1,1,1,0,0,1,0,0,0,0,0,0,0,1,0,0,0,1,0,0
0,54,86.2,0,0,0,82.25545454545455,0,1,1,1,1,0,0,0,1,1,1,1,1,0,0,1,0,1,0,0,1
0,46,95.65,0,0,0,99.23829787234042,0,0,0,1,0,1,0,1,1,1,0,1,0,1,0,1,1,0,0,0,1
0,34,103.8,0,0,0,99.16571428571429,1,0,1,1,1,1,0,1,1,0,0,1,1,1,0,1,0,1,0,1,0
0,71,97.2,0,0,0,95.97638888888889,1,1,1,1,1,1,0,1,0,0,0,1,1,0,1,1,0,1,0,0,1
0,63,63.55,0,0,0,62.721875,0,1,1,1,0,0,0,1,1,1,1,0,0,0,1,0,0,0,1,0,1
0,51,24.95,0,0,0,24.76923076923077,0,0,0,1,1,0,1,0,0,0,0,0,0,0,1,0,0,0,0,0,1
1,26,89.15,1,2,1,84.35740740740741,0,0,0,1,1,1,0,0,1,0,0,1,0,0,0,1,0,1,0,1,0
0,64,99.0,0,0,0,98.08923076923077,0,1,0,1,0,1,0,1,0,1,0,1,1,0,1,1,0,0,0,0,1
1,1,24.8,0,0,1,12.4,0,1,0,0,0,0,0,0,0,0,0,0,0,0,0,1,0,1,0,0,0
1,61,85.55,0,0,0,84.70564516129032,1,1,0,1,1,1,0,0,1,0,1,0,0,1,0,1,0,0,0,0,1
0,15,94.0,0,0,0,94.090625,0,0,0,1,0,1,0,0,0,1,0,1,1,0,0,1,1,0,0,1,0
0,64,105.65,0,6,1,106.20153846153846,1,0,0,1,1,1,0,0,1,0,1,1,1,1,0,1,1,0,0,0,1
0,18,50.3,0,0,0,48.06842105263158,0,0,0,1,1,0,0,0,0,0,0,0,0,0,0,1,0,1,0,1,0
0,57,95.0,1,0,0,95.4448275862069,0,1,1,1,0,1,0,0,1,0,0,1,1,1,0,1,0,1,0,0,1
0,14,61.4,0,0,0,54.37,1,1,1,1,0,0,0,1,1,0,0,0,1,0,1,1,0,0,0,1,0
1,18,80.55,1,0,0,74.29736842105264,1,0,0,1,1,1,0,0,1,0,0,0,0,0,0,1,1,0,0,1,0
1,72,78.5,0,0,0,76.7431506849315,0,1,0,1,1,1,0,1,0,0,0,0,0,0,1,0,0,0,0,0,1
0,70,114.3,3,4,0,116.11690140845069,1,1,0,1,1,1,0,1,1,1,1,1,1,0,1,0,1,0,0,0,1
0,38,20.05,0,0,0,19.012820512820515,0,0,0,1,0,0,1,0,0,0,0,0,0,0,1,0,0,0,1,0,1
0,68,62.65,0,0,0,63.41739130434783,1,1,1,1,0,0,0,1,1,1,1,0,0,0,1,0,1,0,0,0,1
0,13,80.85,0,0,1,72.05,1,0,0,1,0,1,0,0,0,0,0,0,1,0,0,1,0,1,0,1,0
1,65,92.7,0,0,0,90.43030303030302,1,1,0,1,1,1,0,1,1,0,0,1,0,0,1,1,1,0,0,0,1
0,30,100.45,0,0,0,99.9,0,0,0,1,1,1,0,0,0,1,0,1,1,0,0,0,0,1,0,1,0
0,51,75.2,0,0,0,75.02403846153847,1,1,0,1,1,0,0,0,0,0,1,1,1,0,1,1,0,0,0,0,1
0,31,84.75,0,0,0,81.66875,0,0,0,1,1,1,0,1,0,1,0,0,0,0,0,1,1,0,0,1,0
0,9,89.45,0,0,1,85.31,0,1,0,1,0,1,0,0,0,0,0,1,1,0,0,0,0,1,0,0,0
0,72,79.5,0,0,0,77.55753424657534,0,1,1,1,1,0,0,1,1,1,1,0,1,0,1,1,0,0,0,0,1
0,10,72.15,0,1,1,72.20454545454545,1,0,0,1,1,0,0,0,0,0,0,1,1,0,0,1,1,0,0,0,0
0,37,19.8,0,0,0,18.29078947368421,0,0,0,1,0,0,1,0,0,0,0,0,0,1,0,1,0,1,0,0,1
0,2,76.4,0,0,1,53.6,0,0,0,1,0,0,0,0,0,1,1,1,1,0,0,0,0,1,0,0,0
0,55,100.9,0,0,0,99.14375,1,0,0,1,0,1,0,1,1,0,0,1,1,1,0,1,0,0,1,0,1
0,33,95.3,0,0,0,96.32794117647059,1,0,1,1,1,1,0,1,0,1,0,0,1,0,0,1,0,0,0,1,0
0,46,90.95,0,0,0,90.1404255319149,0,1,1,1,0,1,0,0,0,1,1,0,1,1,0,0,0,0,0,0,1
0,1,54.5,0,0,0,27.25,0,0,1,1,0,0,0,1,0,0,1,0,0,0,0,0,0,1,0,0,0
1,20,61.6,0,0,1,55.921428571428564,0,0,0,1,1,0,0,0,0,0,0,0,1,0,0,1,0,0,1,1,0
0,9,79.9,0,0,1,74.17,1,1,0,1,0,1,0,0,1,1,0,0,0,0,0,1,0,1,0,0,0
1,32,96.15,0,3,1,91.49242424242425,1,0,0,1,1,1,0,0,0,0,0,1,1,0,0,1,1,0,0,1,0
0,19,49.6,0,0,0,48.144999999999996,0,1,1,1,0,0,0,0,0,1,0,0,0,0,0,1,0,0,0,1,0
0,70,65.3,0,6,1,67.03873239436619,0,1,0,1,1,0,0,1,0,1,1,0,0,0,1,0,1,0,0,0,1
0,61,25.0,0,0,0,24.166935483870965,0,0,1,1,1,0,1,0,0,0,0,0,0,0,1,1,1,0,0,0,1
0,26,45.45,0,0,0,45.672222222222224,1,0,0,1,0,0,0,0,0,0,0,0,0,0,0,0,0,1,0,1,0
0,45,107.75,2,0,0,106.14782608695653,1,1,0,1,1,1,0,0,1,1,0,1,1,0,0,1,0,0,0,0,1
0,62,89.1,0,0,0,85.89920634920634,1,1,1,1,1,1,0,0,0,1,0,1,0,0,1,1,1,0,0,0,1
0,1,19.65,0,0,1,9.825,1,0,0,1,0,0,1,0,0,0,0,0,0,0,0,0,0,0,1,0,0
0,3,44.75,0,0,0,37.0125,0,0,0,1,0,0,0,0,0,0,0,0,0,0,0,0,0,0,1,0,0
0,41,101.6,0,0,0,93.58452380952382,0,1,1,1,1,1,0,1,1,1,0,0,1,1,0,1,0,0,0,0,1
0,67,103.15,0,0,0,101.40441176470588,1,1,1,1,0,1,0,0,1,1,1,1,1,0,1,0,0,0,0,0,1
0,1,84.65,0,0,1,42.325,1,0,0,1,1,1,0,0,0,0,0,1,0,0,0,1,0,0,1,0,0
0,71,95.65,0,0,0,95.23541666666667,0,1,0,1,1,1,0,1,1,0,0,1,0,1,0,0,0,0,1,0,1
0,37,75.1,3,0,0,69.96842105263158,0,1,1,1,0,0,0,1,1,0,0,1,1,1,0,0,0,0,0,0,1
0,60,61.35,0,0,0,61.74098360655737,1,1,0,1,0,0,0,1,1,0,1,0,0,0,1,1,0,0,1,0,1
1,1,69.55,0,0,1,34.775,0,1,0,1,0,1,0,0,0,0,0,0,0,0,0,1,0,1,0,0,0
0,6,19.7,0,0,0,18.50714285714286,0,0,0,1,0,0,1,0,0,0,0,0,0,0,0,0,1,0,0,0,0
0,13,31.05,0,0,1,24.803571428571427,0,0,0,0,0,0,0,0,1,0,0,0,0,0,0,1,0,1,0,1,0
0,11,51.0,0,0,0,48.475,0,1,1,1,0,0,0,1,0,0,0,0,0,0,0,0,0,0,0,0,0
0,7,51.0,0,0,1,44.25625,1,0,0,1,0,0,0,1,0,0,0,0,0,0,0,1,0,0,1,0,0
0,10,88.85,0,0,0,84.49545454545455,0,1,1,1,0,1,0,0,0,0,0,1,1,0,0,1,0,1,0,0,0
0,34,20.05,0,0,0,19.4,1,1,0,1,0,0,1,0,0,0,0,0,0,0,1,0,1,0,0,1,0
0,62,65.1,0,0,0,61.05952380952381,0,0,0,1,0,0,0,1,0,0,1,0,1,0,1,1,0,0,1,0,1
0,64,70.15,2,0,0,68.93384615384615,1,1,0,1,1,0,0,0,1,0,1,0,1,1,0,1,0,0,1,0,1
0,1,44.35,0,0,1,22.175,0,1,1,1,0,0,0,0,0,0,0,0,0,0,0,1,0,0,0,0,0
0,25,20.75,0,0,0,19.207692307692305,1,0,0,1,0,0,1,0,0,0,0,0,0,0,1,1,0,0,1,1,0
0,26,56.05,0,0,0,57.525925925925925,0,0,0,1,0,0,0,0,1,1,0,0,0,1,0,1,0,0,1,1,0
0,10,19.95,0,0,0,19.954545454545453,1,0,1,1,0,0,1,0,0,0,0,0,0,1,0,1,0,0,0,0,0
0,53,98.6,0,0,0,98.3675925925926,0,0,0,1,1,1,0,1,1,1,0,1,0,1,0,0,0,0,1,0,1
0,7,79.7,0,0,1,73.25625,0,0,0,1,0,1,0,0,0,0,0,1,0,0,0,1,0,1,0,0,0
0,33,79.0,0,0,0,75.78823529411765,1,0,0,1,0,1,0,0,1,1,0,0,0,0,0,1,1,0,0,1,0
1,71,89.45,0,0,0,89.37847222222223,0,1,0,1,0,1,0,0,1,1,0,0,1,0,1,0,1,0,0,0,1
0,29,74.2,0,0,0,66.44166666666666,0,0,0,1,1,1,0,0,0,0,0,0,0,0,0,1,0,1,0,1,0
0,24,81.0,2,0,0,76.954,1,1,1,1,1,0,0,1,0,0,1,1,1,0,0,0,0,0,0,1,0
0,20,49.6,3,0,0,44.75238095238095,1,1,1,1,0,0,0,0,0,1,0,0,0,0,0,1,0,1,0,1,0
0,1,84.6,0,0,0,42.3,0,0,0,1,1,1,0,0,0,0,0,1,0,0,0,1,0,1,0,0,0
0,54,55.0,0,5,1,56.230000000000004,1,0,1,1,1,0,0,0,1,0,0,0,0,0,0,1,1,0,0,0,1
1,5,84.85,0,0,1,69.25833333333334,0,0,0,1,0,1,0,0,0,1,0,1,0,0,0,1,0,0,1,0,0
0,72,84.2,2,0,0,82.00753424657535,0,1,1,1,1,0,0,1,0,1,1,1,1,0,1,1,0,0,0,0,1
0,52,106.3,4,5,0,103.52830188679245,1,1,0,1,0,1,0,1,1,1,1,1,1,0,1,1,0,1,0,0,1
0,9,69.05,0,0,0,65.15,0,0,0,1,0,1,0,0,0,0,0,0,0,0,0,0,0,1,0,0,0
0,1,45.4,0,0,0,22.7,0,0,0,1,0,0,0,0,0,0,0,0,0,0,0,1,0,0,1,0,0
1,1,73.65,0,0,1,36.825,1,0,0,1,1,1,0,0,0,0,0,0,0,0,0,1,0,1,0,0,0
0,33,73.9,0,5,1,70.73676470588236,1,1,1,1,0,0,0,0,0,1,1,1,1,1,0,1,0,0,1,1,0
0,55,77.75,0,0,1,79.60982142857142,0,1,0,1,1,1,0,0,0,1,0,0,0,0,0,1,0,1,0,0,1
0,69,99.35,1,0,0,97.94928571428571,1,1,1,1,1,1,0,0,0,0,1,1,1,0,1,1,0,1,0,0,1
0,1,50.75,0,0,0,25.375,1,0,0,1,0,0,0,1,0,0,0,0,0,0,0,1,0,0,1,0,0
0,54,87.1,3,0,0,86.09454545454545,1,0,0,1,1,0,0,1,0,1,1,1,1,0,1,0,0,0,0,0,1
0,33,20.15,0,0,0,20.063235294117646,1,0,1,1,0,0,1,0,0,0,0,0,0,1,0,1,0,0,1,1,0
1,45,98.7,0,0,0,98.38695652173914,1,1,0,1,1,1,0,0,1,1,1,1,0,1,0,1,0,0,0,0,1
0,11,25.2,0,0,0,26.754166666666666,0,0,1,0,0,0,0,0,0,0,0,0,0,0,0,0,0,1,0,0,0
0,6,55.7,0,0,0,47.949999999999996,1,0,0,1,0,0,0,1,1,0,0,0,0,0,0,1,0,0,0,0,0
0,21,65.35,0,0,0,64.74545454545455,1,0,0,1,0,0,0,1,0,1,0,1,0,0,0,0,0,0,0,1,0
0,65,25.3,1,0,0,26.493181818181817,0,1,1,1,1,0,1,0,0,0,0,0,0,0,1,1,0,0,0,0,1
1,6,84.35,0,0,1,67.84285714285714,0,1,0,1,1,1,0,0,0,0,0,0,1,0,0,1,0,1,0,0,0
0,8,84.95,0,0,1,74.26666666666667,0,0,0,1,0,1,0,1,0,0,0,1,0,0,0,0,0,1,0,0,0
0,11,73.85,0,0,1,77.1875,1,0,0,1,0,1,0,0,0,0,1,0,0,0,0,1,0,1,0,0,0
0,43,24.25,0,0,0,24.498863636363637,1,1,1,1,1,0,1,0,0,0,0,0,0,0,1,0,0,0,1,0,1
0,49,51.8,0,6,1,50.825,1,1,1,0,0,0,0,0,1,0,0,1,1,1,0,1,0,0,0,0,1
1,1,46.0,5,0,1,23.0,0,1,0,1,0,0,0,0,0,0,0,0,0,0,0,0,0,1,0,0,0
1,15,79.4,0,0,1,72.25625,1,0,0,1,0,1,0,0,0,0,0,0,1,0,0,1,0,1,0,1,0
0,60,60.5,0,0,0,60.56475409836065,1,1,1,1,0,0,0,1,1,1,0,0,0,0,1,0,0,0,0,0,1
0,17,25.1,0,0,0,21.266666666666666,1,0,0,0,0,0,0,0,0,0,0,0,0,0,0,0,1,0,0,1,0
1,16,71.8,0,0,1,68.69411764705882,1,1,0,1,0,1,0,0,0,0,0,0,0,0,0,1,0,0,0,1,0
0,35,20.05,0,0,0,20.743055555555557,1,1,1,1,0,0,1,0,0,0,0,0,0,1,0,0,0,0,0,1,0
1,44,88.4,0,4,1,86.95333333333333,1,1,0,1,1,1,0,0,1,0,0,0,1,1,0,0,0,0,1,0,1
0,12,30.25,0,0,0,28.373076923076926,0,1,1,0,0,0,0,0,0,0,1,0,0,1,0,0,1,0,0,0,0
0,28,59.9,0,0,0,57.05862068965517,0,0,0,1,0,0,0,1,1,0,1,0,0,1,0,1,0,1,0,1,0
0,70,25.15,0,0,0,27.335915492957746,1,1,0,1,1,0,1,0,0,0,0,0,0,0,1,0,0,0,0,0,1
0,5,46.0,0,0,1,36.949999999999996,0,0,1,1,0,0,0,0,0,0,0,0,0,0,0,0,0,0,1,0,0
0,18,101.3,0,0,0,94.45526315789475,1,0,0,1,0,1,0,0,1,1,0,1,1,0,0,0,1,0,0,1,0
0,70,76.95,0,0,0,74.50422535211268,1,1,0,1,1,0,0,1,0,0,1,1,1,0,1,1,1,0,0,0,1
0,9,55.3,0,0,0,50.12,0,1,1,1,1,0,0,0,1,0,0,0,0,0,0,1,0,0,1,0,0
1,67,92.45,0,0,0,90.30661764705883,0,0,0,1,0,1,0,1,1,0,1,1,0,0,1,1,0,0,0,0,1
0,1,48.45,0,0,0,24.225,0,0,0,1,0,0,0,1,0,0,0,0,0,0,0,1,0,0,0,0,0
0,18,19.35,0,0,0,16.276315789473685,0,1,1,1,0,0,1,0,0,0,0,0,0,0,1,0,0,0,1,1,0
0,4,51.75,0,0,1,40.22,1,0,0,1,1,0,0,0,0,0,0,0,0,0,0,0,1,0,0,0,0
1,71,86.7,0,0,0,85.82430555555555,1,1,1,1,0,1,0,1,1,1,0,0,0,1,0,1,0,0,0,0,1
0,30,94.4,0,4,1,91.57096774193548,1,1,1,1,1,1,0,1,1,0,0,1,0,0,0,1,0,1,0,1,0
0,1,55.7,0,0,0,27.85,1,1,0,1,0,0,0,1,0,1,0,0,0,0,0,0,0,0,1,0,0
0,55,84.25,0,0,0,81.96160714285715,0,0,0,1,1,1,0,1,0,1,0,0,0,1,0,1,1,0,0,0,1
0,59,64.65,0,0,0,62.2575,1,0,0,1,0,0,0,0,0,1,1,1,0,0,0,1,0,1,0,0,1
0,1,70.15,1,0,1,35.075,0,0,0,1,0,1,0,0,0,0,0,0,0,0,0,1,0,0,1,0,0
0,7,69.2,0,0,0,59.69375,0,1,0,1,0,1,0,0,0,0,0,0,0,0,0,1,0,0,0,0,0
0,45,54.65,0,0,0,55.51521739130435,1,1,1,1,0,0,0,1,0,0,1,0,0,0,1,0,0,0,0,0,1
0,54,24.75,4,0,0,24.402727272727276,0,1,1,1,1,0,1,0,0,0,0,0,0,1,0,1,0,0,0,0,1
0,51,23.95,0,0,0,23.39134615384615,1,1,1,1,1,0,1,0,0,0,0,0,0,1,0,1,0,0,1,0,1
1,72,105.0,0,0,0,103.80890410958904,0,1,0,1,1,1,0,0,1,1,0,1,1,1,0,0,1,0,0,0,1
0,44,59.85,0,0,0,57.86555555555555,1,1,0,1,0,0,0,1,1,0,1,0,0,1,0,1,0,0,0,0,1
0,2,20.05,0,0,0,14.233333333333334,1,0,0,1,0,0,1,0,0,0,0,0,0,0,0,0,0,0,1,0,0
0,66,92.15,0,0,0,90.40149253731343,0,0,0,1,1,1,0,0,0,1,0,1,0,1,0,1,0,0,0,0,1
0,68,44.8,0,0,0,43.24130434782609,1,1,1,0,0,0,0,1,1,0,0,1,0,1,0,0,0,0,1,0,1
0,31,20.9,0,0,0,21.5421875,0,0,0,1,0,0,1,0,0,0,0,0,0,0,1,0,1,0,0,1,0
1,21,95.4,0,0,0,92.05,0,0,0,1,1,1,0,0,0,0,0,1,1,0,0,1,0,0,0,1,0
0,21,80.35,0,0,0,79.41818181818182,1,0,1,1,1,1,0,1,0,0,0,0,0,0,0,0,0,1,0,1,0
0,55,85.1,0,0,0,83.17767857142857,0,1,1,1,1,0,0,1,0,1,1,1,1,0,1,1,0,0,0,0,1
0,9,34.7,0,0,1,29.610000000000003,1,0,0,0,0,0,0,0,0,0,0,1,0,0,0,1,1,0,0,0,0
1,71,115.05,0,3,0,111.34166666666667,1,1,0,1,1,1,0,1,1,1,1,1,1,0,1,1,0,0,0,0,1
0,1,81.1,0,0,1,40.55,0,0,0,1,0,1,0,0,0,0,0,0,1,0,0,1,0,1,0,0,0
0,22,19.95,0,0,0,18.847826086956523,1,1,1,1,0,0,1,0,0,0,0,0,0,1,0,0,0,0,1,1,0
0,1,20.55,0,0,1,10.275,0,1,1,1,0,0,1,0,0,0,0,0,0,0,0,0,0,0,1,0,0
0,61,106.6,0,6,1,103.68387096774192,0,0,0,1,1,1,0,0,0,1,1,1,1,0,1,1,0,1,0,0,1
0,67,86.15,0,0,0,86.52720588235294,0,1,0,1,1,0,0,0,1,1,1,1,1,0,1,0,0,0,0,0,1
1,14,78.85,0,0,0,69.58666666666666,0,0,0,1,0,1,0,1,1,0,0,0,0,0,0,0,0,1,0,1,0
0,59,106.75,0,5,1,104.21499999999999,1,1,0,1,1,1,0,1,1,1,1,1,0,0,0,1,0,1,0,0,1
1,21,86.55,0,0,0,84.42045454545455,1,1,0,1,0,1,0,0,0,1,0,1,0,0,0,0,0,0,0,1,0
0,4,42.4,0,0,0,29.28,1,0,0,0,0,0,0,1,1,0,1,0,0,0,0,0,0,0,1,0,0
0,3,89.45,2,0,1,60.1125,0,0,0,1,0,1,0,0,0,0,0,1,1,0,0,1,0,1,0,0,0
0,70,24.25,0,0,0,24.28380281690141,1,1,0,1,1,0,1,0,0,0,0,0,0,0,1,0,0,0,0,0,1
0,3,97.9,0,2,1,78.825,0,0,0,1,0,1,0,0,1,0,1,1,1,0,0,1,0,1,0,0,0
1,21,20.5,0,0,0,19.525000000000002,1,0,0,1,0,0,1,0,0,0,0,0,0,1,0,0,0,0,0,1,0
0,20,19.6,0,0,0,16.95952380952381,1,0,0,1,0,0,1,0,0,0,0,0,0,0,0,1,1,0,0,1,0
0,22,20.25,0,0,0,21.22826086956522,1,1,1,1,0,0,1,0,0,0,0,0,0,1,0,0,0,0,0,1,0
0,1,55.7,3,0,1,27.85,1,0,0,1,0,0,0,0,0,0,0,0,1,0,0,1,0,0,1,0,0
0,63,20.6,0,0,0,20.2921875,0,0,0,1,0,0,1,0,0,0,0,0,0,0,1,1,0,0,1,0,1
0,70,19.8,0,0,0,19.419014084507044,0,1,1,1,0,0,1,0,0,0,0,0,0,0,1,0,0,0,0,0,1
0,13,79.8,0,2,1,69.53214285714286,1,0,0,1,0,1,0,0,1,1,0,0,0,0,0,1,0,1,0,1,0
0,5,80.2,4,0,0,64.04166666666667,0,0,0,1,0,1,0,0,0,0,0,1,0,0,0,0,0,1,0,0,0
0,72,116.4,0,0,0,117.03082191780823,0,1,1,1,1,1,0,1,1,1,1,1,1,0,1,1,1,0,0,0,1
0,13,31.65,0,0,0,27.853571428571428,0,0,0,0,0,0,0,0,1,0,0,0,0,0,0,1,0,1,0,1,0
0,61,94.15,0,0,0,92.4491935483871,1,1,0,1,0,1,0,0,1,1,1,0,1,0,0,0,1,0,0,0,1
0,1,20.65,0,0,0,10.325,1,0,0,1,0,0,1,0,0,0,0,0,0,0,0,0,0,1,0,0,0
1,56,76.85,0,0,0,75.01315789473684,0,1,0,1,1,1,0,0,0,0,1,0,0,0,0,1,0,0,0,0,1
0,4,20.15,0,0,0,16.9,0,0,0,1,0,0,1,0,0,0,0,0,0,0,0,0,0,0,1,0,0
0,35,55.25,0,0,0,53.44722222222222,1,0,0,1,1,0,0,1,0,0,0,0,0,0,1,0,0,0,1,1,0
0,18,39.05,0,2,1,35.25526315789474,0,1,0,0,0,0,0,0,0,1,0,1,0,0,0,1,0,1,0,1,0
0,72,82.15,0,0,0,79.23698630136987,1,1,0,1,1,0,0,0,1,1,0,1,1,0,1,0,0,0,0,0,1
1,49,103.0,0,0,0,103.324,0,0,0,1,1,1,0,1,1,1,1,0,1,1,0,0,0,0,0,0,1
0,44,95.1,0,0,0,90.23444444444445,0,1,0,1,1,1,0,1,1,1,1,0,0,0,0,1,1,0,0,0,1
1,3,83.9,0,0,1,66.85,0,1,0,1,0,1,0,0,0,0,1,1,0,0,0,1,0,0,1,0,0
0,37,95.15,0,0,0,92.96973684210526,0,1,1,1,1,1,0,0,1,1,0,0,1,0,0,1,0,1,0,0,1
0,61,79.8,0,0,0,79.2709677419355,1,1,0,1,1,0,0,0,1,1,0,1,1,1,0,1,0,1,0,0,1
0,70,74.8,0,0,0,74.87042253521128,1,1,0,1,1,0,0,1,0,1,1,0,1,0,1,1,1,0,0,0,1
1,1,69.85,0,0,1,34.925,0,0,0,1,0,1,0,0,0,0,0,0,0,0,0,1,0,1,0,0,0
0,41,20.45,0,0,0,18.46666666666667,0,0,0,1,0,0,1,0,0,0,0,0,0,0,0,0,0,1,0,0,1
0,70,78.35,0,2,0,76.70352112676056,1,1,1,1,1,0,0,1,1,1,1,0,1,1,0,0,0,0,0,0,1
0,1,53.55,0,0,1,26.775,0,0,0,1,0,0,0,0,0,0,0,1,0,0,0,1,0,0,1,0,0
0,51,19.1,0,1,0,19.38076923076923,1,0,0,1,0,0,1,0,0,0,0,0,0,1,0,0,0,1,0,0,1
0,42,20.0,0,0,0,19.384883720930233,0,1,1,1,0,0,1,0,0,0,0,0,0,0,1,0,0,0,1,0,1
0,70,93.9,0,7,1,92.66267605633803,0,1,1,1,1,1,0,1,1,1,1,0,0,0,1,0,0,0,0,0,1
0,48,19.95,0,0,0,20.5,1,0,0,1,0,0,1,0,0,0,0,0,0,1,0,0,0,0,0,0,1
0,68,113.15,0,8,1,113.85507246376811,1,1,1,1,1,1,0,1,1,1,1,1,1,0,1,1,0,1,0,0,1
0,48,24.0,0,3,0,24.143877551020406,0,0,0,1,1,0,1,0,0,0,0,0,0,0,1,0,1,0,0,0,1
1,26,84.95,0,4,1,80.36111111111111,0,1,0,1,0,1,0,0,1,0,0,0,1,0,0,0,0,1,0,1,0
0,11,80.5,0,0,1,74.74166666666666,1,1,0,1,1,1,0,0,1,0,0,0,0,0,0,1,0,0,0,0,0
0,1,19.3,0,0,1,9.65,1,0,0,1,0,0,1,0,0,0,0,0,0,0,0,1,0,0,1,0,0
0,27,19.15,0,0,0,17.905357142857145,0,0,0,1,0,0,1,0,0,0,0,0,0,1,0,0,0,0,1,1,0
1,46,91.3,0,0,0,87.79468085106383,0,0,0,1,0,1,0,0,1,1,0,1,0,1,0,1,0,0,0,0,1
0,1,49.65,0,0,1,24.825,1,0,0,1,0,0,0,0,0,1,0,0,0,0,0,1,0,0,1,0,0
0,46,54.35,1,0,1,52.3436170212766,0,0,0,1,0,0,0,0,0,1,1,0,0,0,1,0,1,0,0,0,1
0,25,19.15,0,0,0,18.36923076923077,1,1,1,1,0,0,1,0,0,0,0,0,0,0,0,1,0,0,1,1,0
0,4,88.45,0,1,1,74.13,1,0,0,1,0,1,0,0,0,0,0,1,1,0,0,1,0,1,0,0,0
0,13,19.75,3,0,0,18.982142857142858,1,0,0,1,0,0,1,0,0,0,0,0,0,0,1,0,0,0,1,1,0
0,31,75.5,0,0,0,75.7640625,1,1,0,1,0,0,0,1,1,1,1,0,1,1,0,1,1,0,0,1,0
0,23,83.75,0,0,0,77.08125,0,1,1,1,1,1,0,0,0,0,0,1,0,0,0,1,0,1,0,1,0
0,2,19.4,0,0,0,20.349999999999998,0,0,0,1,0,0,1,0,0,0,0,0,0,0,0,0,0,0,1,0,0
0,65,26.5,1,0,0,25.73560606060606,0,0,0,1,1,0,1,0,0,0,0,0,0,0,1,0,0,0,0,0,1
1,22,90.5,0,1,1,83.0695652173913,1,0,0,1,1,1,0,0,0,0,1,1,0,0,0,1,0,0,0,1,0
0,55,19.15,0,0,0,17.823214285714286,0,1,1,1,0,0,1,0,0,0,0,0,0,1,0,0,1,0,0,0,1
0,9,94.85,5,0,1,89.06,1,1,0,1,0,1,0,0,1,1,1,1,0,0,0,1,0,0,1,0,0
0,7,69.95,0,0,1,66.1875,1,1,1,1,0,1,0,0,0,0,0,0,0,0,0,1,0,0,0,0,0
0,35,40.9,0,0,0,38.43333333333333,0,1,1,0,0,0,0,0,0,0,1,1,0,1,0,0,0,0,1,1,0
0,6,80.25,0,0,0,70.48571428571428,1,0,0,1,0,0,0,1,0,1,1,1,1,0,1,1,0,0,1,0,0
0,1,48.6,0,0,1,24.3,0,0,0,1,0,0,0,1,0,0,0,0,0,0,0,1,1,0,0,0,0
0,17,70.8,0,0,0,67.05555555555556,1,0,0,1,0,1,0,0,0,0,0,0,0,0,0,1,0,1,0,1,0
0,10,60.2,0,0,0,51.22727272727273,1,1,1,1,0,0,0,0,0,1,0,1,0,0,0,0,0,0,1,0,0
0,15,55.2,0,0,0,54.034375,1,0,1,1,0,0,0,0,0,1,1,0,0,1,0,0,1,0,0,1,0
1,40,55.8,0,4,1,51.447560975609754,0,0,0,0,0,0,0,1,1,0,0,1,1,0,0,1,0,1,0,0,1
0,13,54.15,0,0,0,50.074999999999996,0,1,1,1,0,0,0,1,0,0,1,0,0,1,0,0,0,0,0,1,0
0,29,80.15,0,0,1,75.50833333333334,1,1,0,1,1,1,0,0,1,0,0,0,0,0,0,1,0,0,0,1,0
0,3,75.5,3,0,1,55.15,0,0,0,1,1,1,0,0,0,0,0,0,0,0,0,1,0,1,0,0,0
1,58,100.4,0,0,0,97.4542372881356,0,1,0,1,1,1,0,0,0,0,1,1,1,0,0,1,0,0,0,0,1
0,45,62.55,4,0,0,60.792391304347824,0,0,0,1,0,0,0,1,1,0,1,0,0,1,0,1,1,0,0,0,1
0,72,70.45,0,0,0,70.76301369863013,0,1,1,1,1,0,0,1,1,1,1,0,0,0,1,1,0,0,0,0,1
0,68,85.5,5,0,0,82.55942028985508,1,1,1,1,1,1,0,1,1,0,0,0,0,1,0,1,0,0,0,0,1
0,1,20.2,0,0,1,10.1,1,0,0,1,0,0,1,0,0,0,0,0,0,0,0,1,0,0,0,0,0
0,38,54.5,0,0,0,53.23205128205129,0,1,1,1,0,0,0,1,1,0,0,0,0,0,0,0,0,1,0,0,1
0,2,20.75,0,0,0,14.733333333333334,1,0,0,1,0,0,1,0,0,0,0,0,0,0,0,0,0,0,1,0,0
0,11,20.35,0,0,0,17.9375,1,0,0,1,0,0,1,0,0,0,0,0,0,0,0,0,0,0,1,0,0
1,20,91.0,0,0,0,88.54761904761905,0,1,0,1,0,1,0,0,0,0,0,1,1,1,0,1,0,0,0,1,0
0,72,104.8,5,0,0,102.33013698630137,1,1,0,1,1,1,0,0,1,1,0,1,1,0,1,1,0,0,0,0,1
0,3,74.75,1,0,1,57.375,0,1,0,1,1,1,0,0,0,0,0,0,0,0,0,1,1,0,0,0,0
0,23,104.05,0,3,1,102.92083333333333,1,0,0,1,1,1,0,0,0,1,1,1,1,0,0,1,0,0,1,1,0
0,40,51.1,0,0,0,51.046341463414635,1,0,0,1,0,0,0,0,0,0,1,0,0,0,0,1,0,1,0,0,1
1,62,89.8,0,0,0,89.35793650793651,1,1,0,1,1,1,0,0,1,0,0,0,1,0,0,1,0,0,0,0,1
0,22,20.55,5,0,0,20.428260869565218,0,0,1,1,0,0,1,0,0,0,0,0,0,0,0,1,0,1,0,1,0
0,11,64.05,0,0,0,61.1625,0,0,0,1,0,0,0,1,0,1,0,0,1,0,0,0,0,0,0,0,0
1,7,74.85,0,0,0,60.65625,1,1,0,1,1,1,0,0,0,0,0,0,0,0,0,1,0,1,0,0,0
0,13,96.65,0,0,1,88.89285714285714,0,0,0,1,1,1,0,1,1,0,0,1,0,0,0,1,0,1,0,1,0
1,1,20.05,0,0,1,10.025,1,0,0,1,0,0,1,0,0,0,0,0,0,0,0,0,0,0,1,0,0
0,39,103.45,0,2,1,99.86125,0,0,0,1,1,1,0,0,1,1,0,1,1,0,0,1,0,1,0,0,1
0,3,25.0,0,0,0,19.5625,1,1,0,0,0,0,0,0,0,0,0,0,0,0,0,0,0,0,1,0,0
0,58,20.3,0,1,0,19.177966101694917,1,0,0,1,0,0,1,0,0,0,0,0,0,0,1,0,1,0,0,0,1
0,6,26.35,0,0,0,26.292857142857144,1,0,1,1,1,0,1,0,0,0,0,0,0,0,0,0,0,0,1,0,0
0,1,19.9,5,0,1,9.95,0,1,1,1,0,0,1,0,0,0,0,0,0,0,0,1,0,1,0,0,0
0,22,54.7,0,0,0,51.25,0,1,0,1,0,0,0,0,1,1,0,0,0,0,0,1,0,0,1,1,0
0,14,46.35,0,0,1,44.513333333333335,1,1,0,0,0,0,0,0,0,0,0,1,1,0,0,0,0,1,0,1,0
0,64,90.25,0,0,0,86.60230769230769,1,1,1,1,1,1,0,0,0,1,0,0,1,1,0,0,1,0,0,0,1
0,1,19.95,0,0,1,9.975,1,0,0,1,0,0,1,0,0,0,0,0,0,0,0,0,0,1,0,0,0
0,6,20.65,0,0,0,15.614285714285714,1,0,0,1,0,0,1,0,0,0,0,0,0,0,0,0,0,0,1,0,0
0,1,79.6,5,0,1,39.8,1,0,0,1,0,1,0,0,0,0,0,0,1,0,0,0,0,1,0,0,0
0,39,25.45,0,0,0,23.96125,1,0,1,1,1,0,1,0,0,0,0,0,0,1,0,0,0,0,0,0,1
0,20,19.5,0,0,0,19.197619047619046,0,0,0,1,0,0,1,0,0,0,0,0,0,1,0,0,0,0,1,1,0
0,1,75.9,3,0,1,37.95,1,0,0,1,0,1,0,0,0,0,1,0,0,0,0,1,0,1,0,0,0
0,1,76.2,0,0,1,38.1,1,1,0,1,0,1,0,0,0,1,0,0,0,0,0,0,0,1,0,0,0
0,64,66.15,0,0,0,67.57692307692308,1,1,0,1,1,0,0,1,0,0,0,1,0,1,0,1,1,0,0,0,1
0,1,19.25,0,0,1,9.625,1,0,1,1,0,0,1,0,0,0,0,0,0,0,0,0,0,0,1,0,0
0,46,69.1,0,0,0,67.40425531914893,0,1,0,1,0,0,0,0,1,0,0,1,1,0,0,1,1,0,0,0,1
1,28,39.1,4,0,0,37.813793103448276,0,1,1,0,0,0,0,0,1,0,0,0,1,1,0,1,0,1,0,1,0
0,33,20.05,0,0,0,19.689705882352943,0,1,0,1,0,0,1,0,0,0,0,0,0,0,0,0,0,0,1,1,0
0,39,59.8,0,0,0,58.59625,1,1,1,1,0,0,0,1,1,1,0,0,0,1,0,0,0,1,0,0,1
0,42,84.3,0,0,1,83.45116279069768,0,1,0,1,1,1,0,0,0,1,1,0,0,0,0,1,0,1,0,0,1
0,1,48.6,0,0,0,24.3,0,0,0,1,0,0,0,0,1,0,0,0,0,0,0,1,0,1,0,0,0
0,7,79.0,0,0,1,65.36875,0,0,0,1,0,1,0,0,0,0,0,1,0,0,0,1,0,1,0,0,0
1,70,105.35,0,0,0,105.80140845070422,1,1,0,1,0,1,0,1,1,1,0,1,1,0,1,0,1,0,0,0,1
0,65,25.1,0,0,0,26.136363636363637,1,0,0,1,1,0,1,0,0,0,0,0,0,0,1,1,0,0,0,0,1
0,1,49.75,2,0,0,24.875,1,0,0,1,0,0,0,1,0,0,0,0,0,0,0,0,0,1,0,0,0
0,18,94.75,0,0,0,89.04736842105264,1,1,0,1,1,1,0,0,0,0,0,1,1,0,0,1,0,1,0,1,0
0,24,93.0,4,0,0,89.92200000000001,1,1,0,1,1,1,0,0,0,0,0,1,1,0,0,1,0,1,0,1,0
0,63,71.9,0,0,0,69.9875,1,0,0,1,1,0,0,1,0,1,1,0,1,0,1,1,0,0,0,0,1
0,44,77.55,0,3,0,77.13555555555556,0,0,1,1,1,0,0,0,1,0,0,1,1,1,0,1,0,0,1,0,1
0,4,19.85,0,0,0,12.6,1,0,0,1,0,0,1,0,0,0,0,0,0,0,0,1,0,1,0,0,0
0,1,70.25,0,0,1,35.125,0,0,0,1,0,1,0,0,0,0,0,0,0,0,0,1,0,1,0,0,0
0,37,95.25,0,0,0,87.21447368421053,0,1,1,1,1,1,0,0,0,0,0,1,1,0,0,1,0,1,0,0,1
1,10,84.6,0,1,1,78.68636363636364,0,0,0,1,0,1,0,0,0,1,0,0,1,0,0,1,1,0,0,0,0
0,34,25.05,3,0,0,24.362857142857145,1,0,0,0,0,0,0,0,0,0,0,0,0,0,0,1,0,0,0,1,0
0,35,53.15,0,0,0,53.63611111111111,1,1,0,0,0,0,0,1,0,1,0,1,1,1,0,0,1,0,0,1,0
0,4,20.15,0,0,0,18.28,0,1,0,1,0,0,1,0,0,0,0,0,0,0,0,0,0,1,0,0,0
1,39,101.25,0,0,0,98.72875,0,1,0,1,1,1,0,0,0,0,1,1,1,0,0,1,0,1,0,0,1
1,43,100.55,0,0,0,97.81818181818181,1,1,0,1,0,1,0,0,1,1,0,1,1,1,0,1,0,0,0,0,1
0,17,24.1,0,0,1,22.772222222222222,0,1,1,1,1,0,1,0,0,0,0,0,0,0,0,0,0,0,1,1,0
0,61,25.3,0,0,0,25.07903225806452,0,1,0,1,1,0,1,0,0,0,0,0,0,0,1,0,0,0,0,0,1
0,49,71.8,0,4,0,69.441,0,1,0,1,1,0,0,1,1,1,0,0,1,1,0,0,0,1,0,0,1
0,4,19.7,0,0,0,23.56,1,0,0,1,0,0,1,0,0,0,0,0,0,1,0,0,0,0,1,0,0
0,64,49.85,4,0,0,49.39,0,1,1,0,0,0,0,0,1,1,1,0,1,0,1,0,0,1,0,0,1
0,3,69.6,2,0,0,51.85,1,0,0,1,0,1,0,0,0,0,0,0,0,0,0,1,0,0,1,0,0
0,1,19.75,0,0,0,9.875,1,1,1,1,0,0,1,0,0,0,0,0,0,0,0,0,0,1,0,0,0
0,40,80.8,0,0,0,76.40853658536585,1,1,0,1,0,1,0,0,1,1,0,0,0,1,0,0,0,1,0,0,1
0,1,60.0,0,0,1,30.0,0,0,1,1,0,0,0,1,1,0,1,0,0,0,0,1,0,1,0,0,0
0,8,86.55,0,0,1,72.18333333333334,1,0,0,1,1,1,0,0,0,0,0,0,1,0,0,1,0,1,0,0,0
1,1,20.85,0,0,1,10.425,0,1,0,1,0,0,1,0,0,0,0,0,0,0,0,1,0,0,1,0,0
1,34,64.2,0,0,0,60.18000000000001,0,1,0,1,0,0,0,0,0,1,1,1,0,1,0,0,0,0,0,1,0
0,1,35.0,0,0,0,17.5,0,1,0,0,0,0,0,0,0,0,0,0,1,0,0,0,0,1,0,0,0
0,39,50.75,0,3,1,50.285000000000004,0,0,0,0,0,0,0,0,0,1,0,1,1,0,0,1,0,1,0,0,1
1,58,105.5,0,5,1,105.17796610169492,0,1,0,1,0,1,0,1,1,0,1,1,1,1,0,1,1,0,0,0,1
0,45,19.2,4,0,0,19.645652173913046,1,1,1,1,0,0,1,0,0,0,0,0,0,0,1,0,0,1,0,0,1
1,6,85.15,0,0,1,71.94285714285715,1,0,0,1,0,1,0,1,0,0,0,1,0,0,0,1,0,0,0,0,0
0,43,90.65,0,0,0,88.23409090909091,1,0,0,1,0,1,0,1,1,1,1,0,0,1,0,1,1,0,0,0,1
0,41,20.0,0,0,0,20.947619047619046,1,1,1,1,0,0,1,0,0,0,0,0,0,0,1,1,0,0,1,0,1
0,5,74.65,4,0,0,63.94166666666666,1,0,0,1,0,1,0,0,1,0,0,0,0,0,0,1,0,1,0,0,0
0,72,61.2,2,0,0,60.14041095890411,1,0,0,0,0,0,0,1,0,1,1,1,1,0,1,1,1,0,0,0,1
0,4,19.95,3,0,0,13.64,1,0,0,1,0,0,1,0,0,0,0,0,0,1,0,0,0,0,1,0,0
0,9,54.8,0,0,0,45.28,1,1,1,1,0,0,0,0,1,0,1,0,0,0,0,0,0,0,1,0,0
1,72,73.45,1,0,0,73.0,1,1,0,1,1,0,0,0,0,1,0,1,1,0,1,1,1,0,0,0,1
0,33,51.45,0,0,0,51.73235294117647,0,1,0,1,0,0,0,0,0,0,1,0,0,1,0,1,0,0,1,1,0
0,72,80.45,0,0,0,78.59726027397261,0,1,0,1,1,1,0,1,0,0,0,0,0,0,1,0,0,0,0,0,1
0,22,54.2,0,0,1,50.11739130434783,1,1,0,1,0,0,0,1,0,0,1,0,0,0,0,1,0,1,0,1,0
0,70,109.5,0,7,1,108.09225352112676,0,1,0,1,1,1,0,0,1,1,1,1,1,1,0,1,0,1,0,0,1
0,21,104.4,0,3,1,98.08863636363635,1,1,1,1,1,1,0,0,1,1,0,1,1,0,0,0,0,1,0,1,0
0,15,85.3,0,0,0,76.240625,1,0,0,1,0,1,0,0,0,1,0,1,0,0,0,0,0,1,0,1,0
1,29,79.3,0,0,0,80.485,1,1,0,1,1,1,0,0,0,0,1,0,0,0,0,1,0,1,0,1,0
0,15,76.5,0,0,0,72.225,0,1,1,1,0,0,0,0,1,1,1,1,1,0,0,0,0,0,0,1,0
1,71,105.1,0,8,1,104.83472222222223,1,1,1,1,1,1,0,1,1,0,0,1,1,0,0,1,1,0,0,0,1
1,72,25.4,0,0,0,24.785616438356165,1,0,0,1,1,0,1,0,0,0,0,0,0,0,1,0,0,0,0,0,1
0,19,86.85,1,0,0,78.22,0,1,0,1,1,1,0,0,0,0,0,1,0,0,0,1,0,1,0,1,0
0,1,19.65,0,0,0,9.825,1,0,0,1,0,0,1,0,0,0,0,0,0,0,0,0,0,0,1,0,0
0,1,75.7,0,0,1,37.85,0,0,0,1,0,1,0,0,1,0,0,0,0,0,0,1,0,1,0,0,0
0,2,45.55,2,0,0,28.133333333333336,0,0,0,1,0,0,0,0,0,0,0,0,0,0,0,0,0,1,0,0,0
1,11,78.1,0,0,0,72.07083333333334,0,1,1,1,1,1,0,0,0,1,0,0,0,0,0,1,1,0,0,0,0
0,12,19.3,1,0,0,17.596153846153847,0,0,0,1,0,0,1,0,0,0,0,0,0,1,0,0,0,0,1,0,0
0,70,110.5,0,0,0,109.1838028169014,0,1,0,1,1,1,0,0,1,1,1,1,1,0,1,1,0,1,0,0,1
1,20,90.8,0,2,1,92.9047619047619,0,1,0,1,1,1,0,0,0,1,0,1,0,0,0,0,0,1,0,1,0
0,23,20.3,0,2,0,19.608333333333334,0,0,0,1,0,0,1,0,0,0,0,0,0,0,0,1,0,0,0,1,0
1,49,81.35,0,0,0,81.218,1,0,0,1,1,0,0,1,1,1,1,0,1,0,1,0,1,0,0,0,1
0,4,97.95,0,0,1,76.9,0,1,1,1,1,1,0,0,1,0,0,1,1,0,0,1,0,1,0,0,0
0,32,108.15,0,3,1,104.02727272727273,1,0,0,1,1,1,0,1,1,0,1,1,1,0,0,1,1,0,0,1,0
0,2,55.3,0,0,0,36.21666666666667,1,0,1,1,0,0,0,0,0,0,0,0,1,0,0,1,0,1,0,0,0
1,69,56.55,0,0,0,56.46642857142857,1,1,0,0,0,0,0,1,1,0,0,1,1,0,1,0,1,0,0,0,1
0,6,80.5,0,0,1,66.15,1,0,0,1,0,1,0,0,0,0,0,1,0,0,0,1,1,0,0,0,0
0,24,19.7,2,1,0,19.762,0,1,1,1,0,0,1,0,0,0,0,0,0,0,1,1,0,0,1,1,0
0,32,104.05,0,0,0,103.54090909090908,0,0,0,1,1,1,0,0,1,1,0,1,1,1,0,1,1,0,0,1,0
0,27,52.85,0,1,0,53.52321428571429,0,0,0,1,0,0,0,1,1,0,0,0,0,0,1,0,0,0,0,1,0
1,27,104.3,0,0,1,102.41964285714286,0,1,0,1,1,1,0,1,0,0,1,1,1,0,0,1,0,0,0,1,0
0,58,80.65,0,0,0,81.48050847457628,1,0,0,1,1,1,0,0,0,0,1,0,0,0,0,0,0,0,0,0,1
0,1,71.35,3,0,1,35.675,1,0,0,1,0,1,0,0,0,0,0,0,0,0,0,1,0,0,1,0,0
0,18,24.65,0,0,0,24.807894736842105,0,1,1,1,1,0,1,0,0,0,0,0,0,0,1,1,1,0,0,1,0
0,47,21.3,0,0,0,21.704166666666666,0,1,1,1,0,0,1,0,0,0,0,0,0,0,1,1,0,0,0,0,1
0,70,110.2,0,0,0,108.30704225352113,0,1,1,1,1,1,0,0,1,1,1,1,1,0,1,1,0,1,0,0,1
0,13,89.4,0,1,1,80.88214285714285,0,0,0,1,1,1,0,0,1,1,1,0,0,0,0,0,0,1,0,1,0
0,36,51.05,0,2,0,49.054054054054056,0,1,1,1,0,0,0,1,0,0,0,0,0,0,0,0,1,0,0,1,0
0,67,19.8,0,0,0,19.283823529411762,1,0,0,1,0,0,1,0,0,0,0,0,0,0,1,1,0,0,1,0,1
0,10,19.9,0,0,0,18.13181818181818,0,0,0,1,0,0,1,0,0,0,0,0,0,0,0,1,0,0,1,0,0
1,19,87.3,0,0,0,81.865,1,0,0,1,0,1,0,1,0,0,0,0,1,0,0,1,0,1,0,1,0
0,71,19.85,4,0,0,18.421527777777776,0,1,1,1,0,0,1,0,0,0,0,0,0,0,1,0,0,0,0,0,1
0,72,89.4,0,0,0,87.35000000000001,1,1,1,1,1,0,0,1,1,1,1,1,1,0,1,1,0,0,1,0,1
0,48,20.0,0,0,0,19.099999999999998,0,1,1,1,0,0,1,0,0,0,0,0,0,0,1,0,0,0,1,0,1
0,18,83.25,3,0,0,84.79736842105264,1,1,1,1,0,0,0,1,0,1,1,1,1,0,0,0,0,1,0,1,0
0,1,20.6,0,0,1,10.3,1,0,0,1,0,0,1,0,0,0,0,0,0,0,0,0,0,0,1,0,0
1,67,102.9,0,0,0,102.78970588235293,1,1,0,1,1,1,0,0,1,0,1,1,1,0,1,0,0,0,0,0,1
0,69,39.1,0,0,0,39.707142857142856,1,1,1,0,0,0,0,1,0,1,1,0,0,0,1,0,0,0,1,0,1
0,19,99.95,0,1,1,96.5875,1,0,0,1,1,1,0,0,1,0,0,1,1,0,0,1,0,1,0,1,0
1,72,114.5,0,0,0,114.13630136986302,1,1,0,1,1,1,0,1,1,1,1,1,1,0,1,1,0,0,1,0,1
1,38,20.2,0,0,0,18.869230769230768,0,0,0,1,0,0,1,0,0,0,0,0,0,0,1,0,0,0,1,0,1
1,40,55.8,1,0,0,55.69024390243903,1,1,0,1,0,0,0,0,0,0,0,0,1,1,0,0,0,1,0,0,1
0,61,24.2,0,0,0,23.309677419354838,0,1,1,1,1,0,1,0,0,0,0,0,0,0,1,1,0,0,1,0,1
0,10,81.0,3,0,1,74.36818181818181,0,0,0,1,1,1,0,0,1,0,0,0,0,0,0,1,1,0,0,0,0
0,32,72.8,0,0,0,70.69848484848485,1,1,0,1,1,0,0,1,0,0,1,1,0,1,0,1,1,0,0,1,0
0,21,99.85,5,0,0,90.57045454545454,0,0,0,1,1,1,0,0,1,0,0,1,1,0,0,1,1,0,0,1,0
1,59,99.5,5,4,0,98.16666666666667,0,0,0,1,1,1,0,0,0,1,0,1,1,1,0,1,0,1,0,0,1
1,13,70.15,0,0,1,65.48214285714286,0,1,0,1,0,1,0,0,0,0,0,0,0,0,0,1,0,1,0,1,0
0,47,20.25,0,0,0,21.454166666666666,0,0,0,1,0,0,1,0,0,0,0,0,0,0,1,0,1,0,0,0,1
0,69,26.0,0,0,0,25.665,1,1,1,1,1,0,1,0,0,0,0,0,0,0,1,1,0,0,0,0,1
0,2,19.9,0,0,0,11.233333333333334,1,0,0,1,0,0,1,0,0,0,0,0,0,0,0,1,1,0,0,0,0
0,22,19.05,0,0,0,19.741304347826087,0,1,1,1,0,0,1,0,0,0,0,0,0,0,0,0,0,0,0,1,0
1,15,96.5,0,0,0,87.015625,1,1,0,1,1,1,0,1,0,1,0,1,0,0,0,1,0,1,0,1,0
0,53,19.85,0,0,0,19.437037037037037,0,0,0,1,0,0,1,0,0,0,0,0,0,0,1,0,1,0,0,0,1
1,28,25.7,0,0,0,25.33103448275862,0,1,0,1,1,0,1,0,0,0,0,0,0,0,0,0,0,0,1,1,0
0,22,20.3,0,1,0,20.656521739130437,1,0,0,1,0,0,1,0,0,0,0,0,0,1,0,0,0,0,1,1,0
0,1,70.15,0,0,1,35.075,0,0,0,1,0,1,0,0,0,0,0,0,0,0,0,1,0,0,1,0,0
1,16,91.55,0,0,0,90.59117647058824,1,1,0,1,0,1,0,0,0,1,1,0,1,0,0,1,0,1,0,1,0
0,48,39.4,2,0,0,40.38061224489796,0,1,1,0,0,0,0,1,1,0,1,0,0,0,1,0,0,0,1,0,1
1,30,105.7,0,0,0,102.63870967741936,1,1,0,1,1,1,0,1,1,1,1,1,0,0,0,1,0,0,0,1,0
0,3,70.25,0,0,0,57.425,0,0,0,1,0,1,0,0,0,0,0,0,0,0,0,1,0,1,0,0,0
1,57,93.75,0,0,0,96.99224137931034,1,0,0,1,1,1,0,1,0,0,1,0,1,0,1,0,0,1,0,0,1
1,68,96.55,3,7,1,95.38985507246376,0,1,0,1,1,1,0,1,1,0,0,0,1,1,0,1,1,0,0,0,1
0,23,60.0,0,2,0,56.13125,0,1,0,1,0,0,0,0,0,0,1,1,0,1,0,0,0,0,0,1,0
0,65,59.8,0,3,0,57.699999999999996,0,1,0,1,0,0,0,0,0,0,1,1,0,0,1,1,1,0,0,0,1
0,44,90.65,0,0,0,88.31444444444445,1,1,0,1,0,1,0,0,0,0,0,1,1,1,0,1,0,0,0,0,1
0,71,109.0,0,0,0,106.41388888888889,0,1,1,1,1,1,0,1,1,1,0,1,1,0,1,1,0,0,0,0,1
0,37,68.1,0,1,0,65.24342105263158,0,1,0,1,1,0,0,1,0,1,1,0,0,1,0,0,1,0,0,0,1
0,12,20.4,0,0,0,20.50769230769231,0,0,0,1,0,0,1,0,0,0,0,0,0,0,0,0,0,0,1,0,0
0,69,81.95,0,0,0,80.02,1,1,1,1,1,0,0,0,1,1,1,1,1,0,1,1,0,0,0,0,1
0,35,60.55,4,0,0,55.07222222222222,0,0,0,1,0,0,0,1,1,1,0,0,0,0,0,0,0,1,0,1,0
0,5,65.6,0,0,0,56.65,1,0,0,1,0,0,0,0,1,0,1,0,1,0,0,1,0,0,0,0,0
0,58,82.5,0,0,0,81.8313559322034,1,1,1,1,1,1,0,0,0,0,0,1,0,0,1,0,0,0,0,0,1
0,72,82.3,0,0,0,81.92534246575343,1,1,0,1,1,0,0,1,1,1,1,0,1,0,1,1,0,0,0,0,1
0,72,68.15,0,0,0,65.87260273972602,1,1,0,1,1,0,0,1,1,1,1,0,0,0,1,0,0,0,1,0,1
0,1,20.3,4,0,0,10.15,0,0,0,1,0,0,1,0,0,0,0,0,0,0,0,0,1,0,0,0,0
0,39,95.55,5,2,1,92.32124999999999,0,0,0,1,0,1,0,1,0,1,1,1,0,1,0,1,0,1,0,0,1
0,53,20.2,0,2,0,19.78055555555556,1,1,1,1,0,0,1,0,0,0,0,0,0,1,0,0,1,0,0,0,1
0,27,89.2,0,0,0,85.12857142857142,0,0,0,1,0,1,0,0,0,1,1,0,1,0,0,1,0,1,0,1,0
1,1,69.65,0,0,1,34.825,0,0,0,1,0,1,0,0,0,0,0,0,0,0,0,1,0,1,0,0,0
1,1,89.3,0,0,1,44.65,0,0,0,1,0,1,0,0,0,0,0,1,1,0,0,1,0,1,0,0,0
0,18,74.8,5,0,0,75.68684210526315,0,1,0,1,0,1,0,1,0,0,0,0,0,0,0,0,0,1,0,1,0
0,46,20.2,0,0,0,19.52021276595745,1,1,1,1,0,0,1,0,0,0,0,0,0,0,1,1,0,0,1,0,1
0,72,84.4,0,0,0,83.51301369863013,0,1,0,1,1,0,0,1,0,1,1,1,1,0,1,1,1,0,0,0,1
0,36,87.55,0,1,1,83.19189189189188,0,0,0,1,0,1,0,0,0,1,1,0,1,0,0,1,0,1,0,1,0
0,4,25.15,0,0,0,19.990000000000002,0,1,0,0,0,0,0,0,0,0,0,0,0,0,0,1,0,1,0,0,0
0,25,19.8,0,0,0,18.276923076923076,0,0,0,1,0,0,1,0,0,0,0,0,0,0,1,0,1,0,0,1,0
0,40,50.85,0,0,0,49.671951219512195,0,1,1,0,0,0,0,0,1,0,0,1,1,0,0,1,0,1,0,0,1
0,63,102.4,0,0,0,100.68828125,1,1,0,1,1,1,0,0,1,1,0,1,1,0,0,1,0,1,0,0,1
1,15,96.3,0,0,1,89.171875,0,0,0,1,0,1,0,1,0,1,1,0,1,0,0,1,0,0,1,1,0
0,14,55.5,0,0,0,51.169999999999995,1,0,0,1,1,0,0,0,1,0,0,0,0,0,0,1,1,0,0,1,0
1,72,109.75,3,0,0,108.66438356164383,1,1,0,1,1,1,0,0,1,1,1,1,1,0,1,1,0,0,0,0,1
0,39,106.4,0,0,0,101.01625,1,0,0,1,1,1,0,1,1,0,0,1,1,0,0,1,0,1,0,0,1
0,47,60.0,0,0,0,57.68020833333333,0,1,1,0,0,0,0,1,1,1,0,1,1,0,1,1,1,0,0,0,1
0,19,88.8,0,0,0,83.61749999999999,1,1,0,1,1,1,0,1,1,0,1,0,0,0,0,1,1,0,0,1,0
0,5,85.2,0,0,1,79.13333333333334,0,0,0,1,1,1,0,0,0,0,0,1,0,0,0,1,0,1,0,0,0
0,13,35.1,0,0,1,31.864285714285717,0,0,0,0,0,0,0,0,0,0,0,0,1,0,0,1,0,1,0,1,0
0,17,80.05,0,1,0,74.75833333333334,0,0,0,1,1,1,0,0,0,1,0,0,0,0,0,0,0,0,0,1,0
1,34,75.55,3,0,0,69.29714285714286,1,1,0,1,1,1,0,0,0,0,0,0,0,0,0,1,0,1,0,1,0
0,42,49.55,0,0,0,48.32441860465116,0,0,0,1,0,0,0,0,1,0,0,0,0,0,0,1,0,1,0,0,1
0,5,81.3,0,0,1,69.38333333333334,1,1,0,1,1,1,0,0,1,0,0,0,0,0,0,1,0,1,0,0,0
0,71,23.9,0,0,0,23.104166666666668,0,1,1,1,1,0,1,0,0,0,0,0,0,0,1,0,1,0,0,0,1
1,19,66.4,5,0,0,64.3025,1,1,0,1,0,0,0,1,0,1,0,1,0,0,0,0,0,0,0,1,0
0,2,19.6,5,0,1,11.950000000000001,0,0,1,1,0,0,1,0,0,0,0,0,0,0,0,1,0,1,0,0,0
0,57,18.8,0,0,0,18.86810344827586,1,0,0,1,0,0,1,0,0,0,0,0,0,0,1,0,1,0,0,0,1
0,72,108.4,0,0,0,105.74657534246575,1,1,0,1,1,1,0,0,1,1,1,1,1,0,1,1,0,1,0,0,1
0,6,85.95,5,0,0,73.51428571428572,0,0,0,1,0,1,0,0,1,0,0,0,1,0,0,1,0,0,1,0,0
0,17,85.45,0,0,1,80.64444444444445,0,1,1,1,1,1,0,0,0,0,0,0,1,0,0,1,0,1,0,1,0
0,61,80.9,0,0,0,79.55645161290323,1,1,0,1,1,0,0,0,1,1,0,1,1,0,1,0,0,0,0,0,1
0,1,71.0,3,0,1,35.5,1,1,1,1,0,1,0,0,0,0,0,0,0,0,0,1,0,1,0,0,0
0,48,111.8,0,1,0,111.09489795918367,1,1,1,1,1,1,0,1,1,1,1,1,1,0,1,0,1,0,0,0,1
0,16,20.6,0,0,0,19.426470588235293,1,0,0,1,0,0,1,0,0,0,0,0,0,0,0,1,1,0,0,1,0
1,9,85.05,0,0,1,74.65,1,0,0,1,1,1,0,0,0,0,0,0,1,0,0,1,0,1,0,0,0
0,3,44.6,0,0,0,30.675,0,0,0,1,0,0,0,0,0,0,0,0,0,0,0,0,0,1,0,0,0
0,1,44.4,0,0,1,22.2,1,0,1,1,0,0,0,0,0,0,0,0,0,0,0,1,0,1,0,0,0
0,65,105.1,0,0,0,100.48257575757576,1,0,0,1,1,1,0,0,1,1,0,1,1,0,1,0,1,0,0,0,1
0,70,115.15,0,0,0,116.19718309859155,0,1,1,1,1,1,0,1,1,1,1,1,1,0,1,1,1,0,0,0,1
0,60,59.8,0,0,0,58.37950819672131,1,1,0,1,0,0,0,1,0,0,0,1,0,1,0,1,0,0,1,0,1
0,69,26.3,0,0,0,25.193571428571428,0,1,0,1,1,0,1,0,0,0,0,0,0,1,0,1,0,1,0,0,1
1,35,70.55,0,0,0,67.19444444444444,0,0,0,1,0,1,0,0,0,0,0,0,0,0,0,0,0,1,0,1,0
0,22,20.05,0,0,0,20.443478260869565,0,0,0,1,0,0,1,0,0,0,0,0,0,0,0,1,0,0,1,1,0
0,66,79.85,0,0,0,78.13358208955223,1,1,1,1,1,0,0,0,1,1,0,1,1,0,1,0,0,0,0,0,1
1,1,70.3,0,0,1,35.15,1,1,0,1,0,1,0,0,0,0,0,0,0,0,0,1,0,1,0,0,0
0,1,79.35,0,0,1,39.675,0,1,0,1,0,1,0,0,0,0,0,1,0,0,0,1,0,0,0,0,0
0,34,90.05,0,1,0,88.48571428571428,1,1,1,1,1,1,0,0,0,1,0,0,1,0,0,1,1,0,0,1,0
0,72,24.45,0,0,0,23.412328767123288,0,1,1,1,1,0,1,0,0,0,0,0,0,0,1,0,0,0,0,0,1
0,31,59.95,0,0,0,57.775,1,1,1,0,0,0,0,1,0,1,1,1,1,1,0,0,0,1,0,1,0
0,30,25.35,0,0,0,23.33225806451613,1,0,1,1,1,0,1,0,0,0,0,0,0,1,0,0,0,0,0,1,0
0,9,90.8,0,1,1,80.975,0,0,0,1,0,1,0,0,0,0,0,1,1,0,0,1,0,0,0,0,0
0,20,70.45,1,0,1,70.04523809523809,1,1,1,1,0,1,0,0,0,0,0,0,0,0,0,1,0,1,0,1,0
1,19,34.3,0,0,0,28.857499999999998,1,1,0,0,0,0,0,0,1,1,0,0,0,0,0,1,1,0,0,1,0
0,65,105.05,0,0,0,104.77196969696969,0,1,0,1,1,1,0,1,0,1,0,1,1,0,0,1,0,1,0,0,1
0,30,19.3,0,0,0,19.448387096774194,0,1,1,1,0,0,1,0,0,0,0,0,0,0,1,0,0,0,1,1,0
0,6,19.15,0,0,0,17.771428571428572,1,0,0,1,0,0,1,0,0,0,0,0,0,1,0,0,0,0,1,0,0
0,2,51.4,0,0,0,32.266666666666666,0,0,0,0,0,0,0,0,1,0,0,1,1,0,0,0,0,1,0,0,0
0,53,71.85,0,0,0,70.88703703703703,1,1,1,1,1,0,0,1,0,0,1,0,1,0,0,0,0,1,0,0,1
1,7,75.4,1,0,0,66.63125,1,1,0,1,1,1,0,0,0,0,0,0,0,0,0,1,0,1,0,0,0
0,61,49.7,0,0,0,47.76451612903226,0,1,1,1,0,0,0,1,0,0,0,0,0,1,0,1,0,0,0,0,1
1,70,45.25,0,9,1,45.97816901408451,1,0,0,0,0,0,0,0,0,0,0,1,1,1,0,1,0,1,0,0,1
0,13,78.75,2,0,0,71.09642857142858,0,0,0,1,1,0,0,1,0,1,0,1,1,0,0,1,0,1,0,1,0
1,35,81.6,5,0,0,78.20138888888889,1,1,0,1,1,1,0,0,0,1,0,0,0,1,0,1,0,0,0,1,0
0,2,70.4,4,0,0,51.6,0,1,0,1,0,1,0,0,0,0,0,0,0,0,0,1,1,0,0,0,0
0,3,75.8,0,0,1,61.575,0,0,0,1,1,1,0,0,0,0,0,0,0,0,0,1,0,1,0,0,0
0,3,76.1,4,0,0,64.4,0,0,0,1,1,1,0,0,0,0,0,0,0,0,0,0,0,1,0,0,0
0,62,94.0,3,0,0,91.38412698412698,0,0,0,1,1,1,0,0,0,0,0,1,1,1,0,1,0,0,0,0,1
0,72,103.95,3,0,0,102.98219178082192,1,1,1,1,1,1,0,1,1,1,1,0,1,0,1,0,1,0,0,0,1
0,63,19.95,0,0,0,19.29375,1,1,0,1,0,0,1,0,0,0,0,0,0,0,1,1,0,0,0,0,1
1,20,71.3,0,0,1,66.15238095238095,1,0,0,1,0,1,0,0,0,0,0,0,0,0,0,0,1,0,0,1,0
1,35,110.8,0,0,0,106.5638888888889,0,0,0,1,1,1,0,1,1,1,1,1,1,1,0,1,0,0,0,1,0
1,21,69.1,0,0,1,67.0340909090909,1,1,0,1,0,1,0,0,0,0,0,0,0,0,0,1,0,1,0,1,0
0,62,96.1,0,5,0,95.2611111111111,1,1,0,1,1,1,0,1,1,0,0,0,1,1,0,0,0,1,0,0,1
0,15,48.8,0,0,0,45.00625,0,0,0,1,1,0,0,0,0,0,0,0,0,0,0,1,0,0,1,1,0
0,55,50.55,0,0,0,50.58482142857143,0,0,0,1,0,0,0,1,0,0,0,0,0,0,0,1,1,0,0,0,1
0,11,44.65,0,0,0,39.354166666666664,0,0,0,1,0,0,0,0,0,0,0,0,0,0,0,1,0,0,1,0,0
0,17,88.25,0,0,1,81.14722222222223,0,1,1,1,1,1,0,0,0,1,0,1,0,0,0,0,0,1,0,1,0
0,61,19.45,0,0,0,21.554032258064513,0,0,0,1,0,0,1,0,0,0,0,0,0,1,0,0,0,0,0,0,1
0,71,89.3,5,0,0,88.73124999999999,0,1,0,1,1,0,0,1,1,1,1,1,1,0,1,0,1,0,0,0,1
0,2,70.0,0,0,1,51.01666666666667,0,0,0,1,0,1,0,0,0,0,0,0,0,0,0,0,0,0,0,0,0
0,35,19.25,0,0,0,18.830555555555556,1,0,0,1,0,0,1,0,0,0,0,0,0,0,1,0,0,0,1,1,0
0,17,70.5,0,0,0,64.75555555555555,0,0,0,1,0,1,0,0,0,0,0,0,0,0,0,0,0,0,0,1,0
0,21,97.35,0,2,1,96.3409090909091,0,0,0,1,1,1,0,0,0,0,0,1,1,0,0,1,0,1,0,1,0
0,47,19.65,5,0,0,19.198958333333334,0,1,0,1,0,0,1,0,0,0,0,0,0,0,1,0,0,0,0,0,1
0,3,20.85,0,0,0,18.0,0,1,0,1,0,0,1,0,0,0,0,0,0,0,0,0,0,0,1,0,0
0,3,19.65,5,0,0,17.0875,1,0,0,1,0,0,1,0,0,0,0,0,0,0,0,1,0,0,1,0,0
1,44,19.35,0,0,0,18.82777777777778,1,1,0,1,0,0,1,0,0,0,0,0,0,0,1,1,1,0,0,0,1
0,1,44.0,0,0,0,22.0,0,0,0,1,0,0,0,0,0,0,0,0,0,0,0,1,0,0,1,0,0
0,44,94.4,0,0,0,95.45222222222223,0,1,1,1,1,1,0,0,1,1,0,0,1,1,0,0,0,1,0,0,1
0,5,25.9,0,0,1,22.5,1,1,1,1,1,0,1,0,0,0,0,0,0,0,0,1,0,0,0,0,0
0,24,55.65,0,0,1,56.022,1,0,0,1,1,0,0,1,0,0,0,0,0,0,0,1,0,0,0,1,0
0,1,69.65,0,0,1,34.825,0,0,1,1,0,1,0,0,0,0,0,0,0,0,0,1,0,1,0,0,0
0,18,75.4,5,0,0,72.65263157894738,0,0,0,1,0,1,0,1,0,0,0,0,0,0,0,1,0,1,0,1,0
0,10,100.6,0,0,1,96.38181818181819,0,0,0,1,1,1,0,0,0,1,0,1,1,0,0,1,0,1,0,0,0
0,65,71.0,0,0,0,66.45757575757575,0,1,0,1,0,0,0,1,1,1,0,0,1,0,1,0,0,0,0,0,1
1,1,86.0,5,1,1,43.0,0,0,0,1,0,1,0,0,1,0,0,0,1,0,0,1,0,1,0,0,0
0,53,106.95,0,5,1,107.13888888888889,0,0,0,1,1,1,0,1,0,1,0,1,1,1,0,1,1,0,0,0,1
0,3,21.2,0,0,0,13.0125,1,0,0,1,0,0,1,0,0,0,0,0,0,1,0,0,0,0,1,0,0
0,33,61.05,0,0,0,59.36470588235294,1,1,0,1,0,0,0,1,1,0,1,0,0,0,1,1,0,0,1,1,0
0,3,29.6,0,0,1,19.8625,1,0,0,0,0,0,0,0,1,0,0,0,0,0,0,1,0,1,0,0,0
0,34,79.95,0,0,0,77.92285714285715,0,0,0,1,0,0,0,1,0,1,1,1,1,1,0,1,0,0,0,1,0
0,14,19.7,0,0,0,17.576666666666664,0,1,1,1,0,0,1,0,0,0,0,0,0,0,1,1,0,0,1,1,0
0,13,20.3,0,0,0,19.67142857142857,0,0,0,1,0,0,1,0,0,0,0,0,0,0,0,1,0,0,1,1,0
1,46,59.9,0,2,1,59.92872340425532,1,1,0,0,0,0,0,0,1,1,1,1,1,1,0,1,0,0,0,0,1
0,23,24.35,0,0,0,22.4375,1,1,1,1,1,0,1,0,0,0,0,0,0,1,0,0,0,0,1,1,0
0,47,19.75,5,0,0,19.76875,0,1,1,1,0,0,1,0,0,0,0,0,0,0,1,0,0,0,1,0,1
0,17,50.3,0,0,0,47.044444444444444,1,0,1,1,0,0,0,1,0,0,0,0,0,0,0,1,0,0,1,1,0
0,49,95.6,0,4,1,95.67,0,1,1,1,1,1,0,0,0,0,0,1,1,0,0,1,0,1,0,0,1
1,59,50.25,0,0,0,49.957499999999996,1,1,0,0,0,0,0,0,1,0,0,1,1,0,0,1,0,1,0,0,1
0,69,85.35,0,0,0,84.24857142857142,0,0,0,1,1,0,0,1,0,1,1,1,1,0,1,1,1,0,0,0,1
0,11,41.6,0,1,1,39.21666666666667,1,0,0,0,0,0,0,0,0,1,0,1,0,1,0,1,0,1,0,0,0
0,10,51.65,0,0,0,47.68181818181818,1,0,0,1,0,0,0,1,0,0,0,0,0,0,0,1,0,0,1,0,0
0,12,24.0,0,0,0,20.74230769230769,1,1,1,1,1,0,1,0,0,0,0,0,0,0,1,1,0,0,0,0,0
0,45,100.85,0,5,1,103.04347826086956,1,0,0,1,1,1,0,0,1,0,0,1,1,0,0,1,1,0,0,0,1
0,39,59.85,0,0,0,58.5375,0,1,1,1,0,0,0,0,0,1,0,1,0,0,0,1,0,0,1,0,1
1,71,25.45,0,0,0,24.856250000000003,1,1,0,1,1,0,1,0,0,0,0,0,0,0,1,0,1,0,0,0,1
0,71,23.9,0,0,0,22.58888888888889,1,1,1,1,1,0,1,0,0,0,0,0,0,0,1,0,1,0,0,0,1
0,33,24.15,0,0,0,23.538235294117644,0,1,1,1,1,0,1,0,0,0,0,0,0,1,0,0,1,0,0,1,0
1,67,75.7,0,4,0,74.42426470588236,1,0,0,1,1,1,0,0,0,0,0,0,0,0,0,1,0,0,1,0,1
0,37,40.2,0,4,1,38.126315789473686,1,1,1,0,0,0,0,1,1,1,0,0,0,0,0,0,0,0,0,0,1
0,49,84.5,1,0,1,85.09700000000001,1,1,1,1,1,1,0,0,0,0,0,1,0,0,0,0,0,1,0,0,1
0,9,50.85,0,0,0,46.660000000000004,0,1,0,1,0,0,0,0,1,0,0,0,0,0,0,0,0,0,1,0,0
0,52,91.6,0,0,0,87.31698113207547,1,1,0,1,1,1,0,1,0,1,1,0,0,0,1,1,1,0,0,0,1
0,70,98.9,0,0,0,96.31830985915494,0,0,0,1,1,1,0,0,1,0,0,1,1,1,0,0,0,1,0,0,1
0,1,85.0,3,0,0,42.5,1,0,0,1,0,1,0,0,1,0,0,0,1,0,0,1,0,1,0,0,0
1,14,78.95,0,0,1,73.45666666666666,0,0,0,1,1,1,0,0,1,0,0,0,0,0,0,1,0,1,0,1,0
0,1,44.3,0,0,0,22.15,1,0,0,1,0,0,0,0,0,0,0,0,0,0,0,1,0,0,1,0,0
0,1,20.2,0,0,1,10.1,1,0,0,1,0,0,1,0,0,0,0,0,0,0,0,0,0,0,1,0,0
0,52,80.2,0,0,0,81.0867924528302,0,0,0,1,1,1,0,0,1,0,0,0,0,1,0,1,0,0,1,0,1
0,6,60.9,0,0,0,59.15714285714286,1,0,0,1,0,0,0,0,0,1,0,1,0,0,0,0,0,0,1,0,0
0,7,34.2,0,0,0,32.075,1,1,0,0,0,0,0,1,1,0,0,0,0,0,0,0,0,0,1,0,0
1,47,85.2,0,3,1,82.69479166666666,0,0,0,1,1,1,0,0,1,1,0,0,0,0,0,1,0,0,0,0,1
0,26,87.15,5,0,0,84.22592592592592,0,0,0,1,0,1,0,1,0,1,1,0,0,1,0,1,1,0,0,1,0
0,25,54.3,0,0,0,49.87692307692308,1,1,1,1,0,0,0,1,0,0,1,0,0,0,0,0,0,1,0,1,0
0,69,19.1,0,0,0,18.12642857142857,1,0,0,1,0,0,1,0,0,0,0,0,0,0,1,1,0,0,1,0,1
0,72,112.75,0,0,0,112.22739726027397,0,0,0,1,1,1,0,1,1,1,1,1,1,0,1,1,1,0,0,0,1
0,4,19.95,0,0,0,11.85,1,0,0,1,0,0,1,0,0,0,0,0,0,0,0,1,0,0,1,0,0
0,59,19.5,0,0,0,19.13083333333333,1,1,1,1,0,0,1,0,0,0,0,0,0,0,1,0,0,0,1,0,1
0,67,65.55,3,0,0,64.14044117647059,1,0,0,1,0,0,0,1,0,1,0,0,1,0,1,0,0,0,0,0,1
1,26,78.8,0,0,0,74.3,0,0,0,1,0,1,0,0,0,0,0,0,1,0,0,1,0,1,0,1,0
0,27,78.2,0,0,0,74.24821428571428,0,0,0,1,0,0,0,0,1,1,1,1,1,1,0,0,0,0,1,1,0
0,72,105.25,0,0,0,104.2431506849315,1,1,1,1,1,1,0,1,0,1,0,1,1,0,1,0,0,0,0,0,1
0,6,89.25,0,0,0,69.57857142857144,0,0,0,1,0,1,0,0,0,1,1,0,1,0,0,1,0,1,0,0,0
0,62,20.65,0,0,0,19.340476190476192,1,1,1,1,0,0,1,0,0,0,0,0,0,0,1,0,1,0,0,0,1
0,20,68.7,0,1,0,67.43809523809524,1,0,0,1,1,0,0,0,1,0,1,1,0,1,0,1,0,1,0,1,0
0,6,78.65,3,0,0,69.04285714285714,1,0,0,1,0,0,0,1,0,1,1,1,1,0,0,0,1,0,0,0,0
0,51,24.75,0,0,0,23.74230769230769,1,0,0,1,1,0,1,0,0,0,0,0,0,0,1,0,0,0,1,0,1
0,61,19.75,0,0,0,21.154838709677417,0,1,1,1,0,0,1,0,0,0,0,0,0,0,1,0,1,0,0,0,1
1,62,89.1,0,3,0,89.17936507936508,1,1,0,1,1,1,0,1,1,1,0,0,0,0,0,1,0,1,0,0,1
0,72,84.7,3,0,0,84.72808219178081,0,0,0,1,1,1,0,1,0,0,1,0,0,0,1,1,0,0,0,0,1
1,13,98.0,0,2,1,88.41785714285713,1,1,0,1,0,1,0,0,1,1,0,1,1,0,0,1,0,1,0,1,0
0,5,94.45,3,2,1,83.01666666666667,1,1,0,1,0,1,0,0,0,1,0,1,1,0,0,1,0,1,0,0,0
1,3,105.0,0,0,1,73.6125,1,0,0,1,1,1,0,0,1,1,0,1,1,0,0,1,0,1,0,0,0
1,26,93.85,0,2,1,88.20555555555556,0,1,0,1,1,1,0,0,1,1,0,0,1,0,0,1,0,1,0,1,0
1,13,59.9,1,0,0,56.31071428571429,1,0,0,1,0,0,0,0,1,0,0,1,0,0,0,1,0,1,0,1,0
0,38,19.95,0,0,0,19.394871794871793,0,1,1,1,0,0,1,0,0,0,0,0,0,0,1,1,0,0,1,0,1
1,8,84.0,0,0,1,68.15555555555555,0,1,0,1,1,1,0,0,0,0,0,0,1,0,0,1,0,1,0,0,0
1,34,108.9,0,0,0,103.57714285714285,1,1,1,1,1,1,0,0,1,1,1,1,1,0,0,1,0,1,0,1,0
0,18,33.6,4,0,0,28.96578947368421,1,0,0,0,0,0,0,1,0,1,0,0,0,0,0,0,0,0,1,1,0
0,56,85.85,0,0,0,84.10175438596491,1,1,1,1,0,1,0,0,1,1,1,0,0,1,0,1,0,0,1,0,1
0,36,34.85,0,0,0,34.24864864864865,0,0,0,0,0,0,0,0,1,0,1,0,0,0,0,1,0,0,0,1,0
0,9,48.75,0,0,1,44.22,0,1,0,0,0,0,0,0,0,1,0,1,1,0,0,1,0,1,0,0,0
0,1,84.85,0,0,1,42.425,1,0,0,1,0,1,0,0,0,1,0,1,0,0,0,1,0,1,0,0,0
0,12,56.65,0,0,1,50.37307692307692,1,0,0,1,0,0,0,1,0,0,1,0,0,0,0,0,0,0,1,0,0
1,57,95.3,0,0,0,95.99051724137931,0,1,1,1,0,1,0,0,1,1,1,1,0,0,0,1,1,0,0,0,1
0,42,73.9,0,4,1,73.50116279069768,0,0,0,1,0,0,0,1,1,1,1,0,1,1,0,0,1,0,0,0,1
0,33,24.5,0,0,1,21.773529411764706,0,1,1,1,1,0,1,0,0,0,0,0,0,0,1,1,0,0,1,1,0
0,70,84.6,0,0,0,80.36901408450704,1,1,0,1,0,1,0,1,1,0,1,0,0,0,1,0,0,0,0,0,1
0,68,44.95,0,0,0,44.71521739130435,0,0,0,0,0,0,0,0,1,0,1,0,1,0,0,0,0,1,0,0,1
0,1,24.7,1,0,0,12.35,1,0,1,0,0,0,0,0,0,0,0,0,0,0,0,1,0,1,0,0,0
0,37,100.3,5,2,0,93.19473684210527,0,0,0,1,1,1,0,0,0,0,1,1,1,0,0,0,1,0,0,0,1
0,4,25.45,0,0,0,16.84,0,0,1,1,1,0,1,0,0,0,0,0,0,0,0,1,0,0,1,0,0
0,1,50.7,0,0,0,25.35,1,0,0,1,0,0,0,1,0,0,0,0,0,0,0,1,0,0,1,0,0
0,20,55.0,0,0,0,55.50238095238095,1,0,0,0,0,0,0,1,1,1,1,1,0,0,0,1,1,0,0,1,0
0,72,68.4,0,0,0,66.51164383561644,1,1,1,1,0,0,0,1,1,0,1,1,0,0,1,0,0,0,0,0,1
0,31,89.9,0,5,1,87.715625,0,0,0,1,1,1,0,0,0,1,0,0,1,0,0,1,0,1,0,1,0
1,18,78.55,0,0,1,74.8763157894737,1,1,0,1,0,1,0,0,0,0,0,0,1,0,0,0,0,1,0,1,0
0,11,55.05,0,0,0,50.67916666666667,1,1,0,1,0,0,0,0,0,0,0,1,0,0,0,1,0,0,0,0,0
0,33,19.8,3,0,0,18.863235294117647,0,1,1,1,0,0,1,0,0,0,0,0,0,0,1,0,1,0,0,1,0
1,62,84.45,0,0,0,78.71666666666665,0,0,0,1,1,1,0,0,0,0,0,1,0,1,0,0,0,1,0,0,1
0,1,35.9,2,0,0,17.95,0,0,0,0,0,0,0,0,0,1,1,0,0,0,0,0,0,0,1,0,0
0,16,80.75,0,0,0,77.7235294117647,1,1,0,1,0,1,0,1,1,0,0,0,0,0,0,0,0,0,0,1,0
0,22,78.65,0,0,0,72.33695652173913,1,1,1,1,1,0,0,0,0,1,1,1,1,1,0,1,0,0,1,1,0
0,49,61.75,0,0,0,60.483000000000004,0,1,1,1,0,0,0,1,0,1,1,0,0,0,0,0,0,0,0,0,1
0,36,63.7,0,0,0,59.148648648648646,1,1,1,1,0,0,0,1,0,1,0,0,1,1,0,1,1,0,0,1,0
0,42,99.45,0,4,1,96.23372093023256,1,1,0,1,1,1,0,0,1,1,1,0,1,0,0,1,0,1,0,0,1
1,4,25.2,0,0,1,20.5,1,0,0,0,0,0,0,0,0,0,0,0,0,0,0,1,0,0,0,0,0
0,12,74.05,2,0,1,67.12692307692308,0,0,0,1,1,0,0,0,0,0,1,1,1,1,0,0,0,0,1,0,0
0,31,87.6,0,0,0,85.1328125,0,0,0,1,0,1,0,1,0,1,1,0,0,0,0,0,0,1,0,1,0
0,5,89.15,0,0,0,68.875,1,1,0,1,1,1,0,1,0,0,0,0,1,0,0,1,0,1,0,0,0
0,66,20.0,0,0,0,20.51044776119403,1,1,1,1,0,0,1,0,0,0,0,0,0,0,1,0,1,0,0,0,1
1,15,55.0,0,1,1,47.31875,0,0,0,1,1,0,0,0,0,0,1,0,0,0,0,0,1,0,0,1,0
0,64,104.4,0,0,0,102.96384615384615,1,0,0,1,1,1,0,0,1,1,0,1,1,0,1,1,0,0,0,0,1
0,10,20.05,0,0,0,19.863636363636363,1,1,1,1,0,0,1,0,0,0,0,0,0,0,0,1,1,0,0,0,0
0,7,89.75,0,1,1,76.1,1,1,1,1,0,1,0,0,1,0,1,1,0,0,0,1,0,1,0,0,0
0,29,34.3,0,0,0,33.49166666666667,1,0,0,0,0,0,0,0,1,0,1,0,0,0,0,0,0,1,0,1,0
0,57,20.65,0,4,0,19.406896551724138,1,0,0,1,0,0,1,0,0,0,0,0,0,0,1,0,0,0,0,0,1
0,46,84.25,0,0,0,81.86382978723404,0,0,0,1,1,1,0,1,1,0,0,0,0,0,0,0,0,0,1,0,1
0,53,19.65,0,0,0,18.11111111111111,1,0,0,1,0,0,1,0,0,0,0,0,0,0,1,0,0,0,0,0,1
0,17,79.85,5,0,0,77.07499999999999,0,0,0,1,0,0,0,1,1,0,1,1,1,1,0,0,1,0,0,1,0
0,38,20.2,0,0,0,19.129487179487178,0,1,1,1,0,0,1,0,0,0,0,0,0,0,1,1,0,0,1,0,1
0,15,19.8,0,0,0,19.0375,1,0,0,1,0,0,1,0,0,0,0,0,0,1,0,0,0,0,1,1,0
0,22,50.35,0,0,0,47.77608695652174,0,0,0,0,0,0,0,0,1,0,0,1,1,0,0,1,0,1,0,1,0
0,14,85.15,0,0,1,75.94666666666667,1,1,0,1,1,1,0,0,0,0,0,0,1,0,0,1,0,1,0,1,0
0,57,74.6,0,0,0,75.32672413793104,0,1,0,1,1,0,0,0,1,1,1,1,0,1,0,0,0,0,0,0,1
1,11,79.15,0,0,0,68.97500000000001,1,0,0,1,0,1,0,0,0,0,0,0,1,0,0,1,1,0,0,0,0
0,1,20.35,0,0,0,10.175,0,1,1,1,0,0,1,0,0,0,0,0,0,0,1,0,0,0,1,0,0
0,12,21.05,0,0,0,20.157692307692308,1,1,1,1,0,0,1,0,0,0,0,0,0,0,1,0,0,0,0,0,0
1,3,94.6,0,0,1,69.8875,1,1,0,1,1,1,0,0,0,0,0,1,1,0,0,1,0,1,0,0,0
0,36,94.7,0,0,0,94.93243243243244,1,0,1,1,0,1,0,0,1,0,0,1,1,0,0,1,0,1,0,1,0
0,16,94.25,0,1,1,87.25,1,0,0,1,0,1,0,1,0,0,0,1,1,0,0,1,0,1,0,1,0
0,65,72.45,0,5,1,70.51287878787879,1,1,1,1,1,0,0,1,1,1,0,0,1,1,0,0,1,0,0,0,1
0,2,74.95,0,0,0,50.583333333333336,1,0,0,1,0,1,0,0,1,0,0,0,0,0,0,0,0,1,0,0,0
0,42,105.2,0,3,1,102.34302325581395,0,0,0,1,1,1,0,1,0,1,0,1,1,0,0,1,0,1,0,0,1
0,72,111.95,0,0,0,110.04246575342466,1,1,1,1,0,1,0,1,1,1,1,1,1,0,1,0,0,0,0,0,1
0,62,19.85,0,0,0,19.899206349206352,1,0,0,1,0,0,1,0,0,0,0,0,0,0,1,0,0,0,0,0,1
0,6,89.75,0,0,0,78.95,0,0,0,1,1,1,0,0,1,0,0,1,0,0,0,1,0,1,0,0,0
0,48,20.05,0,2,0,21.142857142857142,1,1,0,1,0,0,1,0,0,0,0,0,0,0,1,1,0,0,1,0,1
0,35,108.95,0,0,0,111.81944444444444,1,0,0,1,1,1,0,1,0,1,1,1,1,0,1,1,0,1,0,1,0
0,52,19.65,0,0,0,17.516981132075472,1,0,1,1,0,0,1,0,0,0,0,0,0,1,0,0,1,0,0,0,1
0,1,24.9,0,0,0,12.45,0,0,0,0,0,0,0,0,0,0,0,0,0,0,0,1,0,0,1,0,0
0,6,82.85,0,0,1,65.75,1,1,0,1,1,1,0,0,0,0,0,1,0,0,0,1,0,1,0,0,0
0,71,93.2,0,0,0,90.36319444444445,0,1,0,1,1,0,0,1,1,1,1,1,1,0,1,0,1,0,0,0,1
0,67,84.8,0,0,0,82.32794117647059,0,1,1,1,0,1,0,1,1,1,0,0,0,1,0,0,0,0,0,0,1
1,60,71.75,0,0,0,71.71393442622951,1,0,0,1,1,0,0,1,1,0,0,0,1,1,0,1,0,1,0,0,1
0,23,30.35,0,0,0,28.28125,1,1,1,0,0,0,0,0,0,0,1,0,0,0,0,1,0,0,0,1,0
0,39,54.85,0,0,0,54.7925,1,0,1,0,0,0,0,0,0,1,1,1,1,1,0,0,0,0,0,0,1
0,15,19.5,0,1,0,14.984375,1,1,1,1,0,0,1,0,0,0,0,0,0,1,0,1,0,0,1,1,0
1,53,103.85,0,6,1,101.58333333333333,1,1,0,1,1,1,0,0,1,1,0,1,1,0,0,1,0,1,0,0,1
0,24,24.2,0,1,0,24.362,1,1,1,1,1,0,1,0,0,0,0,0,0,0,1,0,0,0,1,1,0
0,37,19.35,0,0,0,17.99342105263158,0,1,1,1,0,0,1,0,0,0,0,0,0,0,0,0,0,1,0,0,1
0,5,83.6,0,0,1,67.36666666666666,0,1,1,1,0,1,0,0,1,0,0,0,1,0,0,1,0,1,0,0,0
1,50,100.65,0,4,0,101.75980392156863,0,1,0,1,1,1,0,0,0,0,1,1,1,1,0,1,0,1,0,0,1
0,54,94.1,0,0,0,92.01636363636364,0,0,0,1,0,1,0,0,0,1,0,1,1,1,0,1,1,0,0,0,1
0,3,74.55,0,0,0,58.4125,0,0,0,1,0,1,0,1,0,0,0,0,0,0,0,1,0,1,0,0,0
0,68,108.45,0,6,1,104.00797101449275,1,0,0,1,1,1,0,0,1,1,1,1,1,1,0,0,0,1,0,0,1
0,5,56.15,0,0,0,48.574999999999996,1,0,0,1,0,0,0,0,0,1,1,0,0,0,0,0,0,1,0,0,0
0,33,20.35,4,0,0,20.28676470588235,1,0,0,1,0,0,1,0,0,0,0,0,0,0,1,0,0,0,1,1,0
0,41,80.55,0,0,0,77.71190476190476,0,0,0,1,1,0,0,0,1,1,0,1,1,1,0,1,0,1,0,0,1
0,34,61.25,0,0,0,56.94857142857143,0,1,1,0,0,0,0,1,0,1,1,1,1,1,0,0,0,0,1,1,0
0,13,20.45,1,0,0,18.178571428571427,0,1,1,1,0,0,1,0,0,0,0,0,0,0,0,1,0,0,1,1,0
0,20,18.9,2,0,0,16.554761904761904,0,0,0,1,0,0,1,0,0,0,0,0,0,0,0,1,1,0,0,1,0
1,51,19.6,0,0,0,18.61346153846154,0,0,0,1,0,0,1,0,0,0,0,0,0,0,1,0,1,0,0,0,1
0,3,91.5,0,0,1,60.7375,0,1,0,1,1,1,0,0,1,0,0,0,1,0,0,1,1,0,0,0,0
0,41,45.2,0,0,0,43.85476190476191,0,0,1,1,0,0,0,0,0,0,0,0,0,0,0,0,0,0,0,0,1
0,13,19.45,0,0,0,16.57857142857143,0,0,0,1,0,0,1,0,0,0,0,0,0,0,0,0,1,0,0,1,0
0,35,25.45,0,0,0,22.479166666666668,1,1,1,1,1,0,1,0,0,0,0,0,0,0,1,0,0,0,0,1,0
0,12,80.85,0,0,1,66.65,1,1,0,1,0,1,0,1,0,0,1,0,0,0,0,0,0,0,0,0,0
0,4,94.9,0,0,0,72.11,1,0,0,1,0,1,0,1,1,0,1,0,1,0,0,1,0,0,1,0,0
0,43,49.05,0,5,1,47.18636363636363,0,0,0,0,0,0,0,0,0,1,0,1,1,0,0,1,0,0,0,0,1
1,12,29.3,5,0,0,27.376923076923074,0,1,1,0,0,0,0,0,0,0,1,0,0,0,0,1,0,0,1,0,0
1,68,105.3,0,5,1,105.79202898550724,1,1,0,1,1,1,0,0,1,1,0,1,1,0,0,1,0,1,0,0,1
1,25,88.95,0,2,1,88.12307692307692,1,0,0,1,1,1,0,0,1,0,0,1,0,0,0,1,0,1,0,1,0
0,7,20.25,0,0,0,16.14375,0,0,0,1,0,0,1,0,0,0,0,0,0,1,0,0,0,0,1,0,0
1,66,110.85,2,5,1,111.81716417910448,1,1,0,1,1,1,0,0,1,1,1,1,1,1,0,1,0,1,0,0,1
0,53,110.5,0,0,0,108.06481481481481,0,1,0,1,0,1,0,1,1,1,1,1,1,1,0,0,0,1,0,0,1
1,63,109.4,0,0,0,109.86640625,1,0,0,1,1,1,0,1,1,1,0,1,1,0,0,1,0,0,0,0,1
0,70,114.2,4,6,1,108.78732394366196,0,1,1,1,1,1,0,1,1,1,1,1,1,0,1,1,0,0,0,0,1
1,27,36.5,0,0,1,36.857142857142854,1,1,0,0,0,0,0,0,0,0,0,0,1,0,0,0,0,0,0,1,0
0,1,70.75,0,0,1,35.375,0,0,0,1,0,1,0,0,0,0,0,0,0,0,0,0,0,0,1,0,0
0,5,19.95,2,0,0,18.266666666666666,0,0,0,1,0,0,1,0,0,0,0,0,0,0,0,0,0,0,1,0,0
1,37,19.6,0,0,0,19.152631578947368,0,1,0,1,0,0,1,0,0,0,0,0,0,1,0,0,0,0,1,0,1
0,3,40.15,0,2,1,32.6875,1,0,0,0,0,0,0,0,0,1,0,1,0,0,0,1,0,0,1,0,0
0,12,76.6,0,0,0,68.6923076923077,0,0,1,1,1,1,0,0,0,0,0,0,0,0,0,1,0,1,0,0,0
0,38,19.6,0,0,0,19.566666666666666,0,1,1,1,0,0,1,0,0,0,0,0,0,1,0,0,1,0,0,0,1
0,9,85.3,0,0,0,78.14,0,0,0,1,0,1,0,0,0,1,0,0,1,0,0,1,1,0,0,0,0
0,13,65.85,1,0,0,64.44642857142857,1,1,0,1,1,0,0,1,0,0,0,0,1,0,0,1,0,1,0,1,0
1,29,94.45,0,2,1,88.455,1,1,0,1,1,1,0,0,0,0,0,1,1,0,0,1,0,1,0,1,0
0,47,20.05,0,0,0,21.181250000000002,0,1,1,1,0,0,1,0,0,0,0,0,0,0,1,0,1,0,0,0,1
0,61,99.4,0,0,0,95.86532258064516,1,1,0,1,1,1,0,1,0,1,1,1,0,0,0,0,0,0,0,0,1
0,16,20.0,0,1,0,16.21764705882353,1,0,0,1,0,0,1,0,0,0,0,0,0,0,0,0,0,0,1,1,0
0,41,78.45,0,0,0,74.43928571428572,0,1,1,1,0,0,0,1,1,0,1,1,1,0,1,0,0,1,0,0,1
0,43,25.1,0,0,0,24.32159090909091,0,0,1,1,1,0,1,0,0,0,0,0,0,0,1,1,0,1,0,0,1
0,36,97.35,0,3,1,93.45675675675676,0,1,1,1,1,1,0,0,1,1,0,1,0,0,0,1,0,0,0,1,0
0,6,55.0,0,0,0,48.628571428571426,0,0,0,1,0,0,0,0,0,0,0,0,1,0,0,1,0,1,0,0,0
0,58,71.1,0,0,0,72.86779661016949,0,0,0,1,1,0,0,1,1,1,1,0,0,1,0,1,1,0,0,0,1
0,19,61.55,0,0,0,54.660000000000004,1,0,0,1,0,0,0,0,0,0,1,1,0,0,0,1,1,0,0,1,0
0,11,45.9,0,0,0,43.49166666666667,1,1,0,1,0,0,0,0,0,0,0,0,0,0,0,1,0,0,0,0,0
0,39,40.3,0,0,0,40.760000000000005,0,0,0,0,0,0,0,1,1,0,1,0,0,1,0,1,0,0,0,0,1
1,8,87.1,0,0,0,79.28888888888889,0,0,0,1,0,1,0,0,1,0,0,1,0,0,0,1,0,1,0,0,0
0,26,49.5,0,0,0,46.87592592592593,0,0,1,1,1,0,0,0,0,0,0,0,0,0,0,1,0,0,1,1,0
1,53,73.8,0,0,0,74.14537037037037,0,0,0,1,0,1,0,0,1,0,0,0,0,0,0,1,1,0,0,0,1
0,70,19.2,0,0,0,19.738028169014086,0,1,1,1,0,0,1,0,0,0,0,0,0,0,1,1,0,0,1,0,1
0,1,45.3,0,0,1,22.65,1,0,0,0,0,0,0,0,0,0,0,1,1,0,0,1,0,0,1,0,0
0,59,25.0,0,0,0,25.175,1,0,0,1,1,0,1,0,0,0,0,0,0,0,1,0,0,0,1,0,1
0,2,94.95,0,0,1,59.36666666666667,1,0,0,1,0,1,0,0,0,1,0,1,1,0,0,0,0,1,0,0,0
0,7,35.3,3,0,0,33.1,1,0,0,0,0,0,0,1,0,1,0,0,0,1,0,0,0,0,1,0,0
0,12,44.55,0,0,1,36.96923076923077,0,0,1,1,0,0,0,0,0,0,0,0,0,0,0,1,0,1,0,0,0
0,59,76.75,0,0,0,75.69833333333332,1,1,1,1,0,0,0,0,1,1,1,1,1,1,0,0,1,0,0,0,1
0,61,81.0,0,0,0,80.26048387096773,1,1,1,1,1,0,0,0,0,1,1,1,1,0,1,1,0,0,0,0,1
0,72,105.55,0,0,0,103.31849315068493,1,1,1,1,1,1,0,1,0,1,0,1,1,0,1,1,0,0,0,0,1
0,13,18.8,0,0,0,17.946428571428573,0,1,1,1,0,0,1,0,0,0,0,0,0,0,0,0,0,0,1,1,0
0,64,24.9,0,0,0,24.546153846153846,0,1,1,1,1,0,1,0,0,0,0,0,0,1,0,0,0,0,1,0,1
0,1,23.45,0,0,1,11.725,1,1,0,0,0,0,0,0,0,0,0,0,0,0,0,1,0,1,0,0,0
0,10,64.9,0,0,0,62.32272727272727,0,0,0,1,0,0,0,0,1,0,1,0,1,1,0,0,0,0,1,0,0
0,65,61.35,0,0,0,58.698484848484846,0,1,1,1,0,0,0,1,1,1,0,0,0,1,0,0,0,0,0,0,1
0,62,113.95,0,0,0,109.38730158730158,0,1,0,1,1,1,0,1,1,1,1,1,1,0,1,0,0,0,1,0,1
0,55,90.15,0,0,0,87.80267857142857,0,1,0,1,1,0,0,1,1,1,1,1,1,1,0,1,0,1,0,0,1
0,25,54.1,0,0,0,52.80769230769231,0,1,0,1,1,0,0,0,1,0,0,0,0,0,0,0,0,1,0,1,0
0,1,29.7,0,0,1,14.85,1,0,0,0,0,0,0,1,0,0,0,0,0,0,0,0,0,0,1,0,0
0,1,49.8,0,0,0,24.9,1,0,0,1,0,0,0,1,0,0,0,0,0,0,0,1,1,0,0,0,0
0,59,101.1,0,5,1,100.66499999999999,0,1,0,1,1,1,0,0,1,0,0,1,1,0,0,0,0,1,0,0,1
1,64,24.4,0,0,0,23.825384615384618,1,1,1,1,1,0,1,0,0,0,0,0,0,0,1,1,0,0,0,0,1
0,36,95.0,0,0,0,92.97972972972973,1,1,0,1,1,1,0,0,0,0,0,1,1,0,0,1,0,0,0,1,0
0,3,50.65,0,0,1,37.825,0,0,0,1,1,0,0,0,0,0,0,0,0,0,0,1,0,0,1,0,0
0,61,69.9,0,0,0,68.17258064516129,1,1,0,1,1,0,0,1,0,1,0,0,1,0,1,1,0,0,1,0,1
0,26,39.95,0,0,0,37.916666666666664,1,0,1,0,0,0,0,0,1,0,0,1,0,1,0,1,0,0,0,1,0
0,1,55.4,0,0,1,27.7,0,0,0,1,0,0,0,0,0,0,0,0,1,0,0,1,0,1,0,0,0
1,1,90.6,0,0,1,45.3,0,1,0,1,1,1,0,0,1,0,0,1,0,0,0,1,0,1,0,0,0
0,68,103.25,0,0,0,102.52753623188406,1,1,1,1,0,1,0,1,1,1,0,1,1,0,1,1,1,0,0,0,1
1,2,86.85,0,0,1,52.11666666666667,1,1,0,1,1,1,0,0,0,0,0,1,0,0,0,1,0,0,1,0,0
0,72,94.25,0,0,0,93.83219178082192,0,1,0,1,1,1,0,1,1,1,1,0,0,0,1,1,0,0,0,0,1
0,71,47.05,0,0,0,45.327777777777776,0,1,0,0,0,0,0,0,0,1,1,0,1,0,1,1,0,1,0,0,1
0,57,20.55,0,0,0,21.600862068965515,1,0,0,1,0,0,1,0,0,0,0,0,0,0,1,0,1,0,0,0,1
0,4,19.65,0,0,0,13.51,1,0,0,1,0,0,1,0,0,0,0,0,0,0,0,1,0,0,1,0,0
1,1,70.2,0,0,0,35.1,0,0,0,1,0,1,0,0,0,0,0,0,0,0,0,1,0,1,0,0,0
0,72,81.0,0,0,0,78.76712328767124,1,1,1,1,1,0,0,1,1,1,1,0,1,0,1,0,1,0,0,0,1
0,21,75.9,0,0,0,70.44318181818181,1,1,1,1,1,0,0,1,0,0,0,1,1,1,0,1,0,0,0,1,0
0,71,24.7,0,5,0,25.146527777777777,0,1,1,1,1,0,1,0,0,0,0,0,0,0,1,0,0,0,0,0,1
1,29,99.05,0,1,1,98.42833333333333,0,1,0,1,1,1,0,0,0,1,0,1,1,0,0,1,0,0,0,1,0
1,69,110.25,0,0,0,106.67928571428571,0,0,0,1,1,1,0,1,0,1,1,1,1,0,1,0,1,0,0,0,1
0,64,85.0,0,0,0,84.3753846153846,0,1,0,1,1,0,0,1,0,1,1,1,1,0,1,1,1,0,0,0,1
0,16,19.75,0,0,0,17.34705882352941,1,0,0,1,0,0,1,0,0,0,0,0,0,0,0,0,1,0,0,1,0
0,4,23.9,0,0,0,19.5,0,0,0,1,1,0,1,0,0,0,0,0,0,1,0,0,0,1,0,0,0
0,52,111.25,0,4,1,111.6311320754717,0,0,0,1,1,1,0,1,1,0,1,1,1,1,0,1,1,0,0,0,1
0,2,55.1,0,1,1,37.78333333333333,1,0,0,1,0,0,0,1,0,1,0,0,0,0,0,1,0,0,1,0,0
0,1,19.95,0,0,0,9.975,1,0,0,1,0,0,1,0,0,0,0,0,0,0,0,0,0,0,1,0,0
0,18,25.15,0,0,0,25.094736842105263,1,0,0,0,0,0,0,0,0,0,0,0,0,0,0,0,0,0,1,1,0
0,2,54.15,0,0,0,33.88333333333333,0,0,0,1,1,0,0,0,1,0,0,0,0,0,0,0,0,0,1,0,0
0,19,59.8,0,0,0,56.5425,0,1,0,1,0,0,0,0,1,0,0,0,1,0,0,1,0,0,1,1,0
0,40,83.85,0,0,0,86.15243902439025,0,0,0,1,1,1,0,0,0,0,0,0,1,0,0,0,0,0,0,0,1
1,66,104.9,0,0,0,102.85746268656716,0,1,1,1,1,1,0,0,1,1,0,1,1,1,0,1,0,1,0,0,1
0,21,75.3,0,0,0,71.39545454545454,1,0,0,1,1,1,0,0,0,0,0,0,0,0,0,0,0,0,1,1,0
0,8,66.65,0,0,0,57.88333333333334,1,0,0,1,0,0,0,0,1,0,1,1,0,0,0,1,0,1,0,0,0
0,72,109.5,0,0,0,107.60136986301369,0,1,1,1,0,1,0,1,1,1,1,1,1,0,1,1,1,0,0,0,1
0,48,73.85,0,0,0,73.08979591836734,0,0,0,1,1,0,0,0,1,1,1,1,0,1,0,1,0,0,0,0,1
0,69,19.3,0,0,0,20.684285714285714,1,0,0,1,0,0,1,0,0,0,0,0,0,0,1,1,0,0,0,0,1
0,72,118.2,0,1,0,117.08424657534246,1,0,0,1,1,1,0,1,1,1,1,1,1,0,1,1,0,1,0,0,1
0,14,51.45,0,0,0,48.52333333333333,0,0,0,1,0,0,0,0,1,0,0,0,0,1,0,0,1,0,0,1,0
0,6,59.45,0,0,0,51.08571428571429,1,0,0,1,0,0,0,0,1,0,0,1,0,0,0,0,0,1,0,0,0
0,8,19.5,0,0,0,17.705555555555556,0,1,1,1,0,0,1,0,0,0,0,0,0,0,1,0,0,0,0,0,0
0,17,19.55,0,0,0,15.60277777777778,0,0,0,1,0,0,1,0,0,0,0,0,0,1,0,0,0,0,1,1,0
0,65,93.55,0,0,0,91.95833333333333,1,0,0,1,1,1,0,1,0,0,1,0,1,1,0,0,0,1,0,0,1
0,57,59.3,0,0,0,56.45431034482758,0,1,1,1,0,0,0,1,0,1,1,0,0,1,0,1,0,0,1,0,1
0,13,102.25,0,2,1,97.07142857142857,1,1,0,1,1,1,0,0,0,1,0,1,1,0,0,1,1,0,0,1,0
1,19,95.9,0,1,1,88.89500000000001,1,0,0,1,0,1,0,0,0,1,0,1,1,0,0,1,1,0,0,1,0
0,56,109.8,0,0,0,107.18684210526315,0,1,0,1,1,1,0,1,1,1,0,1,1,1,0,0,0,0,0,0,1
0,14,78.1,3,0,0,74.82666666666667,0,1,0,1,0,1,0,0,0,0,0,0,1,0,0,1,0,1,0,1,0
0,52,39.9,0,3,0,38.130188679245286,1,1,0,0,0,0,0,1,0,0,0,0,1,0,0,1,0,1,0,0,1
0,58,64.9,0,0,0,64.32966101694915,0,0,0,1,0,0,0,1,1,1,1,0,0,0,1,1,1,0,0,0,1
1,47,95.05,0,4,1,93.84479166666667,0,0,0,1,1,1,0,0,1,0,1,1,0,0,0,1,0,1,0,0,1
0,67,53.4,1,3,0,52.63455882352941,0,0,0,0,0,0,0,0,0,1,1,1,1,0,0,1,1,0,0,0,1
0,2,24.9,0,0,0,16.566666666666666,1,0,0,0,0,0,0,0,0,0,0,0,0,0,0,1,1,0,0,0,0
1,6,44.7,0,0,0,39.5,1,0,0,1,0,0,0,0,0,0,0,0,0,0,0,0,1,0,0,0,0
0,71,114.0,0,0,0,113.55416666666666,1,1,1,1,1,1,0,1,1,1,1,1,1,0,1,1,0,0,0,0,1
0,46,20.25,0,0,0,18.943617021276598,0,1,1,1,0,0,1,0,0,0,0,0,0,0,1,0,0,0,0,0,1
0,5,53.85,0,0,1,43.300000000000004,0,0,0,1,0,0,0,1,0,0,1,0,0,0,0,0,1,0,0,0,0
1,67,83.85,3,0,0,82.18823529411765,1,1,0,1,1,1,0,1,1,0,0,0,0,0,0,0,0,0,0,0,1
0,3,20.2,0,0,0,12.65,1,0,1,1,0,0,1,0,0,0,0,0,0,0,0,0,0,0,0,0,0
0,3,19.95,0,0,0,14.5,0,0,0,1,0,0,1,0,0,0,0,0,0,0,0,0,0,0,1,0,0
1,52,104.2,4,5,1,105.06320754716982,1,1,0,1,1,1,0,1,0,1,0,1,1,0,0,1,0,1,0,0,1
0,42,50.25,1,0,1,51.24767441860465,0,1,0,1,1,0,0,0,0,0,0,0,0,0,0,1,0,1,0,0,1
0,50,20.35,0,0,0,18.41078431372549,1,1,1,1,0,0,1,0,0,0,0,0,0,1,0,1,0,0,1,0,1
1,23,90.0,0,0,0,84.33749999999999,1,1,0,1,0,1,0,1,1,0,0,0,1,0,0,1,0,1,0,1,0
0,67,54.2,5,0,0,53.29338235294117,0,1,1,0,0,0,0,1,1,1,1,1,0,0,1,0,1,0,0,0,1
0,25,99.5,0,2,1,91.1173076923077,0,0,0,1,0,1,0,0,1,1,0,1,1,0,0,1,0,1,0,1,0
1,39,99.1,1,1,0,96.94874999999999,0,1,0,1,0,1,0,1,1,0,0,1,1,1,0,0,0,0,1,0,1
0,69,66.9,0,0,0,65.39857142857143,0,0,0,1,1,0,0,1,1,0,1,0,0,0,1,1,0,0,1,0,1
0,1,25.85,0,0,0,12.925,0,0,0,0,0,0,0,0,0,0,0,0,0,1,0,0,0,0,1,0,0
0,32,91.05,0,0,0,87.01515151515152,1,0,0,1,0,1,0,0,0,0,0,1,1,0,0,0,0,1,0,1,0
0,9,71.0,3,0,1,67.255,0,0,0,1,0,1,0,0,0,0,0,0,0,0,0,0,0,1,0,0,0
0,16,93.2,0,1,1,92.57058823529412,0,0,0,1,0,1,0,0,1,1,0,0,1,0,0,1,1,0,0,1,0
0,60,20.95,0,0,0,20.828688524590163,1,1,1,1,0,0,1,0,0,0,0,0,0,0,1,1,0,0,0,0,1
0,72,109.2,0,0,0,105.636301369863,0,1,1,1,1,1,0,0,1,1,1,1,1,0,1,1,0,0,0,0,1
0,5,19.35,0,0,1,21.008333333333333,1,1,0,1,0,0,1,0,0,0,0,0,0,0,0,0,0,0,1,0,0
1,26,85.8,0,0,0,81.2462962962963,0,0,0,1,0,1,0,1,0,0,0,1,0,0,0,1,1,0,0,1,0
0,3,19.85,0,0,1,16.1375,1,0,0,1,0,0,1,0,0,0,0,0,0,0,0,0,0,0,1,0,0
0,2,19.65,0,0,0,10.4,1,0,0,1,0,0,1,0,0,0,0,0,0,0,0,1,0,1,0,0,0
0,2,20.5,0,0,0,12.75,0,0,1,1,0,0,1,0,0,0,0,0,0,1,0,0,0,0,0,0,0
0,36,89.65,0,0,0,90.48918918918919,0,0,0,1,1,0,0,1,0,1,1,1,1,1,0,1,1,0,0,1,0
0,7,74.35,0,0,0,66.7,1,0,0,1,0,1,0,1,0,0,0,0,0,0,0,0,0,0,1,0,0
1,60,49.45,0,0,0,47.66475409836066,0,1,0,0,0,0,0,0,1,0,0,1,1,0,1,1,1,0,0,0,1
0,19,89.1,0,1,0,81.03999999999999,0,1,0,1,1,1,0,0,1,0,0,0,1,0,0,1,0,1,0,1,0
1,45,75.15,0,0,0,75.65978260869565,1,1,0,1,1,0,0,1,0,1,1,0,1,0,1,0,1,0,0,0,1
1,4,70.65,0,0,0,58.77,1,0,0,1,0,1,0,0,0,0,0,0,0,0,0,1,0,1,0,0,0
0,31,104.2,0,3,1,101.3578125,0,1,1,1,1,1,0,0,0,1,1,1,1,0,0,1,0,1,0,1,0
0,47,90.05,0,0,0,86.19166666666666,1,1,1,1,0,1,0,1,0,1,0,0,1,0,0,0,0,1,0,0,1
0,1,79.25,0,0,1,39.625,1,0,0,1,0,1,0,0,0,0,0,0,1,0,0,1,0,1,0,0,0
0,1,44.9,0,0,1,22.45,0,0,0,1,0,0,0,0,0,0,0,0,0,0,0,1,0,0,0,0,0
0,1,19.4,0,0,0,9.7,0,0,0,1,0,0,1,0,0,0,0,0,0,0,0,0,1,0,0,0,0
1,59,88.75,0,1,0,89.14416666666666,0,1,1,1,1,1,0,0,0,1,0,0,1,0,0,1,1,0,0,0,1
0,10,70.1,0,0,1,59.96818181818182,1,1,0,1,0,1,0,0,0,0,0,0,0,0,0,1,0,1,0,0,0
1,35,91.0,0,1,0,88.34722222222223,1,0,0,1,1,1,0,1,0,0,0,0,1,0,0,0,1,0,0,1,0
0,4,29.65,3,0,1,23.7,1,0,0,0,0,0,0,0,0,1,0,0,0,0,0,1,0,1,0,0,0
0,32,90.8,0,0,0,91.63181818181818,1,1,1,1,0,1,0,1,1,0,0,0,1,1,0,1,0,1,0,1,0
0,43,77.85,0,0,1,76.49659090909091,1,0,0,1,1,1,0,0,1,0,0,0,0,0,0,1,0,1,0,0,1
0,4,54.3,4,0,1,39.06,1,0,0,1,0,0,0,0,0,0,0,0,1,0,0,0,0,1,0,0,0
1,54,18.95,0,0,0,18.747272727272726,0,1,0,1,0,0,1,0,0,0,0,0,0,0,1,1,0,0,1,0,1
1,11,95.15,0,1,1,83.1375,0,0,0,1,1,1,0,0,0,0,0,1,1,0,0,1,0,0,0,0,0
1,66,102.4,0,3,0,96.594776119403,0,0,0,1,1,1,0,1,0,0,0,1,1,0,1,1,0,0,0,0,1
0,61,99.9,0,0,0,100.66693548387097,1,1,1,1,1,1,0,0,0,1,0,1,1,1,0,1,0,1,0,0,1
0,72,88.7,0,0,0,89.05958904109589,1,1,1,1,1,0,0,1,1,1,1,1,1,0,1,0,1,0,0,0,1
0,44,54.3,0,0,0,51.49111111111111,1,1,1,0,0,0,0,0,0,1,1,1,1,1,0,1,0,1,0,0,1
0,41,55.7,0,0,0,53.275000000000006,1,0,0,1,1,0,0,0,0,1,0,0,0,0,0,1,0,0,0,0,1
0,50,103.95,0,0,0,102.57450980392157,1,1,0,1,1,1,0,1,0,1,0,1,1,1,0,1,0,1,0,0,1
0,47,110.85,0,5,1,109.91250000000001,1,1,0,1,1,1,0,1,0,1,1,1,1,1,0,1,1,0,0,0,1
0,8,20.15,5,0,0,18.38888888888889,1,1,1,1,0,0,1,0,0,0,0,0,0,0,1,0,0,0,1,0,0
0,18,20.05,0,0,0,18.86842105263158,1,0,0,1,0,0,1,0,0,0,0,0,0,0,0,0,0,0,1,1,0
0,72,91.95,0,0,0,90.61506849315067,1,1,1,1,1,0,0,1,1,1,1,1,1,0,1,1,1,0,0,0,1
0,1,80.5,0,0,1,40.25,1,0,0,1,0,1,0,0,0,0,0,0,1,0,0,0,0,1,0,0,0
1,42,55.65,0,0,0,56.31976744186046,0,0,0,1,1,0,0,0,0,1,0,0,0,0,0,0,0,1,0,0,1
1,18,74.7,0,0,0,68.13684210526316,0,0,0,1,0,1,0,0,1,0,0,0,0,0,0,1,0,1,0,1,0
0,13,104.15,0,0,0,92.79285714285713,0,0,1,1,1,1,0,0,1,1,0,1,1,1,0,1,1,0,0,1,0
0,68,83.65,0,0,0,83.0927536231884,0,1,1,1,1,1,0,0,1,0,1,0,0,1,0,1,0,0,0,0,1
0,4,72.2,0,0,1,61.11,1,0,0,1,1,1,0,0,0,0,0,0,0,0,0,1,0,0,0,0,0
0,69,110.05,0,0,0,106.15357142857142,1,0,0,1,1,1,0,1,1,1,0,1,1,0,1,1,1,0,0,0,1
0,17,51.5,0,0,1,50.02777777777778,1,0,0,1,0,0,0,0,0,0,1,0,0,0,0,0,0,0,1,1,0
0,25,25.5,0,0,0,24.253846153846155,1,1,1,1,1,0,1,0,0,0,0,0,0,0,1,0,1,0,0,1,0
1,43,89.55,0,4,1,87.6534090909091,1,0,0,1,0,1,0,0,0,0,0,1,1,0,0,1,0,0,1,0,1
0,59,19.5,5,0,0,20.3775,0,1,1,1,0,0,1,0,0,0,0,0,0,0,1,0,1,0,0,0,1
1,5,80.7,0,0,0,62.46666666666667,0,0,0,1,0,1,0,1,1,0,0,0,0,0,0,0,0,1,0,0,0
0,21,77.5,0,4,1,73.86363636363636,1,1,1,1,1,0,0,1,1,0,1,1,0,1,0,0,0,0,1,1,0
0,69,105.1,0,0,0,103.35428571428572,0,1,1,1,1,1,0,1,1,1,1,1,0,1,0,1,1,0,0,0,1
0,13,25.15,4,0,0,23.70357142857143,1,0,0,0,0,0,0,0,0,0,0,0,0,0,0,1,0,0,0,1,0
0,42,95.25,0,6,1,92.07790697674419,1,1,0,1,1,1,0,0,1,1,0,1,0,0,0,1,0,0,0,0,1
0,52,95.65,0,3,0,96.00754716981132,1,1,0,1,1,1,0,0,1,0,1,0,1,0,0,1,1,0,0,0,1
1,46,85.0,0,4,1,84.45531914893617,1,0,0,1,0,1,0,1,0,0,0,0,1,0,0,0,0,1,0,0,1
0,61,80.8,0,0,0,78.40080645161291,1,1,0,1,1,0,0,1,1,1,1,0,1,0,1,1,0,0,0,0,1
0,29,24.85,0,0,0,26.26833333333333,1,0,0,0,0,0,0,0,0,0,0,0,0,1,0,1,0,0,1,1,0
0,25,54.75,0,0,0,48.70576923076923,0,0,1,1,0,0,0,0,1,0,1,0,0,1,0,1,1,0,0,1,0
0,5,85.75,0,0,1,78.49166666666666,0,1,1,1,0,1,0,0,0,0,1,1,0,0,0,1,0,1,0,0,0
0,15,50.75,0,0,0,43.0125,1,0,0,0,0,0,0,0,0,1,0,1,1,1,0,0,0,1,0,1,0
0,19,20.15,3,0,0,19.384999999999998,0,1,1,1,0,0,1,0,0,0,0,0,0,0,1,0,0,0,1,1,0
0,44,20.05,3,0,0,18.783333333333335,1,0,0,1,0,0,1,0,0,0,0,0,0,0,1,0,0,0,1,0,1
1,6,98.25,0,0,1,80.08571428571429,0,0,0,1,1,1,0,0,1,0,0,1,1,0,0,1,0,1,0,0,0
0,58,71.6,5,0,0,71.69915254237289,1,1,1,1,1,0,0,1,1,1,1,0,0,0,1,0,1,0,0,0,1
0,62,81.45,0,0,0,79.09603174603176,1,1,1,1,0,1,0,1,1,0,0,0,0,1,0,1,1,0,0,0,1
0,70,58.4,0,0,0,57.93169014084506,0,1,1,0,0,0,0,0,1,1,1,1,1,1,0,1,0,0,0,0,1
1,1,25.7,0,0,1,12.85,0,0,0,0,0,0,0,0,0,0,0,0,0,0,0,1,0,0,1,0,0
0,10,53.7,0,0,0,47.36363636363637,1,1,1,0,0,0,0,1,1,1,1,0,1,0,1,0,1,0,0,0,0
0,26,19.6,0,0,0,17.475925925925928,1,0,0,1,0,0,1,0,0,0,0,0,0,1,0,1,0,0,0,1,0
0,66,89.4,0,0,0,89.20746268656715,1,0,0,1,1,1,0,0,1,0,0,0,1,0,0,0,1,0,0,0,1
0,7,69.0,0,0,1,63.3625,0,1,1,1,0,1,0,0,0,0,0,0,0,0,0,1,0,1,0,0,0
0,51,84.2,4,0,0,82.6875,1,1,1,1,1,1,0,0,1,0,1,0,0,1,0,0,0,0,0,0,1
0,72,106.1,0,0,0,103.4054794520548,1,1,1,1,1,1,0,1,1,1,1,1,0,0,1,1,1,0,0,0,1
0,65,25.75,0,6,0,25.071969696969695,1,0,0,1,1,0,1,0,0,0,0,0,0,0,1,0,0,0,1,0,1
0,2,46.05,0,0,1,26.78333333333333,1,0,0,1,0,0,0,0,0,0,0,0,0,0,0,0,0,0,0,0,0
0,70,64.95,0,0,0,64.1056338028169,1,0,1,1,1,0,0,1,1,0,1,0,0,1,0,0,0,0,0,0,1
0,72,85.45,5,0,0,85.3082191780822,1,1,0,1,1,0,0,0,1,1,1,1,1,0,1,1,1,0,0,0,1
0,1,20.05,0,0,0,10.025,0,1,1,1,0,0,1,0,0,0,0,0,0,0,0,0,0,0,1,0,0
1,1,76.4,0,0,1,38.2,0,1,0,1,0,1,0,0,1,0,0,0,0,0,0,1,0,0,1,0,0
0,5,100.5,0,0,1,85.66666666666667,0,0,0,1,1,1,0,0,0,1,0,1,1,0,0,1,0,1,0,0,0
0,3,20.7,0,0,0,14.375,1,0,0,1,0,0,1,0,0,0,0,0,0,0,0,0,0,0,1,0,0
0,58,25.3,0,0,0,24.988983050847455,1,0,0,1,1,0,1,0,0,0,0,0,0,0,1,1,1,0,0,0,1
1,22,40.05,0,1,1,38.2695652173913,1,1,1,0,0,0,0,1,0,0,0,0,1,0,0,0,0,0,1,1,0
1,33,100.6,0,0,0,96.18382352941177,1,1,0,1,1,1,0,0,1,0,0,1,1,0,0,1,0,0,0,1,0
0,1,69.95,0,0,1,34.975,1,0,0,1,0,1,0,0,0,0,0,0,0,0,0,0,0,1,0,0,0
1,54,74.0,0,0,0,71.25727272727273,1,1,0,1,1,1,0,0,0,0,0,0,0,0,0,0,0,0,0,0,1
0,72,99.4,0,0,0,99.80410958904109,1,1,0,1,1,1,0,0,1,0,0,1,1,0,1,1,0,1,0,0,1
0,1,93.3,0,0,1,46.65,1,0,1,1,1,1,0,0,0,0,0,1,1,0,0,1,0,1,0,0,0
0,3,49.15,0,0,1,42.2625,1,0,0,1,0,0,0,0,0,1,0,0,0,0,0,1,0,1,0,0,0
0,72,107.45,0,0,0,104.90821917808219,0,1,1,1,1,1,0,1,1,1,1,0,1,0,1,0,1,0,0,0,1
0,72,83.6,1,0,0,81.63424657534247,0,1,1,1,1,0,0,1,1,1,0,1,1,0,1,1,1,0,0,0,1
1,54,99.05,0,0,0,96.28545454545454,1,1,0,1,1,1,0,0,0,1,0,1,1,0,0,1,1,0,0,0,1
0,59,80.1,4,2,0,78.22,0,1,0,1,1,0,0,0,1,0,1,1,1,1,0,1,0,1,0,0,1
0,54,65.3,0,0,0,63.870909090909095,1,0,0,1,0,0,0,1,1,0,0,1,0,0,1,1,0,0,0,0,1
0,60,89.55,0,3,0,85.75737704918032,1,0,0,1,1,1,0,0,0,1,0,1,0,0,1,1,0,1,0,0,1
0,60,60.8,4,0,0,59.07295081967213,0,1,0,0,0,0,0,0,1,1,1,1,1,0,1,0,1,0,0,0,1
0,3,74.5,0,0,0,54.3625,1,0,0,1,1,1,0,0,0,0,0,0,0,0,0,0,0,1,0,0,0
0,69,99.15,4,0,0,98.21928571428572,0,1,0,1,1,1,0,1,0,0,0,1,1,0,1,0,0,0,0,0,1
0,1,19.25,3,0,0,9.625,0,1,1,1,0,0,1,0,0,0,0,0,0,0,0,0,0,1,0,0,0
0,50,39.45,0,0,0,39.634313725490195,1,1,1,0,0,0,0,1,0,0,0,1,0,0,0,1,1,0,0,0,1
0,56,44.85,0,0,0,44.99912280701754,0,0,0,0,0,0,0,0,0,0,0,1,1,0,0,1,1,0,0,0,1
0,60,97.2,0,0,0,91.99590163934427,0,1,0,1,0,1,0,1,0,0,1,1,1,0,1,1,0,1,0,0,1
1,69,110.55,0,0,0,108.71571428571428,1,1,0,1,1,1,0,1,0,1,1,1,1,1,0,1,0,0,1,0,1
0,1,35.05,0,0,1,17.525,0,0,0,0,0,0,0,0,0,0,0,0,1,0,0,0,0,0,1,0,0
1,1,73.0,0,0,1,36.5,0,0,0,1,0,1,0,0,1,0,0,0,0,0,0,1,0,1,0,0,0
0,3,19.9,0,0,0,11.4375,0,1,0,1,0,0,1,0,0,0,0,0,0,0,0,1,0,0,1,0,0
0,60,76.95,0,0,0,74.49098360655738,1,1,1,1,0,0,0,0,1,0,1,1,1,0,1,0,0,0,0,0,1
0,13,35.4,0,0,0,32.17142857142857,0,0,0,0,0,0,0,0,0,1,1,0,0,0,1,0,0,0,1,1,0
0,62,20.45,0,0,0,20.59285714285714,1,1,1,1,0,0,1,0,0,0,0,0,0,0,1,0,0,0,0,0,1
0,45,96.75,0,0,0,96.58152173913044,0,0,0,1,1,1,0,1,1,0,0,0,1,1,0,0,0,0,0,0,1
0,25,54.2,0,0,0,54.736538461538466,0,0,0,0,0,0,0,0,0,1,1,1,1,1,0,0,0,1,0,1,0
0,44,100.1,0,0,0,97.29666666666668,1,0,0,1,0,1,0,0,0,1,1,1,1,0,1,0,0,0,0,0,1
0,2,45.25,2,0,0,24.733333333333334,0,0,0,1,0,0,0,0,0,0,0,0,0,0,0,1,0,0,1,0,0
1,33,83.85,0,2,1,79.89117647058823,1,0,0,1,1,1,0,0,1,1,0,0,0,0,0,1,1,0,0,1,0
0,1,70.1,0,0,1,35.05,0,0,0,1,0,1,0,0,0,0,0,0,0,0,0,1,0,1,0,0,0
0,22,20.85,0,0,0,19.593478260869563,0,0,0,1,0,0,1,0,0,0,0,0,0,1,0,0,0,0,0,1,0
0,35,33.45,0,0,0,32.662499999999994,0,0,0,0,0,0,0,0,0,1,1,0,0,0,0,1,0,0,1,1,0
0,29,20.2,0,0,0,18.626666666666665,0,1,1,1,0,0,1,0,0,0,0,0,0,0,1,0,0,0,1,1,0
1,27,85.9,0,0,0,79.28928571428571,1,1,0,1,1,1,0,1,0,1,0,0,0,1,0,1,0,1,0,1,0
0,54,61.0,0,0,0,59.691818181818185,1,0,1,1,0,0,0,0,1,1,1,0,0,1,0,1,0,1,0,0,1
1,2,70.65,4,0,1,47.449999999999996,0,0,0,1,0,1,0,0,0,0,0,0,0,0,0,1,0,1,0,0,0
0,57,86.9,0,0,0,85.15948275862068,1,0,0,1,1,1,0,0,0,0,0,1,0,1,0,1,0,1,0,0,1
0,62,69.4,0,0,0,67.26190476190476,1,0,0,1,1,0,0,1,1,1,1,0,0,0,1,0,0,0,0,0,1
0,15,20.35,0,0,0,20.996875,0,1,1,1,0,0,1,0,0,0,0,0,0,1,0,0,1,0,0,1,0
0,2,20.35,0,0,1,11.066666666666668,1,0,0,1,0,0,1,0,0,0,0,0,0,0,0,0,0,0,1,0,0
0,70,104.3,0,0,0,101.24647887323944,0,1,0,1,1,1,0,0,0,1,1,1,1,0,1,1,0,0,0,0,1
0,21,44.95,0,0,0,42.10227272727273,0,1,1,1,0,0,0,0,0,0,0,0,0,0,0,1,0,1,0,1,0
0,23,49.45,1,0,0,46.63958333333333,0,0,1,1,0,0,0,0,0,0,1,0,0,1,0,1,0,1,0,1,0
0,6,20.6,0,0,0,16.657142857142855,1,0,0,1,0,0,1,0,0,0,0,0,0,1,0,0,0,0,1,0,0
0,4,19.55,3,0,0,13.76,1,1,1,1,0,0,1,0,0,0,0,0,0,0,1,0,1,0,0,0,0
0,3,99.0,0,0,1,71.85,0,0,0,1,0,1,0,1,0,1,0,1,1,0,0,1,1,0,0,0,0
0,23,93.5,0,0,0,97.56458333333335,0,0,0,1,1,1,0,0,0,0,0,1,1,0,0,1,0,1,0,1,0
0,26,54.55,4,0,0,50.47592592592592,1,0,0,0,0,0,0,1,0,0,1,1,1,1,0,0,1,0,0,1,0
0,8,20.05,0,0,0,18.177777777777777,0,0,1,1,0,0,1,0,0,0,0,0,0,0,0,0,0,0,1,0,0
0,26,83.95,1,0,1,83.48888888888888,1,0,0,1,1,1,0,0,0,0,0,0,1,0,0,1,0,1,0,1,0
0,2,79.45,0,0,0,48.38333333333333,1,0,0,1,1,1,0,0,1,0,0,0,0,0,0,1,0,1,0,0,0
0,67,116.2,0,6,1,114.00441176470588,1,0,0,1,1,1,0,1,1,1,1,1,1,0,1,0,1,0,0,0,1
0,71,93.7,0,7,1,91.46319444444445,0,1,0,1,1,1,0,0,0,0,0,1,1,0,1,1,0,0,0,0,1
0,59,79.85,4,0,0,79.76833333333335,0,0,0,1,1,0,0,1,1,1,1,0,1,1,0,0,1,0,0,0,1
0,39,100.0,4,0,0,95.88875,1,1,1,1,1,1,0,0,0,1,0,1,1,1,0,0,0,1,0,0,1
0,21,19.6,0,0,0,18.045454545454547,1,0,1,1,0,0,1,0,0,0,0,0,0,0,1,0,0,0,1,1,0
0,1,19.7,3,0,1,9.85,1,0,0,1,0,0,1,0,0,0,0,0,0,0,0,0,0,0,1,0,0
0,48,20.2,0,0,0,20.964285714285715,0,1,1,1,0,0,1,0,0,0,0,0,0,0,1,0,0,0,0,0,1
1,31,50.4,0,0,0,49.378125,0,1,0,0,0,0,0,1,1,1,0,0,1,1,0,1,1,0,0,1,0
0,64,113.35,0,0,0,111.11923076923077,0,1,1,1,1,1,0,1,1,1,1,1,1,1,0,0,0,1,0,0,1
0,46,80.0,3,0,0,80.2063829787234,1,1,1,1,1,1,0,0,1,0,0,0,0,0,0,1,0,0,0,0,1
0,52,80.95,0,0,0,79.88584905660377,0,0,0,1,1,0,0,0,0,1,1,1,1,0,1,1,0,0,0,0,1
0,67,24.9,0,0,0,24.709558823529413,0,1,1,1,1,0,1,0,0,0,0,0,0,0,1,1,0,0,1,0,1
1,67,54.9,0,0,0,54.786764705882355,0,0,0,1,1,0,0,0,1,0,0,0,0,0,0,0,0,1,0,0,1
0,5,75.55,0,0,1,68.94166666666666,0,0,0,1,1,1,0,0,0,0,0,0,0,0,0,0,0,1,0,0,0
0,71,109.25,0,0,0,107.05138888888888,0,1,0,1,1,1,0,0,1,1,1,1,1,0,1,0,0,1,0,0,1
0,9,77.65,0,0,1,71.41499999999999,0,0,0,1,0,1,0,0,0,0,0,1,0,0,0,1,0,0,0,0,0
1,26,95.0,5,2,1,92.48888888888888,0,0,0,1,1,1,0,1,1,0,0,0,1,0,0,1,0,1,0,1,0
0,71,116.3,0,0,0,115.41041666666666,1,0,0,1,1,1,0,1,1,1,1,1,1,1,0,1,0,0,0,0,1
0,32,19.9,0,1,0,18.228787878787877,0,0,0,1,0,0,1,0,0,0,0,0,0,0,0,0,0,0,0,1,0
0,2,70.35,0,0,0,46.416666666666664,0,0,0,1,0,1,0,0,0,0,0,0,0,0,0,0,0,1,0,0,0
0,71,25.6,0,0,0,26.225694444444443,0,1,0,1,1,0,1,0,0,0,0,0,0,0,1,0,1,0,0,0,1
0,60,44.45,0,0,0,45.47377049180328,0,0,0,0,0,0,0,1,0,1,0,0,1,1,0,1,0,1,0,0,1
1,55,100.15,3,0,0,96.60267857142857,0,0,0,1,1,1,0,0,0,1,0,1,1,1,0,1,0,1,0,0,1
0,54,105.4,0,6,1,102.60727272727271,1,0,0,1,0,1,0,1,1,0,1,1,1,1,0,1,1,0,0,0,1
0,2,95.85,0,0,1,65.89999999999999,1,0,0,1,0,1,0,0,0,1,0,1,1,0,0,1,0,1,0,0,0
0,6,73.85,0,0,0,57.32857142857143,0,0,0,1,1,1,0,0,0,0,0,0,0,0,0,1,0,0,1,0,0
0,48,70.1,0,0,0,66.08979591836734,0,1,1,1,0,0,0,1,1,1,0,0,1,0,1,1,1,0,0,0,1
0,63,25.25,5,4,0,24.57890625,1,1,1,1,1,0,1,0,0,0,0,0,0,0,1,0,0,0,1,0,1
0,1,79.15,0,0,1,39.575,1,0,0,1,1,1,0,0,1,0,0,0,0,0,0,1,0,1,0,0,0
0,12,21.05,0,0,0,18.138461538461538,1,0,1,1,0,0,1,0,0,0,0,0,0,0,0,0,1,0,0,0,0
1,54,24.95,0,0,0,24.813636363636363,1,1,0,0,0,0,0,0,0,0,0,0,0,0,0,1,0,0,0,0,1
0,30,64.5,0,0,0,64.03709677419356,0,1,1,1,0,0,0,0,0,1,1,1,0,1,0,1,0,1,0,1,0
0,30,19.65,5,0,1,21.156451612903226,0,1,0,1,0,0,1,0,0,0,0,0,0,0,0,0,0,0,0,1,0
0,4,79.0,0,0,1,60.629999999999995,0,0,0,1,0,1,0,0,0,0,0,1,0,0,0,1,0,1,0,0,0
0,40,105.95,0,2,0,105.73658536585366,0,0,0,1,1,1,0,0,0,1,1,1,1,1,0,1,1,0,0,0,1
0,9,75.85,0,0,0,64.75,0,1,1,1,0,1,0,0,0,0,1,0,0,0,0,1,0,1,0,0,0
0,17,91.85,0,1,1,87.46944444444445,0,1,1,1,0,1,0,1,0,0,1,1,0,0,0,0,0,1,0,1,0
0,62,43.6,0,0,0,43.630158730158726,0,0,0,0,0,0,0,0,1,1,0,0,1,0,1,1,1,0,0,0,1
0,28,91.25,2,0,0,85.64310344827587,1,0,0,1,0,1,0,0,1,0,1,1,0,1,0,1,0,0,0,1,0
0,70,89.75,0,0,0,89.67887323943661,0,0,0,1,1,0,0,1,1,1,1,1,1,0,1,0,1,0,0,0,1
0,46,104.4,0,0,0,104.34468085106383,0,0,0,1,0,1,0,0,1,1,1,1,1,0,1,1,0,0,0,0,1
0,23,90.15,4,0,0,85.20625,0,1,0,1,1,1,0,0,0,1,0,0,1,0,0,0,0,0,1,1,0
0,47,40.3,0,0,0,37.391666666666666,1,1,1,0,0,0,0,1,0,1,1,0,0,1,0,0,0,1,0,0,1
0,68,105.25,0,0,0,103.9586956521739,1,1,1,1,0,1,0,1,1,1,0,1,1,0,1,1,0,0,0,0,1
1,60,106.0,0,7,1,105.5967213114754,0,0,0,1,1,1,0,0,0,1,1,1,1,1,0,1,0,1,0,0,1
0,67,104.0,0,0,0,103.51544117647059,0,0,1,1,1,1,0,0,1,0,1,1,1,0,1,1,0,1,0,0,1
0,14,69.65,0,0,0,61.42666666666666,0,0,0,1,0,0,0,0,0,0,1,1,1,0,0,1,0,1,0,1,0
0,57,74.3,0,0,0,69.28189655172413,1,1,1,1,1,1,0,0,0,0,0,0,0,0,0,1,0,1,0,0,1
0,55,100.9,3,0,0,97.29642857142858,0,1,1,1,1,1,0,1,0,0,0,1,1,1,0,0,0,0,1,0,1
0,1,20.25,0,0,0,10.125,1,0,0,1,0,0,1,0,0,0,0,0,0,0,0,1,0,0,1,0,0
0,1,49.9,0,0,1,24.95,1,0,1,1,0,0,0,0,0,0,1,0,0,0,0,1,0,0,1,0,0
0,23,96.9,0,0,0,86.89375,1,0,0,1,1,1,0,0,0,1,1,1,0,0,0,1,1,0,0,1,0
0,13,100.35,0,1,1,97.06071428571428,0,0,0,1,1,1,0,1,0,0,0,1,1,0,0,1,0,1,0,1,0
0,47,104.1,0,3,0,106.98229166666665,1,1,0,1,1,1,0,0,1,1,0,1,1,0,0,1,0,1,0,0,1
0,38,20.1,0,0,0,18.72051282051282,1,0,0,1,0,0,1,0,0,0,0,0,0,1,0,0,0,0,1,0,1
1,38,74.95,0,0,1,73.58589743589744,0,1,0,1,1,1,0,0,0,0,0,0,0,0,0,1,0,0,0,0,1
1,2,56.55,0,0,0,39.416666666666664,0,0,0,1,1,0,0,0,1,0,0,0,0,0,0,1,1,0,0,0,0
1,1,49.25,4,0,1,24.625,1,1,1,1,0,0,0,0,0,0,1,0,0,0,0,1,1,0,0,0,0
0,15,68.6,0,0,0,69.2875,1,1,0,1,0,1,0,0,0,0,0,0,0,0,0,1,0,0,0,1,0
0,26,69.05,2,0,0,67.2462962962963,0,0,0,1,0,1,0,0,0,0,0,0,0,0,0,1,1,0,0,1,0
0,35,19.7,0,0,0,20.288888888888888,0,1,1,1,0,0,1,0,0,0,0,0,0,0,1,0,1,0,0,1,0
0,3,20.05,0,0,0,18.8625,1,0,1,1,0,0,1,0,0,0,0,0,0,0,0,1,0,0,1,0,0
0,50,103.7,0,3,1,99.43235294117648,1,1,1,1,1,1,0,0,1,0,1,1,1,0,0,0,0,1,0,0,1
0,42,94.4,0,0,0,93.36279069767441,1,1,0,1,1,1,0,1,0,1,0,0,1,0,0,1,0,1,0,0,1
0,10,54.95,4,0,0,51.71363636363637,1,1,0,1,0,0,0,1,0,0,1,0,0,0,0,1,1,0,0,0,0
0,61,93.7,0,0,0,94.52741935483871,0,1,0,1,0,1,0,1,1,0,1,0,1,1,0,0,0,0,0,0,1
0,68,110.25,4,0,0,105.49782608695652,0,0,0,1,1,1,0,1,1,0,1,1,1,0,1,0,1,0,0,0,1
0,10,98.9,0,0,0,96.81363636363636,1,0,0,1,0,1,0,1,0,1,0,1,1,1,0,1,0,1,0,0,0
0,65,89.75,0,6,1,87.41818181818182,1,1,0,1,1,1,0,1,1,1,0,0,0,1,0,0,0,1,0,0,1
0,72,80.45,0,0,0,80.64178082191782,0,1,1,1,0,0,0,1,0,1,1,1,1,0,1,1,0,0,0,0,1
0,55,79.4,0,0,0,75.68660714285714,1,1,1,1,0,1,0,0,1,0,1,0,0,0,0,0,0,1,0,0,1
0,1,20.3,0,0,1,10.15,0,0,0,1,0,0,1,0,0,0,0,0,0,0,0,1,0,0,1,0,0
0,7,62.8,4,0,0,52.2875,0,0,0,1,0,0,0,0,0,1,1,0,1,0,0,0,0,0,0,0,0
0,2,74.9,5,0,0,45.35,0,0,0,1,1,1,0,0,0,0,0,0,0,0,0,1,0,0,1,0,0
0,9,74.85,0,0,0,70.82000000000001,0,0,0,1,0,1,0,1,0,0,0,0,0,0,0,1,0,1,0,0,0
0,27,25.85,4,0,0,28.162499999999998,1,0,1,1,1,0,1,0,0,0,0,0,0,0,1,1,1,0,0,1,0
1,7,101.95,0,1,1,87.60625,1,1,0,1,1,1,0,0,0,1,0,1,1,0,0,1,0,1,0,0,0
0,64,68.3,0,0,0,67.36615384615385,0,1,0,1,0,0,0,0,1,1,1,0,1,0,1,1,0,0,1,0,1
0,70,48.4,2,0,0,48.49014084507043,1,0,0,0,0,0,0,1,0,1,1,0,1,0,1,0,0,0,0,0,1
1,2,94.0,0,2,1,60.56666666666666,1,0,0,1,1,1,0,0,0,0,0,1,1,0,0,1,0,1,0,0,0
1,67,105.05,0,0,0,105.46617647058824,1,0,0,1,0,1,0,1,1,0,1,1,1,0,1,1,0,1,0,0,1
0,45,89.3,0,4,1,87.32282608695652,0,0,0,1,1,1,0,0,1,0,0,1,0,0,0,1,1,0,0,0,1
0,24,25.15,0,0,0,22.12,0,0,0,1,1,0,1,0,0,0,0,0,0,0,1,0,1,0,0,1,0
0,4,19.5,3,0,0,19.369999999999997,1,1,1,1,0,0,1,0,0,0,0,0,0,0,1,0,1,0,0,0,0
0,44,92.95,0,0,0,91.61999999999999,1,1,1,1,0,1,0,0,0,1,0,1,1,0,0,1,0,0,0,0,1
0,72,20.7,0,0,0,20.305479452054794,0,1,1,1,0,0,1,0,0,0,0,0,0,0,1,1,0,0,1,0,1
0,1,74.3,0,0,1,37.15,0,0,0,1,0,1,0,0,1,0,0,0,0,0,0,1,1,0,0,0,0
0,66,19.35,4,0,0,18.519402985074628,1,0,0,1,0,0,1,0,0,0,0,0,0,0,1,0,0,0,0,0,1
0,1,44.65,0,0,1,22.325,1,0,0,0,0,0,0,0,1,0,1,0,1,0,0,1,0,0,1,0,0
0,13,84.05,5,2,1,78.23571428571428,1,1,1,1,0,1,0,1,0,0,0,0,1,0,0,0,0,1,0,1,0
0,10,80.7,0,0,1,71.7090909090909,1,0,0,1,1,1,0,0,1,0,0,0,0,0,0,1,0,0,0,0,0
1,65,104.35,4,0,0,99.675,1,1,0,1,1,1,0,0,1,1,0,1,1,0,0,1,0,1,0,0,1
0,1,19.55,0,0,0,9.775,1,0,1,1,0,0,1,0,0,0,0,0,0,0,0,0,0,0,1,0,0
0,38,74.05,1,0,0,71.85384615384616,1,1,1,1,0,0,0,1,1,1,1,1,0,1,0,0,0,1,0,0,1
0,23,40.1,0,0,0,35.739583333333336,1,0,1,0,0,0,0,1,0,1,1,0,0,0,1,0,0,0,1,1,0
0,10,20.1,4,0,0,16.763636363636365,0,1,0,1,0,0,1,0,0,0,0,0,0,1,0,0,0,0,1,0,0
0,4,101.7,0,0,1,72.91,1,0,1,1,1,1,0,0,1,0,0,1,1,0,0,1,0,1,0,0,0
0,72,83.55,0,0,0,83.46986301369863,1,1,1,1,1,0,0,1,0,1,1,1,1,0,1,1,1,0,0,0,1
0,35,56.85,4,2,0,51.69722222222222,0,1,0,1,0,0,0,0,1,0,1,0,0,0,0,0,0,1,0,1,0
0,1,20.4,0,0,1,10.2,0,0,0,1,0,0,1,0,0,0,0,0,0,0,0,0,0,0,1,0,0
0,58,19.55,0,0,0,18.299152542372884,0,1,1,1,0,0,1,0,0,0,0,0,0,0,1,0,1,0,0,0,1
0,70,106.15,0,0,0,105.2830985915493,1,1,1,1,0,1,0,0,1,1,1,1,1,1,0,1,0,1,0,0,1
0,38,78.95,0,0,0,73.39871794871796,1,1,1,1,1,0,0,0,1,1,0,1,1,1,0,0,1,0,0,0,1
0,60,49.75,4,0,0,50.31885245901639,0,1,1,0,0,0,0,0,1,0,0,1,1,0,0,1,0,1,0,0,1
0,26,92.4,0,0,0,87.02962962962964,1,0,0,1,1,1,0,1,1,0,0,1,0,0,0,1,1,0,0,1,0
0,8,58.2,0,0,0,52.138888888888886,0,0,0,1,0,0,0,1,1,0,1,0,0,1,0,0,0,0,0,0,0
0,41,102.6,0,4,1,100.31785714285715,1,1,1,1,1,1,0,0,0,1,1,1,1,1,0,1,0,1,0,0,1
1,36,91.95,0,0,0,89.21756756756757,0,1,0,1,1,1,0,0,1,0,0,1,0,0,0,1,1,0,0,1,0
1,54,65.25,0,0,0,64.18090909090908,1,0,0,1,0,0,0,0,0,1,1,0,1,1,0,0,0,0,0,0,1
0,71,106.0,3,7,1,107.27361111111111,1,1,1,1,1,1,0,0,1,1,0,1,1,0,1,1,0,0,0,0,1
0,55,73.1,0,0,0,74.01607142857142,0,0,0,1,1,1,0,0,0,0,0,0,0,0,0,1,0,1,0,0,1
0,72,59.75,0,0,0,58.42465753424658,0,0,0,1,1,0,0,1,1,0,0,0,0,0,1,0,0,0,0,0,1
0,3,55.1,0,0,1,38.6625,0,0,1,1,0,0,0,1,0,0,1,0,0,0,0,1,0,0,1,0,0
0,54,59.8,0,0,0,59.026363636363634,0,1,1,1,1,0,0,0,1,1,0,0,0,0,1,1,0,0,0,0,1
0,72,116.6,0,0,0,114.21164383561644,1,1,1,1,1,1,0,1,1,1,1,1,1,0,1,1,0,0,0,0,1
0,52,109.3,1,0,0,108.13962264150943,1,0,0,1,1,1,0,1,0,1,1,1,1,0,1,1,0,1,0,0,1
1,60,101.4,3,5,0,101.25573770491803,0,0,0,1,1,1,0,1,0,0,0,1,1,1,0,1,0,0,0,0,1
0,39,50.65,0,0,0,47.635000000000005,0,0,0,0,0,0,0,0,0,1,0,1,1,0,0,1,1,0,0,0,1
0,15,56.15,0,0,0,58.24375,0,0,0,1,0,0,0,0,0,0,0,1,0,1,0,0,0,0,1,1,0
0,69,106.5,0,8,1,104.98285714285714,1,0,0,1,1,1,0,0,0,1,1,1,1,0,1,1,0,0,0,0,1
0,43,19.2,0,0,0,17.642045454545453,1,1,1,1,0,0,1,0,0,0,0,0,0,1,0,1,0,0,1,0,1
1,63,83.0,0,0,0,81.92265625,0,0,0,1,1,0,0,1,1,1,1,1,0,1,0,0,0,0,0,0,1
1,2,70.1,0,0,0,47.21666666666667,1,1,0,1,0,1,0,0,0,0,0,0,0,0,0,0,0,1,0,0,0
0,72,108.3,0,0,0,105.20068493150684,0,1,1,1,0,1,0,1,1,1,1,1,1,0,1,1,0,0,0,0,1
0,32,91.05,0,3,1,89.53030303030303,0,1,1,1,1,1,0,0,0,1,0,0,1,0,0,1,0,0,0,1,0
0,40,25.25,3,0,0,24.558536585365854,1,1,1,1,1,0,1,0,0,0,0,0,0,0,1,0,1,0,0,0,1
0,58,45.35,0,0,0,43.052542372881355,0,1,0,0,0,0,0,1,1,0,0,1,0,1,0,1,0,1,0,0,1
0,67,43.9,0,0,0,45.54705882352941,1,0,0,0,0,0,0,1,0,0,1,1,0,0,1,0,0,1,0,0,1
1,51,77.5,0,0,1,73.21826923076922,0,1,0,1,1,1,0,1,0,0,0,0,0,0,0,1,0,1,0,0,1
0,31,79.3,0,0,0,77.625,1,1,0,1,1,0,0,0,0,1,1,1,1,1,0,1,0,0,1,1,0
1,69,84.9,0,0,0,82.65214285714285,1,1,0,1,1,1,0,1,1,0,0,0,0,0,0,1,1,0,0,0,1
0,32,79.25,0,2,0,79.36818181818182,1,1,0,1,1,1,0,0,0,0,1,0,0,1,0,1,0,1,0,1,0
0,21,71.05,0,0,0,69.31136363636364,0,0,0,1,0,0,0,1,1,0,1,1,0,0,1,0,1,0,0,1,0
0,52,53.75,0,0,0,52.653773584905665,1,0,0,1,0,0,0,1,0,1,0,0,0,1,0,0,0,1,0,0,1
0,72,24.25,0,0,0,24.445205479452056,0,1,1,1,1,0,1,0,0,0,0,0,0,0,1,0,1,0,0,0,1
0,72,54.2,0,7,1,53.93767123287671,0,1,0,0,0,0,0,0,1,1,0,1,1,0,1,1,0,1,0,0,1
0,52,44.25,0,0,0,42.945283018867926,1,1,1,0,0,0,0,1,0,1,0,0,1,1,0,0,0,0,0,0,1
0,41,50.05,0,0,0,48.31071428571428,0,0,0,1,0,0,0,0,0,0,1,0,0,1,0,0,0,0,0,0,1
0,41,20.15,0,0,0,19.103571428571428,1,0,0,1,0,0,1,0,0,0,0,0,0,0,1,0,0,0,1,0,1
0,6,69.25,0,0,1,59.771428571428565,0,0,0,1,0,1,0,0,0,0,0,0,0,0,0,1,0,0,1,0,0
0,67,69.35,0,0,0,68.43014705882354,1,1,1,1,1,0,0,1,1,1,1,0,0,1,0,1,1,0,0,0,1
0,16,19.35,0,0,0,16.22941176470588,0,1,1,1,0,0,1,0,0,0,0,0,0,0,0,0,0,0,1,1,0
0,17,19.15,0,0,0,19.080555555555556,1,0,0,1,0,0,1,0,0,0,0,0,0,0,1,0,0,0,1,1,0
0,35,61.0,0,0,0,59.17916666666666,1,1,0,1,0,0,0,1,1,1,0,0,0,0,0,0,0,0,1,1,0
0,58,20.5,4,0,0,20.193220338983053,0,1,1,1,0,0,1,0,0,0,0,0,0,0,1,0,1,0,0,0,1
0,1,50.5,0,0,1,25.25,1,0,0,1,0,0,0,0,0,1,0,0,0,0,0,1,0,1,0,0,0
0,52,50.2,0,2,0,48.18867924528302,1,1,1,0,0,0,0,0,1,1,1,1,0,0,1,0,0,0,1,0,1
0,70,79.6,0,0,0,78.72464788732394,0,0,0,1,0,0,0,1,0,1,1,1,1,0,1,0,0,0,0,0,1
0,19,24.9,0,0,0,23.384999999999998,0,1,1,1,1,0,1,0,0,0,0,0,0,0,1,1,0,0,0,1,0
1,1,74.4,0,0,1,37.2,1,0,0,1,1,1,0,0,0,0,0,0,0,0,0,1,0,1,0,0,0
0,35,106.9,4,0,0,104.34583333333333,0,1,1,1,0,1,0,1,0,1,1,1,1,0,0,1,0,1,0,1,0
0,32,101.35,0,0,0,101.05757575757576,0,0,0,1,1,1,0,0,0,1,0,1,1,0,0,1,0,1,0,1,0
0,17,55.35,0,0,0,51.138888888888886,0,1,1,1,0,0,0,1,0,0,1,0,0,0,0,1,1,0,0,1,0
0,67,50.55,0,0,0,50.466911764705884,0,1,1,1,0,0,0,0,1,0,0,0,0,1,0,0,1,0,0,0,1
0,9,19.5,0,0,0,15.035,0,0,0,1,0,0,1,0,0,0,0,0,0,0,0,0,0,0,0,0,0
0,31,79.45,0,4,1,80.865625,1,0,1,1,1,0,0,0,1,0,1,1,1,1,0,1,0,0,1,1,0
0,4,90.65,0,0,0,73.59,1,0,0,1,1,1,0,1,0,0,0,1,0,0,0,0,0,1,0,0,0
1,58,89.85,0,0,0,86.87711864406779,1,1,1,1,1,1,0,1,1,0,1,0,0,1,0,1,0,0,0,0,1
0,60,79.0,3,0,0,78.70655737704918,1,0,0,1,0,0,0,1,0,1,1,1,1,1,0,0,0,0,1,0,1
0,58,104.65,0,5,1,105.41694915254237,1,0,0,1,1,1,0,0,0,1,1,1,1,1,0,1,0,1,0,0,1
0,1,19.55,4,0,0,9.775,1,0,0,1,0,0,1,0,0,0,0,0,0,0,0,0,0,0,1,0,0
0,27,19.9,0,0,0,19.646428571428572,0,1,1,1,0,0,1,0,0,0,0,0,0,0,1,0,0,0,1,1,0
1,66,116.25,0,0,0,117.34701492537313,1,1,1,1,1,1,0,1,1,1,1,1,1,1,0,1,0,1,0,0,1
0,15,87.75,0,0,0,77.6375,1,0,0,1,1,1,0,1,0,0,0,1,0,0,0,1,0,0,0,1,0
1,47,100.05,3,2,1,101.48020833333334,1,1,0,1,1,1,0,0,0,1,0,1,1,0,0,1,0,1,0,0,1
0,41,81.3,0,0,0,75.96785714285714,0,0,0,1,1,1,0,1,0,0,0,0,0,0,0,1,1,0,0,0,1
0,59,44.3,0,2,0,44.44583333333333,1,1,0,0,0,0,0,0,0,0,0,1,1,0,0,1,0,1,0,0,1
0,50,70.35,0,0,0,69.28627450980392,0,0,1,1,0,1,0,0,0,0,0,0,0,0,1,0,1,0,0,0,1
0,17,44.45,0,0,0,44.00833333333333,1,1,1,0,0,0,0,1,0,1,0,1,0,1,0,0,1,0,0,1,0
0,6,49.15,2,0,0,42.23571428571428,1,1,1,1,0,0,0,1,0,0,0,0,0,0,0,1,0,1,0,0,0
1,51,29.45,0,0,0,28.064423076923074,1,1,0,0,0,0,0,0,1,0,0,0,0,0,0,1,1,0,0,0,1
0,44,100.55,0,3,1,97.73666666666666,1,0,0,1,0,1,0,0,1,0,1,1,1,0,0,0,0,1,0,0,1
0,49,85.3,0,0,0,85.959,1,1,0,1,0,1,0,0,1,0,0,1,0,0,0,1,1,0,0,0,1
0,2,95.65,0,0,1,55.76666666666667,1,0,0,1,0,1,0,0,1,0,0,1,1,0,0,0,0,1,0,0,0
0,59,69.1,0,0,0,68.28166666666667,1,1,0,1,1,0,0,1,0,0,1,0,1,1,0,1,0,0,1,0,1
1,50,70.35,0,0,0,67.73725490196078,1,0,0,1,1,0,0,1,1,0,0,1,0,0,0,1,0,0,0,0,1
0,59,20.6,0,4,0,21.433333333333334,0,1,1,1,0,0,1,0,0,0,0,0,0,0,1,0,0,0,1,0,1
0,18,74.15,0,0,0,73.0,1,0,0,1,1,1,0,0,0,0,0,0,0,0,0,0,0,0,1,1,0
0,10,75.05,0,0,0,71.48181818181818,1,0,0,1,1,1,0,0,0,0,0,0,0,0,0,0,0,1,0,0,0
0,14,44.6,0,0,0,42.75,1,1,0,1,0,0,0,0,0,0,0,0,0,1,0,0,0,1,0,1,0
0,35,21.45,0,0,0,19.595833333333335,1,0,0,1,0,0,1,0,0,0,0,0,0,0,1,0,0,0,0,1,0
0,8,43.45,5,0,0,38.388888888888886,1,1,1,1,0,0,0,0,0,0,0,0,0,1,0,1,0,0,1,0,0
0,18,20.05,1,0,0,18.205263157894734,1,1,1,1,0,0,1,0,0,0,0,0,0,1,0,0,0,0,0,1,0
0,60,94.15,5,0,0,95.27540983606558,0,1,1,1,1,1,0,1,1,0,0,1,0,1,0,0,0,0,0,0,1
0,1,94.4,3,0,1,47.2,0,0,0,1,0,1,0,0,0,1,0,1,1,0,0,0,0,1,0,0,0
0,6,19.55,0,0,0,17.77857142857143,0,0,0,1,0,0,1,0,0,0,0,0,0,0,1,0,0,0,1,0,0
0,19,75.9,0,0,0,68.78,0,0,1,1,1,0,0,1,1,0,1,1,0,0,0,1,0,0,1,1,0
0,53,64.15,0,0,0,64.65833333333333,1,1,1,1,1,0,0,1,1,0,1,0,0,1,0,0,0,0,0,0,1
1,72,109.55,0,0,0,108.5027397260274,1,1,0,1,1,1,0,1,1,1,0,1,1,0,1,1,0,0,0,0,1
0,60,110.8,0,0,0,108.8639344262295,0,1,0,1,1,1,0,0,1,1,1,1,1,0,1,1,1,0,0,0,1
0,1,55.0,4,0,1,27.5,0,0,0,1,0,0,0,0,0,0,0,1,0,0,0,1,1,0,0,0,0
0,13,53.45,0,0,0,51.292857142857144,0,0,1,1,0,0,0,0,0,1,1,0,0,0,0,0,0,0,1,1,0
0,5,69.95,0,0,0,53.4,0,1,1,1,0,1,0,0,0,0,0,0,0,0,0,0,1,0,0,0,0
0,1,101.45,0,1,1,50.725,1,0,0,1,1,1,0,0,0,1,0,1,1,0,0,1,0,1,0,0,0
0,13,97.0,0,0,0,95.31785714285715,1,1,1,1,0,1,0,0,0,1,0,1,1,0,0,0,0,1,0,1,0
0,37,90.6,0,0,0,88.38552631578948,1,0,0,1,1,0,0,1,1,1,1,1,1,1,0,1,0,0,0,0,1
0,64,73.55,0,0,0,73.29230769230769,1,1,0,1,0,1,0,1,0,0,0,0,0,0,0,1,0,0,1,0,1
0,5,67.95,0,0,1,58.38333333333333,0,1,0,1,1,0,0,0,0,1,1,1,0,0,0,0,0,0,0,0,0
0,61,94.35,0,0,0,91.98387096774194,0,1,0,1,1,1,0,0,1,0,1,0,1,0,1,1,0,0,0,0,1
0,1,69.5,0,0,1,34.75,0,0,0,1,0,1,0,0,0,0,0,0,0,0,0,1,0,1,0,0,0
0,1,18.85,0,0,1,9.425,1,0,0,1,0,0,1,0,0,0,0,0,0,0,0,1,0,0,1,0,0
0,26,19.4,0,0,0,19.46481481481481,1,0,0,1,0,0,1,0,0,0,0,0,0,1,0,0,0,0,1,1,0
0,1,69.2,5,0,1,34.6,0,0,0,1,0,1,0,0,0,0,0,0,0,0,0,1,0,1,0,0,0
0,24,19.75,0,0,0,19.326,1,1,0,1,0,0,1,0,0,0,0,0,0,0,1,0,0,0,1,1,0
0,17,54.6,0,0,0,51.93333333333333,1,1,0,0,0,0,0,0,0,1,1,1,1,1,0,0,0,1,0,1,0
0,26,29.8,2,0,0,29.12962962962963,0,0,1,0,0,0,0,0,0,1,0,0,0,0,0,1,0,0,1,1,0
0,1,69.65,0,0,1,34.825,1,0,0,1,0,1,0,0,0,0,0,0,0,0,0,1,0,1,0,0,0
1,40,101.85,0,2,1,99.66585365853659,1,1,0,1,1,1,0,1,0,0,0,1,1,0,0,0,0,1,0,0,1
0,52,103.05,0,0,0,101.22264150943397,1,0,0,1,1,1,0,0,1,1,0,1,1,0,0,1,0,1,0,0,1
0,1,82.3,0,0,1,41.15,0,0,0,1,0,1,0,0,1,1,0,0,0,0,0,1,0,1,0,0,0
0,21,35.1,0,0,0,35.018181818181816,0,0,0,0,0,0,0,1,0,0,1,0,0,0,1,0,0,0,1,1,0
0,67,105.7,0,0,0,100.24926470588235,0,1,0,1,1,1,0,0,1,1,0,1,1,1,0,1,0,0,0,0,1
0,44,56.25,0,0,0,53.76777777777778,0,1,1,1,0,0,0,1,0,0,1,0,0,0,0,0,0,0,0,0,1
0,70,60.35,0,0,0,58.291549295774644,1,1,1,0,0,0,0,0,1,1,1,1,1,1,0,0,0,1,0,0,1
0,3,79.25,0,0,1,66.9,1,0,0,1,0,1,0,0,0,0,0,1,0,0,0,0,0,1,0,0,0
0,56,59.8,1,0,0,60.657017543859645,1,1,1,1,0,0,0,1,1,1,0,0,0,0,1,1,0,0,0,0,1
0,13,84.6,0,0,1,79.65714285714286,0,0,0,1,1,1,0,0,0,0,0,0,1,0,0,1,0,1,0,1,0
0,58,93.4,2,5,1,92.12881355932204,0,1,1,1,1,1,0,1,1,0,0,0,1,0,0,1,0,0,0,0,1
0,42,94.2,0,5,1,97.35581395348838,0,1,1,1,1,1,0,0,0,0,0,1,1,0,0,1,0,1,0,0,1
1,1,25.05,0,0,1,12.525,1,1,0,0,0,0,0,0,0,0,0,0,0,0,0,0,0,1,0,0,0
0,46,99.65,0,0,0,98.51489361702127,0,1,1,1,1,1,0,1,0,1,1,0,1,0,1,0,0,0,1,0,1
0,63,50.65,0,0,0,50.33203125,0,1,1,1,0,0,0,1,0,0,0,0,0,0,1,1,0,0,0,0,1
0,11,60.9,1,0,0,57.375,1,0,0,1,0,0,0,0,1,1,1,0,0,0,0,1,0,1,0,0,0
0,15,59.65,1,0,0,54.19375,1,1,1,1,1,0,0,0,0,1,1,0,0,0,0,1,0,0,0,1,0
0,72,64.7,0,0,0,65.01438356164384,1,1,0,0,0,0,0,1,1,1,1,1,1,0,1,1,0,1,0,0,1
0,29,25.1,0,0,1,23.761666666666667,0,0,0,0,0,0,0,0,0,0,0,0,0,0,0,1,1,0,0,1,0
0,1,48.95,0,0,1,24.475,1,0,1,1,0,0,0,0,0,1,0,0,0,0,0,0,0,1,0,0,0
0,6,54.85,0,0,0,50.728571428571435,0,1,1,1,0,0,0,0,0,0,0,1,0,0,0,0,0,1,0,0,0
0,63,91.35,0,0,0,90.0734375,1,1,1,1,1,1,0,0,1,0,0,0,1,1,0,1,0,1,0,0,1
0,2,85.85,0,0,1,55.76666666666667,1,0,0,1,0,1,0,0,0,1,0,0,1,0,0,1,0,1,0,0,0
0,18,25.1,0,0,0,22.55,0,1,1,1,1,0,1,0,0,0,0,0,0,0,1,0,0,0,1,1,0
0,43,34.0,0,0,0,34.2125,0,1,0,0,0,0,0,1,0,0,1,0,0,0,0,0,0,0,0,0,1
0,15,45.9,0,0,0,43.340625,0,0,0,0,0,0,0,1,1,1,1,0,0,1,0,0,0,0,1,1,0
0,10,95.2,5,0,1,84.58181818181818,1,0,1,1,1,1,0,0,0,0,0,1,1,0,0,0,0,1,0,0,0
0,55,20.5,0,0,0,21.03482142857143,1,1,1,1,0,0,1,0,0,0,0,0,0,0,1,0,0,0,1,0,1
0,49,100.6,0,5,1,101.39299999999999,1,0,1,1,1,1,0,0,0,0,1,1,1,1,0,1,0,0,0,0,1
0,6,55.3,0,0,1,46.32142857142857,1,1,1,1,0,0,0,0,1,1,0,0,0,0,0,1,0,0,1,0,0
0,70,20.35,0,2,0,20.536619718309858,1,1,1,1,0,0,1,0,0,0,0,0,0,0,1,0,1,0,0,0,1
1,2,74.85,4,0,1,52.13333333333333,1,0,0,1,1,1,0,0,0,0,0,0,0,0,0,1,0,0,1,0,0
1,63,36.1,0,0,0,35.9203125,1,1,0,0,0,0,0,1,0,0,1,0,0,1,0,0,0,0,0,0,1
0,25,65.8,0,0,0,64.60192307692309,0,0,0,1,0,0,0,0,1,0,1,0,1,0,0,1,0,0,0,1,0
1,18,20.35,0,0,0,19.45263157894737,0,0,0,1,0,0,1,0,0,0,0,0,0,1,0,0,0,0,0,1,0
1,28,105.8,0,0,0,103.37931034482759,1,1,0,1,1,1,0,0,1,0,1,1,1,0,0,1,0,1,0,1,0
1,53,96.75,0,0,0,96.4175925925926,0,0,0,1,0,1,0,1,1,0,1,0,1,1,0,1,0,0,1,0,1
0,35,102.35,0,4,1,100.725,1,0,0,1,0,1,0,0,1,1,0,1,1,1,0,1,0,0,0,1,0
0,1,24.4,0,0,0,12.2,1,0,0,0,0,0,0,0,0,0,0,0,0,0,0,0,0,0,1,0,0
0,70,115.65,2,7,1,112.23732394366198,1,1,0,1,1,1,0,1,1,1,1,1,1,1,0,0,1,0,0,0,1
0,2,79.85,0,0,1,50.81666666666666,1,0,0,1,0,1,0,0,0,1,1,0,0,0,0,1,0,1,0,0,0
0,26,73.05,0,0,0,72.57407407407408,0,1,0,1,0,0,0,0,1,0,1,1,1,0,0,1,0,1,0,1,0
0,34,64.35,1,0,0,58.658571428571435,0,0,0,1,0,0,0,1,1,0,0,0,1,1,0,0,0,1,0,1,0
0,19,20.5,0,0,0,19.927500000000002,0,0,1,1,0,0,1,0,0,0,0,0,0,0,1,0,0,0,1,1,0
0,15,76.0,0,0,1,70.678125,1,0,0,1,1,1,0,0,0,0,0,0,0,0,0,1,0,0,1,1,0
0,62,54.75,0,0,0,54.37063492063492,0,1,1,1,0,0,0,1,0,1,0,0,0,1,0,0,1,0,0,0,1
1,42,104.75,0,4,1,100.5453488372093,0,0,0,1,1,1,0,0,1,1,0,1,1,0,0,1,0,0,0,0,1
0,9,74.65,0,0,1,70.35499999999999,0,0,0,1,0,0,0,1,1,0,0,1,1,0,0,1,0,1,0,0,0
0,24,51.15,0,0,0,51.028,1,0,0,1,0,0,0,1,0,0,0,0,0,0,0,1,0,1,0,1,0
1,68,41.95,0,0,0,42.981884057971016,1,1,0,0,0,0,0,1,1,1,0,0,0,0,1,1,0,1,0,0,1
0,31,54.35,0,0,0,51.46875,1,1,1,1,0,0,0,0,0,1,1,0,0,0,0,0,0,0,1,1,0
0,1,56.25,0,0,1,28.125,0,0,0,1,0,0,0,0,0,0,0,0,1,0,0,1,0,1,0,0,0
0,21,106.1,0,2,1,102.27045454545454,1,1,0,1,1,1,0,0,0,1,1,1,1,0,0,1,0,1,0,1,0
0,63,96.0,0,0,0,95.46484375,0,1,0,1,0,1,0,0,1,0,0,1,1,1,0,1,0,1,0,0,1
1,2,79.75,0,0,1,53.13333333333333,0,0,0,1,0,1,0,0,0,0,0,0,1,0,0,1,0,0,0,0,0
0,61,61.45,0,5,0,60.502419354838715,0,1,1,0,0,0,0,0,1,1,1,1,1,0,1,1,0,0,0,0,1
0,1,68.65,0,0,1,34.325,0,0,0,1,0,1,0,0,0,0,0,0,0,0,0,0,0,1,0,0,0
0,18,19.65,0,0,0,21.644736842105264,1,0,0,1,0,0,1,0,0,0,0,0,0,1,0,0,0,0,1,1,0
0,6,19.0,0,0,0,15.071428571428571,0,1,1,1,0,0,1,0,0,0,0,0,0,1,0,0,1,0,0,0,0
0,33,100.0,0,0,0,97.66470588235293,0,0,0,1,1,1,0,0,1,0,0,1,1,0,0,1,0,1,0,1,0
0,16,20.25,0,0,1,19.261764705882353,1,0,0,1,0,0,1,0,0,0,0,0,0,0,0,0,0,0,0,1,0
0,56,98.7,0,0,0,99.46491228070175,0,1,0,1,0,1,0,0,0,1,1,1,1,0,0,1,0,1,0,0,1
0,23,19.8,0,0,0,19.39375,1,0,1,1,0,0,1,0,0,0,0,0,0,1,0,0,0,0,1,1,0
0,9,73.8,0,0,0,70.42999999999999,1,0,0,1,0,1,0,0,0,1,0,0,0,0,0,1,0,1,0,0,0
1,14,100.2,1,1,1,91.32,0,1,0,1,1,1,0,0,1,0,0,1,1,0,0,1,0,1,0,1,0
0,15,74.9,1,0,1,69.203125,1,1,1,1,1,1,0,0,0,0,0,0,0,0,0,1,0,0,0,1,0
0,5,20.05,0,0,0,15.924999999999999,1,0,0,1,0,0,1,0,0,0,0,0,0,0,0,0,1,0,0,0,0
0,61,106.2,0,0,0,102.8258064516129,1,1,0,1,1,1,0,1,1,0,0,1,1,0,0,1,0,1,0,0,1
0,70,116.55,0,0,0,114.82112676056339,1,1,1,1,1,1,0,1,1,1,1,1,1,0,1,1,1,0,0,0,1
0,15,99.7,0,0,0,97.921875,1,0,0,1,1,1,0,1,0,0,0,1,1,0,0,1,0,1,0,1,0
0,8,19.7,0,0,0,14.472222222222221,1,1,1,1,0,0,1,0,0,0,0,0,0,0,1,0,0,0,1,0,0
0,8,19.5,0,0,0,18.016666666666666,0,1,1,1,0,0,1,0,0,0,0,0,0,0,1,0,0,0,1,0,0
0,4,29.15,0,0,0,22.009999999999998,0,0,0,0,0,0,0,1,0,0,0,0,0,0,0,1,0,0,1,0,0
0,34,55.0,0,0,0,53.861428571428576,0,0,0,1,0,0,0,1,1,0,0,0,0,1,0,0,0,0,1,1,0
0,68,90.8,0,0,0,91.34565217391305,1,1,0,1,1,0,0,1,1,1,1,1,1,0,1,1,1,0,0,0,1
0,45,51.0,0,2,0,49.22826086956522,0,1,1,0,0,0,0,0,1,1,1,0,1,1,0,0,0,0,0,0,1
1,9,90.1,0,0,0,81.67999999999999,0,0,0,1,1,1,0,0,0,1,0,1,0,0,0,1,0,1,0,0,0
0,22,59.05,3,0,0,54.5,0,0,0,1,1,0,0,1,0,0,1,0,0,0,0,1,0,0,1,1,0
0,2,20.3,0,0,0,13.733333333333334,0,0,0,1,0,0,1,0,0,0,0,0,0,0,0,0,0,0,1,0,0
0,70,72.95,0,3,0,74.16267605633803,1,1,0,1,1,0,0,0,1,1,1,1,0,0,1,0,0,0,0,0,1
0,10,73.55,0,0,0,63.027272727272724,0,0,1,1,1,0,0,1,0,1,1,0,1,1,0,0,1,0,0,0,0
0,72,84.3,0,0,0,82.15205479452055,1,0,0,1,1,0,0,1,0,1,1,1,1,0,1,0,1,0,0,0,1
0,49,78.0,0,0,0,76.484,0,1,1,1,0,0,0,0,1,1,0,1,1,1,0,0,1,0,0,0,1
1,54,72.1,0,0,0,70.65545454545455,0,0,0,1,1,0,0,0,1,0,1,1,0,1,0,0,0,0,1,0,1
0,71,106.75,0,0,0,101.15625,0,0,0,1,1,1,0,1,1,1,0,1,1,0,1,1,1,0,0,0,1
0,22,19.25,0,0,0,17.93695652173913,0,0,0,1,0,0,1,0,0,0,0,0,0,1,0,1,0,0,1,1,0
0,50,20.55,0,0,0,20.985294117647058,0,1,1,1,0,0,1,0,0,0,0,0,0,0,1,0,1,0,0,0,1
0,43,20.0,0,0,0,18.589772727272727,0,1,1,1,0,0,1,0,0,0,0,0,0,1,0,0,0,0,1,0,1
0,45,24.65,0,0,0,25.463043478260868,0,1,1,1,1,0,1,0,0,0,0,0,0,0,1,1,1,0,0,0,1
1,64,103.5,0,0,0,100.74846153846153,1,0,0,1,1,1,0,1,1,0,0,1,1,0,0,1,0,0,0,0,1
0,23,23.85,4,0,0,26.068749999999998,0,1,1,1,1,0,1,0,0,0,0,0,0,0,1,0,0,0,1,1,0
0,68,25.8,0,0,0,27.702898550724637,0,1,0,1,1,0,1,0,0,0,0,0,0,0,1,0,1,0,0,0,1
0,1,70.85,0,0,1,35.425,0,0,0,1,0,1,0,0,0,0,0,0,0,0,0,1,0,1,0,0,0
0,2,69.8,0,0,1,44.9,1,0,0,1,0,1,0,0,0,0,0,0,0,0,0,1,1,0,0,0,0
0,26,59.45,0,0,0,55.81481481481482,1,0,0,1,0,0,0,0,0,0,1,1,0,1,0,0,1,0,0,1,0
0,55,54.55,0,6,1,53.183928571428574,1,1,0,0,0,0,0,0,0,1,1,1,1,0,0,1,0,0,0,0,1
0,14,20.05,5,0,0,19.953333333333333,1,0,0,1,0,0,1,0,0,0,0,0,0,0,0,1,0,1,0,1,0
0,71,82.55,0,0,0,81.00902777777777,1,1,0,1,0,0,0,1,0,1,1,1,1,0,1,1,0,1,0,0,1
0,64,81.25,0,0,0,85.65461538461538,1,0,0,1,1,0,0,1,1,1,1,1,0,1,0,0,0,1,0,0,1
0,7,70.75,0,0,1,56.35,0,0,0,1,0,0,0,0,0,0,1,1,1,0,0,1,1,0,0,0,0
0,57,74.3,0,0,0,71.83362068965518,0,0,0,1,0,0,0,1,1,1,1,1,0,0,1,1,1,0,0,0,1
0,13,94.1,0,1,1,86.82857142857142,0,1,0,1,1,1,0,0,1,1,0,1,0,0,0,0,0,1,0,1,0
0,3,29.7,0,0,1,22.925,0,1,1,0,0,0,0,1,0,0,0,0,0,0,0,0,1,0,0,0,0
1,72,109.7,0,0,0,108.19794520547946,1,1,0,1,1,1,0,0,1,1,1,1,1,0,1,0,1,0,0,0,1
0,40,96.35,0,0,0,95.49756097560976,0,1,1,1,1,1,0,0,1,1,0,1,0,0,0,1,1,0,0,0,1
0,14,66.6,0,0,0,65.3,1,1,0,1,1,0,0,0,0,0,1,1,0,0,0,1,1,0,0,1,0
0,2,44.5,5,0,0,30.016666666666666,1,1,1,1,0,0,0,0,0,0,0,0,0,0,0,1,0,1,0,0,0
1,66,110.9,0,6,1,110.92611940298508,1,0,0,1,1,1,0,0,1,1,1,1,1,1,0,0,1,0,0,0,1
0,38,105.0,0,3,1,103.24102564102564,0,1,0,1,1,1,0,0,0,1,1,1,1,0,0,1,0,1,0,0,1
0,1,25.3,0,0,1,12.65,1,0,1,0,0,0,0,0,0,0,0,0,0,0,0,1,0,1,0,0,0
0,22,55.15,0,0,1,51.87173913043478,1,0,0,1,0,0,0,0,1,0,1,0,0,1,0,1,1,0,0,1,0
0,5,80.1,0,0,0,66.425,1,0,0,1,0,1,0,0,0,0,0,1,0,0,0,1,0,0,1,0,0
0,29,69.05,0,0,0,65.28166666666667,1,1,1,1,1,0,0,1,0,0,1,1,0,1,0,0,0,0,0,1,0
0,1,69.9,0,0,1,34.95,1,1,1,1,0,1,0,0,0,0,0,0,0,0,0,1,0,0,1,0,0
0,3,20.4,0,0,0,15.7875,0,0,0,1,0,0,1,0,0,0,0,0,0,0,0,0,0,0,1,0,0
0,71,19.7,4,0,0,18.070833333333333,1,1,1,1,0,0,1,0,0,0,0,0,0,0,1,0,1,0,0,0,1
0,9,50.1,0,0,0,48.405,1,0,1,1,0,0,0,0,1,0,0,0,0,0,0,1,0,1,0,0,0
0,43,101.4,0,4,1,102.9090909090909,1,0,0,1,1,1,0,0,1,0,0,1,1,0,0,1,0,1,0,0,1
0,48,83.45,0,0,0,79.34387755102041,0,0,0,1,1,0,0,1,1,1,0,1,1,1,0,1,1,0,0,0,1
0,26,86.65,0,0,0,81.80555555555556,1,0,0,1,1,1,0,1,1,0,0,0,0,0,0,1,1,0,0,1,0
0,9,20.15,0,0,0,23.815,0,0,0,1,0,0,1,0,0,0,0,0,0,0,0,0,0,0,0,0,0
0,1,80.8,0,0,1,40.4,1,0,0,1,0,1,0,0,0,0,0,0,1,0,0,1,0,1,0,0,0
0,46,19.4,0,2,0,20.386170212765958,0,1,1,1,0,0,1,0,0,0,0,0,0,0,1,0,1,0,0,0,1
0,2,62.05,0,0,1,39.43333333333333,1,0,0,1,1,0,0,0,0,0,0,0,1,0,0,0,0,0,0,0,0
1,1,76.45,0,0,1,38.225,1,0,0,1,1,1,0,0,0,0,0,0,0,0,0,1,0,1,0,0,0
0,64,60.05,0,0,0,59.160769230769226,1,1,1,0,0,0,0,1,0,1,1,1,1,0,1,1,0,0,0,0,1
1,12,91.3,0,1,1,84.1923076923077,0,0,0,1,1,1,0,0,1,0,0,1,0,0,0,1,0,1,0,0,0
1,6,95.75,0,1,1,81.96428571428571,1,1,0,1,0,1,0,0,0,1,0,1,1,0,0,1,0,1,0,0,0
0,59,20.35,0,4,0,21.116666666666667,0,1,0,1,0,0,1,0,0,0,0,0,0,1,0,0,0,0,1,0,1
0,7,94.05,0,0,0,79.18125,0,0,0,1,0,1,0,0,1,0,0,1,1,1,0,1,0,0,1,0,0
1,72,84.1,0,0,0,83.96780821917808,0,1,0,1,1,0,0,1,1,1,0,1,1,0,1,1,1,0,0,0,1
1,16,78.75,0,0,0,71.66176470588235,1,0,0,1,0,1,0,0,0,0,0,0,1,0,0,1,0,1,0,1,0
0,25,55.55,0,0,0,54.05,1,1,0,1,1,0,0,0,0,1,0,0,0,0,0,0,1,0,0,1,0
0,34,62.65,0,3,1,64.99714285714286,0,1,0,1,1,0,0,1,1,0,1,0,0,0,0,0,0,1,0,1,0
0,1,74.5,0,0,1,37.25,0,0,0,1,1,1,0,0,0,0,0,0,0,0,0,1,0,1,0,0,0
0,10,102.1,0,0,1,97.16818181818181,0,1,1,1,1,1,0,0,1,1,0,1,1,0,0,1,1,0,0,0,0
0,24,20.1,0,0,0,21.355999999999998,1,1,0,1,0,0,1,0,0,0,0,0,0,1,0,0,0,0,1,1,0
0,10,70.3,0,0,0,61.46818181818182,0,1,1,1,1,0,0,1,1,0,0,1,0,1,0,0,0,1,0,0,0
0,69,53.65,0,0,0,54.34857142857143,1,1,0,1,0,0,0,1,1,0,0,0,0,1,0,1,1,0,0,0,1
0,57,20.75,0,0,0,19.28965517241379,1,0,0,1,0,0,1,0,0,0,0,0,0,0,1,0,0,0,1,0,1
0,50,103.4,0,0,0,102.67450980392157,1,1,1,1,0,1,0,0,1,1,1,1,1,1,0,1,0,0,0,0,1
0,28,50.8,0,0,0,47.820689655172416,1,1,1,0,0,0,0,1,0,1,1,1,0,1,0,0,0,0,1,1,0
0,16,50.15,0,0,1,44.838235294117645,0,0,0,1,0,0,0,1,0,0,0,0,0,0,0,1,0,1,0,1,0
0,25,79.0,0,0,0,73.15384615384616,1,0,0,1,0,0,0,1,1,0,1,1,1,0,0,1,0,0,1,1,0
1,3,74.6,0,0,0,59.7625,0,1,0,1,0,1,0,0,1,0,0,0,0,0,0,1,0,0,0,0,0
0,61,96.5,0,4,0,91.51129032258065,1,1,0,1,1,1,0,0,0,0,0,1,1,1,0,1,0,0,0,0,1
0,2,20.1,0,0,0,13.266666666666666,0,0,0,1,0,0,1,0,0,0,0,0,0,0,0,0,0,0,1,0,0
0,51,19.4,0,0,0,19.1875,1,1,1,1,0,0,1,0,0,0,0,0,0,1,0,0,0,0,1,0,1
0,71,77.55,5,0,0,77.42152777777778,0,1,1,1,0,0,0,1,0,1,0,1,1,0,1,0,1,0,0,0,1
0,20,20.05,0,0,0,19.335714285714285,0,1,1,1,0,0,1,0,0,0,0,0,0,0,0,0,0,0,1,1,0
0,6,19.85,0,0,0,19.835714285714285,1,1,1,1,0,0,1,0,0,0,0,0,0,0,0,0,1,0,0,0,0
0,6,20.2,5,0,0,17.664285714285715,0,0,0,1,0,0,1,0,0,0,0,0,0,0,0,0,0,0,1,0,0
0,29,67.45,0,0,0,60.03666666666666,0,0,0,1,1,0,0,1,1,0,1,0,0,0,0,0,0,0,1,1,0
0,36,18.55,0,0,0,18.62162162162162,1,0,0,1,0,0,1,0,0,0,0,0,0,0,1,1,1,0,0,1,0
0,28,29.75,0,0,0,27.26551724137931,0,0,0,0,0,0,0,0,0,1,0,0,0,0,0,1,0,0,1,1,0
0,7,86.5,0,0,1,72.8125,0,1,0,1,1,1,0,0,0,0,0,1,0,0,0,1,0,1,0,0,0
0,63,24.2,0,0,0,25.284375,0,0,0,1,1,0,1,0,0,0,0,0,0,0,1,0,0,0,1,0,1
0,48,23.55,0,0,0,23.945918367346938,1,1,1,1,1,0,1,0,0,0,0,0,0,0,1,0,0,0,1,0,1
0,49,20.45,0,0,0,18.018,0,1,0,1,0,0,1,0,0,0,0,0,0,1,0,0,0,0,0,0,1
1,27,81.45,0,0,1,75.78750000000001,1,0,0,1,1,1,0,0,1,0,0,0,0,0,0,1,0,1,0,1,0
0,72,92.3,0,0,0,92.05342465753424,1,1,0,1,1,0,0,1,1,1,1,1,1,0,1,0,1,0,0,0,1
0,1,69.15,0,0,1,34.575,1,1,0,1,0,1,0,0,0,0,0,0,0,0,0,1,0,1,0,0,0
0,72,53.65,0,0,0,51.83561643835616,0,1,1,0,0,0,0,0,1,0,1,1,1,0,1,0,1,0,0,0,1
0,47,39.65,0,0,0,37.471875000000004,0,0,0,0,0,0,0,1,1,0,1,0,0,1,0,0,1,0,0,0,1
0,1,54.65,0,0,0,27.325,0,0,0,1,0,0,0,0,0,0,0,1,0,0,0,1,0,1,0,0,0
0,36,104.8,0,0,0,105.03918918918919,0,0,0,1,1,1,0,0,1,1,0,1,1,1,0,1,0,0,0,1,0
0,43,29.3,5,0,0,27.81931818181818,1,1,1,0,0,0,0,0,1,0,0,0,0,0,0,0,1,0,0,0,1
1,27,83.85,2,1,0,82.50714285714285,0,1,0,1,1,0,0,0,1,1,1,1,1,0,0,0,0,1,0,1,0
0,9,79.55,0,0,1,72.34,0,0,0,1,0,1,0,0,0,0,0,0,1,0,0,1,0,1,0,0,0
0,38,103.65,0,1,0,102.26923076923077,0,0,0,1,1,1,0,0,0,1,1,1,1,0,0,1,0,1,0,0,1
1,35,99.05,4,0,0,98.73888888888888,0,0,0,1,1,1,0,1,0,0,0,1,1,0,0,1,0,1,0,1,0
0,0,73.35,0,0,0,1401.4,0,1,1,1,1,0,0,0,1,1,1,1,0,0,1,0,0,0,1,0,0
0,59,100.05,0,0,0,100.58083333333335,0,1,0,1,0,1,0,0,1,0,1,1,1,0,1,1,0,0,1,0,1
0,27,20.35,5,1,0,18.985714285714288,1,0,0,1,0,0,1,0,0,0,0,0,0,0,1,0,1,0,0,1,0
1,2,43.95,0,0,0,28.366666666666664,0,0,0,1,0,0,0,0,0,0,0,0,0,0,0,0,0,1,0,0,0
0,7,23.5,0,0,0,21.625,1,0,0,1,1,0,1,0,0,0,0,0,0,0,0,0,0,0,1,0,0
0,36,70.7,0,0,0,67.89054054054054,0,0,0,1,1,0,0,0,1,0,1,0,1,1,0,1,0,0,1,1,0
0,41,94.3,0,0,0,92.70476190476191,0,1,1,1,1,1,0,1,1,0,0,1,0,0,0,1,0,0,0,0,1
0,13,29.15,0,0,0,25.510714285714283,0,0,0,0,0,0,0,0,1,0,0,0,0,0,0,0,0,1,0,1,0
0,19,20.85,0,0,0,23.375,1,0,1,1,0,0,1,0,0,0,0,0,0,0,1,0,1,0,0,1,0
0,60,37.7,0,3,0,37.51967213114754,0,1,0,0,0,0,0,1,1,0,1,0,0,0,1,0,0,0,0,0,1
0,48,95.5,0,5,1,94.44591836734695,0,0,1,1,0,1,0,0,1,1,1,1,0,0,1,1,0,0,1,0,1
1,3,91.05,0,0,1,72.275,1,0,0,1,1,1,0,0,0,1,0,1,0,0,0,0,0,1,0,0,0
0,69,92.45,0,0,0,92.29357142857143,1,1,0,1,1,1,0,0,1,0,1,1,0,0,1,1,0,0,1,0,1
0,43,44.15,0,0,0,43.893181818181816,1,0,0,0,0,0,0,0,0,1,1,0,1,1,0,0,0,1,0,0,1
0,11,36.05,5,0,0,33.550000000000004,0,0,1,0,0,0,0,1,0,0,1,0,0,1,0,1,0,0,1,0,0
0,45,50.25,0,0,0,48.29456521739131,0,1,0,1,0,0,0,0,0,1,0,0,0,0,0,1,1,0,0,0,1
0,72,109.75,0,0,0,106.28630136986301,1,1,0,1,1,1,0,0,1,1,1,1,1,0,1,1,1,0,0,0,1
1,2,79.2,0,0,1,57.61666666666667,0,1,0,1,1,1,0,0,0,1,0,0,0,0,0,0,0,1,0,0,0
0,12,20.3,0,0,0,17.26923076923077,0,1,1,1,0,0,1,0,0,0,0,0,0,0,1,0,0,0,0,0,0
0,67,112.35,0,0,0,108.65367647058824,0,1,1,1,1,1,0,0,1,1,1,1,1,1,0,1,1,0,0,0,1
0,37,94.3,0,0,0,91.07763157894736,1,1,0,1,1,1,0,0,0,1,1,1,0,0,1,0,0,0,1,0,1
0,39,41.15,0,0,0,42.5225,0,0,0,0,0,0,0,1,1,0,1,0,0,1,0,0,0,0,0,0,1
0,41,74.65,0,0,0,73.58690476190476,0,0,0,1,1,0,0,1,0,1,1,0,1,0,0,1,0,0,0,0,1
0,25,48.25,0,0,0,49.76153846153846,0,0,0,0,0,0,0,0,0,1,0,1,1,0,0,1,0,1,0,1,0
0,8,76.15,0,0,0,71.75555555555555,1,1,1,1,1,0,0,1,1,0,1,0,1,0,1,1,1,0,0,0,0
0,71,71.1,0,0,0,72.56875,0,1,1,1,1,0,0,1,1,1,1,0,0,0,1,0,0,0,1,0,1
0,5,96.55,0,0,0,83.35000000000001,1,0,0,1,1,1,0,0,1,1,0,0,1,0,0,0,0,1,0,0,0
0,30,79.3,0,1,0,78.29354838709678,0,0,0,1,1,0,0,1,0,1,0,1,1,1,0,1,1,0,0,1,0
0,40,89.6,0,0,0,85.07682926829268,1,0,0,1,0,1,0,0,1,0,1,0,1,1,0,1,1,0,0,0,1
0,54,20.5,0,0,0,18.830909090909092,0,0,0,1,0,0,1,0,0,0,0,0,0,0,1,1,0,0,1,0,1
0,72,106.3,0,0,0,103.63493150684933,1,1,0,1,1,1,0,0,1,1,0,1,1,0,1,1,0,0,0,0,1
0,28,100.35,0,0,0,96.51724137931035,1,1,1,1,0,1,0,0,1,1,0,1,1,1,0,0,0,0,0,1,0
0,18,85.6,2,0,0,84.28947368421052,1,1,1,1,0,1,0,0,0,0,1,0,1,0,0,1,0,1,0,1,0
0,2,45.25,0,0,1,28.5,0,0,0,0,0,0,0,0,0,0,0,1,1,0,0,1,0,1,0,0,0
0,59,106.15,0,0,0,104.27,0,1,1,1,1,1,0,0,1,1,0,1,1,1,0,1,0,1,0,0,1
0,22,51.1,0,0,0,53.60434782608696,1,1,1,1,0,0,0,0,0,0,1,0,0,0,0,1,0,1,0,1,0
0,1,19.9,0,0,0,9.95,0,0,0,1,0,0,1,0,0,0,0,0,0,0,0,0,0,0,1,0,0
1,72,25.7,0,0,0,26.53972602739726,0,1,0,1,1,0,1,0,0,0,0,0,0,0,1,1,1,0,0,0,1
1,14,74.3,0,0,1,73.08333333333333,0,0,0,1,1,1,0,0,0,0,0,0,0,0,0,1,0,1,0,1,0
0,50,99.4,0,0,0,99.21078431372548,1,1,0,1,1,1,0,0,0,0,1,1,1,1,0,0,0,1,0,0,1
0,48,69.7,0,0,0,61.707142857142856,0,1,1,1,0,0,0,1,0,1,1,1,0,1,0,0,0,0,0,0,1
0,49,98.35,0,0,0,97.78399999999999,0,1,1,1,1,1,0,0,1,0,0,1,1,0,0,1,0,1,0,0,1
0,28,85.45,0,1,0,78.96206896551725,1,1,1,1,0,1,0,0,0,1,0,1,0,0,0,0,0,1,0,1,0
1,68,95.9,0,0,0,94.24927536231884,1,0,0,1,1,1,0,0,1,1,0,0,1,0,0,1,0,1,0,0,1
0,13,100.75,2,0,0,93.80357142857143,1,0,0,1,1,1,0,0,0,0,1,1,1,0,0,0,0,1,0,1,0
0,11,89.2,5,0,0,82.52499999999999,0,0,0,1,1,1,0,0,0,1,0,1,0,0,0,1,0,1,0,0,0
0,3,74.1,0,0,1,57.0,0,1,0,1,1,1,0,0,0,0,0,0,0,0,0,1,1,0,0,0,0
1,57,100.6,0,4,1,99.07155172413792,1,1,0,1,1,1,0,0,0,1,0,1,1,0,0,0,0,1,0,0,1
0,3,75.0,4,0,1,52.275,1,0,0,1,1,1,0,0,0,0,0,0,0,0,0,0,0,0,1,0,0
0,72,25.75,0,0,0,25.536986301369865,1,1,0,1,1,0,1,0,0,0,0,0,0,0,1,0,1,0,0,0,1
0,70,84.1,0,0,0,84.22112676056338,1,1,1,1,1,0,0,0,1,1,1,1,1,0,1,1,0,1,0,0,1
0,49,79.3,4,0,0,78.04899999999999,0,1,1,1,1,0,0,0,1,0,1,1,1,0,1,0,0,0,0,0,1
1,67,107.05,0,0,0,105.03676470588235,0,1,0,1,1,1,0,1,0,1,0,1,1,1,0,1,1,0,0,0,1
0,46,20.05,2,0,0,19.19148936170213,1,0,0,1,0,0,1,0,0,0,0,0,0,0,1,0,0,0,0,0,1
1,64,70.2,5,5,1,68.93846153846154,0,0,0,1,0,0,0,1,1,0,1,1,0,0,1,1,1,0,0,0,1
0,37,19.5,0,0,0,21.189473684210526,0,1,0,1,0,0,1,0,0,0,0,0,0,0,0,0,0,0,0,0,1
1,2,70.75,0,0,1,51.61666666666667,0,0,0,1,0,1,0,0,0,0,0,0,0,0,0,0,0,1,0,0,0
1,13,45.3,0,0,0,37.746428571428574,0,1,0,0,0,0,0,0,0,0,0,1,1,0,0,0,0,1,0,1,0
0,72,115.15,0,0,0,114.37945205479453,0,1,0,1,1,1,0,1,1,1,1,1,1,0,1,0,0,1,0,0,1
0,68,72.95,3,0,0,71.78623188405797,1,1,1,1,0,0,0,0,0,1,1,1,1,0,1,1,0,0,0,0,1
0,15,19.65,3,0,0,20.790625,1,1,1,1,0,0,1,0,0,0,0,0,0,1,0,0,0,0,1,1,0
0,24,19.55,0,0,0,18.808,0,0,0,1,0,0,1,0,0,0,0,0,0,0,1,1,0,0,0,1,0
0,24,89.55,2,0,0,90.374,0,0,0,1,1,1,0,0,0,0,1,0,1,0,0,1,0,1,0,1,0
0,27,50.35,3,0,0,50.40535714285714,1,0,0,1,0,0,0,1,0,0,0,0,0,0,0,0,0,0,1,1,0
0,12,50.25,2,0,1,45.67307692307692,1,0,0,1,0,0,0,0,0,0,1,0,0,0,0,0,0,0,0,0,0
0,71,87.25,0,0,0,87.89861111111111,0,1,1,1,0,0,0,1,1,1,1,1,1,0,1,0,1,0,0,0,1
0,67,20.8,0,3,0,20.76323529411765,1,1,1,1,0,0,1,0,0,0,0,0,0,0,1,1,0,0,1,0,1
0,63,109.25,5,0,0,106.896875,0,1,0,1,1,1,0,0,1,1,1,1,1,0,1,1,0,0,0,0,1
0,1,20.35,0,0,0,10.175,1,0,0,1,0,0,1,0,0,0,0,0,0,0,0,0,0,0,1,0,0
0,4,55.9,0,0,0,47.7,1,0,0,1,0,0,0,0,0,0,0,0,1,0,0,1,0,1,0,0,0
1,40,79.2,0,5,1,78.87439024390244,0,0,0,1,0,1,0,1,1,0,0,0,0,0,0,1,1,0,0,0,1
0,12,96.0,2,1,1,81.69999999999999,0,0,0,1,0,1,0,0,0,1,0,1,1,0,0,1,0,1,0,0,0
0,52,79.2,2,0,0,75.77924528301887,1,1,1,1,0,0,0,1,1,1,0,1,1,0,1,0,0,1,0,0,1
0,10,24.0,0,0,0,20.595454545454547,1,0,0,1,1,0,1,0,0,0,0,0,0,0,0,1,0,1,0,0,0
0,68,101.35,0,0,0,103.05434782608695,1,0,0,1,1,1,0,1,1,1,0,1,0,1,0,0,0,0,0,0,1
0,54,100.1,0,5,1,98.92545454545454,0,0,0,1,1,1,0,0,0,0,1,1,1,0,0,1,0,1,0,0,1
0,4,56.5,0,0,1,47.019999999999996,0,1,1,1,0,0,0,0,1,0,1,0,0,0,0,0,0,0,1,0,0
0,52,35.45,0,0,0,36.96132075471698,0,1,0,0,0,0,0,1,0,1,0,0,0,1,0,0,0,0,1,0,1
1,1,85.0,0,0,1,42.5,0,0,0,1,0,1,0,0,0,1,0,0,1,0,0,1,0,1,0,0,0
0,70,79.4,0,0,0,77.8718309859155,1,1,0,1,1,0,0,1,1,1,1,1,0,1,0,0,0,0,0,0,1
0,43,35.2,0,0,0,33.26590909090909,1,0,0,0,0,0,0,1,0,1,0,0,0,1,0,1,1,0,0,0,1
0,52,19.65,0,0,0,19.340566037735847,1,0,0,1,0,0,1,0,0,0,0,0,0,0,1,0,0,0,1,0,1
0,12,49.85,4,0,0,42.46923076923077,0,0,0,0,0,0,0,1,0,1,1,0,1,0,1,0,0,0,1,0,0
0,56,68.75,5,1,0,66.93684210526315,0,1,1,1,1,0,0,1,1,0,0,0,1,1,0,0,0,0,0,0,1
0,0,61.9,0,0,0,1401.4,1,0,1,1,1,0,0,1,1,0,1,0,0,0,1,1,0,0,0,0,0
0,42,79.9,0,0,0,77.05581395348837,1,0,0,1,1,1,0,0,0,1,0,0,0,0,0,0,0,1,0,0,1
1,22,89.75,0,0,0,84.3,1,1,0,1,0,1,0,0,0,0,0,1,1,0,0,1,0,0,0,1,0
0,51,59.3,3,5,1,57.97403846153846,1,1,1,0,0,0,0,1,1,1,0,1,1,1,0,0,0,1,0,0,1
0,27,19.4,0,0,0,16.4375,1,0,0,1,0,0,1,0,0,0,0,0,0,0,0,1,1,0,0,1,0
1,51,93.65,0,0,0,93.06057692307692,1,1,0,1,1,1,0,1,0,1,0,0,1,1,0,1,0,0,0,0,1
0,4,49.4,0,0,1,36.88,1,0,1,1,0,0,0,1,0,0,0,0,0,0,0,1,0,1,0,0,0
0,1,19.9,0,0,0,9.95,1,0,0,1,0,0,1,0,0,0,0,0,0,0,0,1,0,0,1,0,0
0,35,55.0,0,0,1,55.84861111111111,1,0,0,1,0,0,0,0,0,0,0,1,0,0,0,0,0,0,1,1,0
1,71,72.9,0,0,0,71.38402777777777,1,1,1,1,1,0,0,0,1,1,1,0,1,1,0,1,0,0,0,0,1
0,69,25.6,0,0,0,23.905714285714286,0,1,1,1,1,0,1,0,0,0,0,0,0,0,1,1,0,0,0,0,1
0,14,19.75,3,0,0,20.623333333333335,1,1,1,1,0,0,1,0,0,0,0,0,0,1,0,0,0,0,1,1,0
0,57,55.7,0,0,0,54.682758620689654,1,1,0,1,0,0,0,1,0,0,1,0,0,0,0,0,0,1,0,0,1
0,72,117.5,0,0,0,118.76849315068493,0,1,1,1,1,1,0,1,1,1,1,1,1,0,1,0,1,0,0,0,1
0,48,19.85,0,0,0,18.693877551020407,1,0,0,1,0,0,1,0,0,0,0,0,0,0,1,0,1,0,0,0,1
0,4,78.9,4,0,0,59.95,0,1,1,1,0,1,0,0,0,0,0,1,0,0,0,1,0,0,1,0,0
0,31,20.65,4,0,0,21.9390625,1,1,1,1,0,0,1,0,0,0,0,0,0,0,0,1,0,1,0,1,0
0,38,62.3,0,4,1,60.379487179487185,1,0,0,1,0,0,0,0,0,1,1,0,1,1,0,1,0,0,1,0,1
1,37,92.5,0,5,1,91.40526315789474,1,1,0,1,1,1,0,0,0,0,0,1,1,0,0,1,0,1,0,0,1
0,1,19.65,3,0,0,9.825,0,0,0,1,0,0,1,0,0,0,0,0,0,0,0,0,0,0,1,0,0
1,57,79.75,0,0,0,76.5206896551724,1,0,0,1,1,0,0,0,1,1,0,1,1,0,1,1,0,0,0,0,1
1,62,79.95,1,0,0,76.50396825396825,0,1,0,1,0,0,0,1,0,1,1,1,1,0,1,1,1,0,0,0,1
0,3,29.9,0,0,0,23.0625,1,1,0,0,0,0,0,0,0,0,1,0,0,0,0,1,0,1,0,0,0
0,72,19.75,0,0,0,21.465753424657535,0,0,1,1,0,0,1,0,0,0,0,0,0,0,1,1,0,0,1,0,1
0,29,45.0,0,0,0,41.415,1,0,1,0,0,0,0,1,1,1,1,0,0,0,0,1,0,0,1,1,0
0,13,44.8,0,0,0,39.94285714285714,1,1,1,1,0,0,0,0,0,0,0,0,0,0,0,0,0,0,0,1,0
0,3,69.65,1,0,1,55.025,1,0,1,1,0,1,0,0,0,0,0,0,0,0,0,0,0,1,0,0,0
0,11,51.1,0,0,0,44.262499999999996,0,0,0,1,0,0,0,0,1,0,0,0,0,0,0,0,0,1,0,0,0
0,21,53.15,1,0,0,53.78181818181818,0,0,1,0,0,0,0,1,1,1,1,1,0,0,1,0,0,0,1,1,0
0,19,24.7,0,0,0,23.2925,0,0,0,1,1,0,1,0,0,0,0,0,0,0,0,0,0,0,0,1,0
0,61,111.6,0,5,1,110.90403225806452,1,0,0,1,1,1,0,1,0,1,1,1,1,0,1,1,1,0,0,0,1
0,11,48.55,0,0,1,41.75,0,0,0,1,0,0,0,1,0,0,0,0,0,0,0,0,1,0,0,0,0
0,35,109.95,0,0,0,105.06666666666666,1,1,1,1,1,1,0,0,1,1,1,1,1,0,0,1,0,1,0,1,0
0,25,20.8,0,0,0,17.7,1,0,1,1,0,0,1,0,0,0,0,0,0,0,0,0,0,0,1,1,0
0,1,20.2,0,0,1,10.1,0,0,0,1,0,0,1,0,0,0,0,0,0,0,0,1,0,0,1,0,0
0,67,25.6,1,0,0,26.328676470588235,0,0,0,1,1,0,1,0,0,0,0,0,0,0,1,1,0,0,0,0,1
0,19,39.65,0,2,1,36.667500000000004,1,0,0,0,0,0,0,0,0,1,0,1,0,0,0,1,0,1,0,1,0
0,56,24.9,5,0,1,23.403508771929825,1,0,0,1,1,0,1,0,0,0,0,0,0,1,0,0,0,1,0,0,1
0,72,108.4,0,5,0,106.40068493150685,1,1,1,1,1,1,0,1,1,1,0,1,1,0,1,1,1,0,0,0,1
0,43,19.55,0,0,0,19.912499999999998,1,0,0,1,0,0,1,0,0,0,0,0,0,0,1,0,0,0,1,0,1
0,55,85.1,5,0,0,82.15982142857142,0,1,1,1,1,1,0,1,1,0,0,0,0,0,0,1,0,1,0,0,1
0,2,56.7,0,0,1,37.85,1,1,1,1,1,0,0,1,0,0,0,0,0,0,0,0,0,0,1,0,0
0,27,69.05,0,0,0,64.04464285714286,1,0,0,1,0,1,0,0,0,0,0,0,0,0,0,1,0,0,1,1,0
0,13,70.15,0,0,0,63.33571428571429,0,0,0,1,0,1,0,0,0,0,0,0,0,0,0,1,0,0,1,1,0
0,70,111.15,3,1,0,108.97957746478873,0,0,0,1,1,1,0,1,1,1,0,1,1,0,1,1,0,0,1,0,1
0,14,105.95,0,1,1,89.92666666666668,0,1,0,1,0,1,0,1,1,0,1,1,1,1,0,0,0,0,1,1,0
0,19,89.35,0,0,0,84.3425,0,1,1,1,1,1,0,0,0,0,1,0,1,1,0,1,0,0,0,1,0
0,20,89.1,0,0,0,89.48809523809524,0,0,0,1,1,1,0,1,0,0,0,1,0,0,0,1,0,0,0,1,0
0,43,91.25,0,0,0,91.22272727272728,1,1,1,1,1,1,0,1,0,1,1,0,0,1,0,1,1,0,0,0,1
0,5,90.35,0,0,0,72.41666666666667,1,1,1,1,0,1,0,1,0,1,0,0,1,0,0,1,0,0,1,0,0
1,70,105.55,0,0,0,101.34295774647887,0,1,0,1,1,1,0,0,1,0,1,1,1,1,0,1,0,0,0,0,1
0,40,19.1,0,0,0,19.026829268292683,0,1,0,1,0,0,1,0,0,0,0,0,0,0,1,0,0,0,1,0,1
0,6,20.4,0,0,0,15.37142857142857,1,1,1,1,0,0,1,0,0,0,0,0,0,0,1,1,1,0,0,0,0
0,39,100.45,0,0,0,95.04249999999999,1,0,0,1,0,1,0,1,0,1,0,1,1,0,1,1,0,1,0,0,1
1,4,74.95,0,0,1,61.739999999999995,1,1,0,1,1,1,0,0,0,0,0,0,0,0,0,0,0,1,0,0,0
0,15,29.7,1,0,1,27.390625,1,0,0,0,0,0,0,0,0,0,1,0,0,0,0,1,0,1,0,1,0
0,1,50.35,0,1,1,25.175,1,1,0,0,0,0,0,0,0,1,0,1,1,0,0,1,0,1,0,0,0
1,45,85.7,0,0,0,82.13260869565217,0,0,0,1,0,1,0,1,1,0,1,0,0,0,0,1,0,0,0,0,1
0,64,47.85,0,5,1,48.42307692307692,0,1,0,0,0,0,0,1,0,1,1,0,1,0,1,0,0,1,0,0,1
1,57,94.0,0,0,0,93.77499999999999,0,1,0,1,1,1,0,0,1,1,0,0,1,0,0,0,1,0,0,0,1
0,72,69.85,0,0,0,69.89520547945206,1,1,1,1,1,0,0,1,1,1,1,0,0,0,1,0,0,0,0,0,1
0,1,70.3,0,0,1,35.15,1,0,0,1,0,1,0,0,0,0,0,0,0,0,0,1,0,1,0,0,0
0,72,25.85,0,0,0,25.646575342465756,1,1,0,1,1,0,1,0,0,0,0,0,0,0,1,0,1,0,0,0,1
0,3,71.1,4,0,0,53.3375,0,0,0,1,0,0,0,1,1,0,1,0,1,0,1,0,0,0,1,0,0
1,55,98.8,0,4,1,100.31696428571429,1,0,0,1,1,1,0,1,0,0,0,1,1,0,0,1,0,1,0,0,1
0,59,93.35,0,0,0,89.775,0,1,0,1,1,1,0,0,0,1,1,1,0,0,0,0,0,1,0,0,1
0,18,99.85,1,0,1,93.52368421052631,0,0,0,1,1,1,0,0,0,0,1,1,1,0,0,1,0,0,0,1,0
1,32,80.3,0,0,1,75.2439393939394,1,1,0,1,0,1,0,0,0,0,0,0,1,0,0,1,1,0,0,1,0
0,4,50.55,0,0,0,47.13,0,0,0,1,0,0,0,1,0,0,0,0,0,0,0,1,0,0,0,0,0
1,66,80.45,0,0,1,77.97537313432836,0,0,0,1,1,1,0,0,1,0,0,0,0,0,0,1,1,0,0,0,1
0,27,81.3,0,0,0,81.17142857142858,1,0,0,1,1,1,0,0,0,1,0,0,0,0,0,1,0,1,0,1,0
0,4,20.7,0,0,0,16.75,1,0,0,1,0,0,1,0,0,0,0,0,0,0,0,1,1,0,0,0,0
0,60,79.05,0,0,0,76.44918032786885,1,1,1,1,0,0,0,1,1,0,1,1,1,0,0,1,1,0,0,0,1
0,8,19.05,0,0,0,22.41111111111111,0,1,1,1,0,0,1,0,0,0,0,0,0,0,1,0,0,0,1,0,0
0,8,19.6,0,0,0,13.88888888888889,1,1,1,1,0,0,1,0,0,0,0,0,0,0,1,0,1,0,0,0,0
0,35,20.2,0,0,0,19.01111111111111,1,0,0,1,0,0,1,0,0,0,0,0,0,0,1,1,0,0,1,1,0
0,7,86.8,2,0,1,77.54375,1,0,0,1,1,1,0,0,0,0,0,0,1,0,0,1,0,1,0,0,0
0,53,20.9,0,0,0,21.223148148148148,0,1,1,1,0,0,1,0,0,0,0,0,0,0,1,0,0,0,1,0,1
1,18,103.6,0,0,0,95.07105263157894,0,0,0,1,1,1,0,0,1,0,1,1,1,0,0,1,1,0,0,1,0
0,15,38.8,0,0,0,37.6875,0,0,0,0,0,0,0,0,1,0,0,0,1,0,1,1,0,0,1,1,0
0,67,88.4,0,0,0,85.26911764705882,1,1,0,1,1,1,0,0,1,0,0,1,0,1,0,1,0,0,0,0,1
1,6,84.2,0,0,1,74.16428571428571,1,1,0,1,0,1,0,0,1,0,0,0,1,0,0,1,0,1,0,0,0
1,6,79.7,0,0,0,71.08571428571429,1,0,0,1,0,1,0,0,0,0,0,1,0,0,0,1,0,1,0,0,0
0,13,99.0,0,0,1,92.97857142857143,1,0,0,1,1,1,0,0,0,0,1,1,1,0,0,1,0,0,1,1,0
0,11,100.75,0,1,1,94.14583333333333,0,0,0,1,1,1,0,0,0,1,0,1,1,0,0,1,0,1,0,0,0
0,1,19.3,0,0,0,9.65,1,0,1,1,0,0,1,0,0,0,0,0,0,0,0,1,0,0,1,0,0
0,5,55.75,0,0,0,44.49166666666667,1,0,0,1,0,0,0,1,0,0,1,0,0,0,0,1,0,0,1,0,0
0,13,19.95,0,0,0,18.357142857142858,1,0,0,1,0,0,1,0,0,0,0,0,0,1,0,1,0,0,1,1,0
0,9,91.75,0,0,1,86.58,0,1,0,1,1,1,0,1,1,1,0,0,0,0,0,0,0,0,0,0,0
0,29,89.65,0,0,0,87.455,1,0,0,1,0,1,0,0,1,0,1,1,0,0,0,0,0,0,1,1,0
1,1,45.85,5,0,0,22.925,1,0,0,1,0,0,0,0,0,0,0,0,0,0,0,1,0,0,1,0,0
0,1,79.55,0,0,1,39.775,0,0,0,1,1,1,0,0,0,1,0,0,0,0,0,1,0,0,1,0,0
0,18,55.95,0,0,0,56.98947368421052,0,1,1,1,0,0,0,0,0,0,0,1,0,0,0,0,0,0,1,1,0
0,2,69.0,0,0,0,49.26666666666667,0,1,0,1,0,0,0,0,0,1,0,1,1,0,0,0,1,0,0,0,0
0,30,83.55,0,0,0,82.90967741935484,1,1,1,1,1,1,0,0,1,0,1,0,0,0,0,1,0,0,0,1,0
0,66,65.7,0,0,0,65.35671641791045,1,0,1,1,1,0,0,1,1,0,1,0,0,0,1,0,0,0,0,0,1
0,38,94.9,0,0,0,92.72435897435898,1,1,1,1,1,1,0,0,0,1,1,1,0,0,1,1,0,0,0,0,1
0,44,61.9,0,0,0,64.97888888888889,1,1,1,1,0,0,0,0,1,1,1,0,0,0,0,1,0,0,1,0,1
0,54,111.1,0,5,1,109.3609090909091,0,0,0,1,1,1,0,0,1,1,1,1,1,0,0,0,0,1,0,0,1
0,2,20.0,0,0,0,10.9,1,0,0,1,0,0,1,0,0,0,0,0,0,0,0,0,0,0,1,0,0
0,42,67.7,0,0,0,67.02906976744185,0,0,0,1,0,0,0,1,1,0,1,0,1,1,0,1,0,0,1,0,1
0,58,25.15,4,0,0,25.591525423728815,0,1,1,1,1,0,1,0,0,0,0,0,0,0,1,0,1,0,0,0,1
0,58,92.85,0,0,0,89.91610169491526,1,1,1,1,0,1,0,0,1,0,0,1,1,0,0,1,0,1,0,0,1
0,25,89.1,0,2,1,91.0923076923077,0,1,1,1,1,1,0,0,0,1,0,0,1,0,0,1,0,1,0,1,0
0,71,111.3,0,0,0,110.91527777777777,0,0,0,1,1,1,0,1,1,1,1,1,1,0,1,0,0,0,1,0,1
0,37,101.9,0,2,1,93.29868421052632,0,0,0,1,1,1,0,0,1,1,0,1,1,0,0,1,0,0,0,0,1
0,14,91.65,4,0,1,86.73333333333333,0,1,1,1,1,1,0,0,0,0,1,1,0,0,0,1,0,1,0,1,0
1,4,88.85,0,0,1,74.49,0,0,0,1,1,1,0,0,0,1,0,0,1,0,0,1,0,1,0,0,0
0,48,60.6,0,0,0,60.923469387755105,0,1,0,1,1,0,0,1,0,0,1,0,0,1,0,1,0,0,0,0,1
1,3,25.3,4,0,1,19.4375,0,0,0,0,0,0,0,0,0,0,0,0,0,0,0,0,0,1,0,0,0
0,8,65.5,0,0,0,62.705555555555556,0,1,0,1,0,0,0,1,0,0,1,0,1,0,1,0,0,0,1,0,0
0,1,95.45,0,0,1,47.725,1,0,0,1,1,1,0,0,0,0,0,1,1,0,0,1,0,1,0,0,0
0,67,19.95,0,0,0,19.290441176470587,1,0,0,1,0,0,1,0,0,0,0,0,0,0,1,0,0,0,0,0,1
0,13,91.1,0,2,1,81.12142857142858,1,0,0,1,0,1,0,0,0,0,0,1,1,0,0,1,0,1,0,1,0
0,45,54.15,0,0,1,50.4304347826087,0,1,1,1,0,0,0,0,1,0,1,0,0,1,0,1,1,0,0,0,1
0,49,74.6,0,0,0,74.407,1,0,0,1,1,1,0,0,0,0,0,0,0,0,0,1,0,0,0,0,1
0,52,94.6,0,0,0,94.82641509433962,0,1,0,1,1,1,0,0,1,1,0,1,0,0,0,0,0,0,0,0,1
0,63,81.15,0,0,0,81.6328125,0,1,0,1,0,1,0,1,0,1,0,0,0,1,0,1,1,0,0,0,1
0,68,89.05,2,0,0,89.64927536231885,0,1,1,1,1,0,0,1,1,1,1,1,1,0,1,1,0,0,0,0,1
0,31,49.2,0,0,0,46.8296875,0,1,0,1,0,0,0,0,0,0,1,0,0,0,0,1,0,0,1,1,0
0,64,19.45,0,0,0,18.59384615384615,0,1,0,1,0,0,1,0,0,0,0,0,0,0,1,0,1,0,0,0,1
0,62,104.3,0,1,0,104.97857142857143,0,1,0,1,0,1,0,1,0,1,1,1,1,1,0,1,0,1,0,0,1
0,1,69.7,0,0,1,34.85,0,0,0,1,0,1,0,0,0,0,0,0,0,0,0,0,0,0,0,0,0
0,6,89.5,0,0,1,81.89999999999999,0,0,0,1,0,1,0,0,0,0,0,1,1,0,0,1,0,1,0,0,0
0,21,86.05,0,0,0,82.67727272727274,0,1,0,1,0,1,0,0,0,0,1,1,0,0,0,1,0,1,0,1,0
0,72,25.2,0,0,0,24.484246575342464,0,1,1,1,1,0,1,0,0,0,0,0,0,0,1,0,0,0,0,0,1
0,32,35.15,1,0,0,31.849999999999998,0,1,1,0,0,0,0,1,1,0,0,0,0,0,0,1,0,1,0,1,0
1,71,99.65,0,0,0,99.73958333333333,0,0,0,1,1,1,0,1,1,0,1,1,0,1,0,1,1,0,0,0,1
0,34,105.35,3,0,0,105.38857142857142,0,0,1,1,0,1,0,1,1,1,0,1,1,0,0,1,0,0,0,1,0
0,3,35.15,0,0,1,24.9375,1,1,0,0,0,0,0,0,0,0,0,0,1,0,0,1,0,1,0,0,0
0,12,73.75,4,0,1,67.03076923076922,1,0,1,1,1,1,0,0,0,0,0,0,0,0,0,1,1,0,0,0,0
1,8,101.35,0,0,1,86.72222222222223,0,0,0,1,1,1,0,0,0,1,0,1,1,0,0,0,0,1,0,0,0
0,35,24.3,4,0,0,22.822222222222223,0,1,1,1,1,0,1,0,0,0,0,0,0,0,1,0,0,0,0,1,0
0,3,80.7,0,0,0,59.8625,0,1,1,1,0,1,0,0,0,0,0,1,0,0,0,1,0,1,0,0,0
0,3,89.85,0,0,0,61.1125,1,0,0,1,0,1,0,0,0,1,1,1,0,0,0,1,0,0,1,0,0
0,53,61.1,0,0,0,62.18333333333334,1,0,0,1,0,0,0,0,0,1,0,0,1,1,0,1,0,1,0,0,1
0,4,29.05,0,0,0,25.919999999999998,0,1,0,0,0,0,0,1,0,0,0,0,0,0,0,1,0,1,0,0,0
0,48,99.7,2,0,0,101.57551020408162,0,1,1,1,0,1,0,1,0,1,0,1,1,1,0,1,0,0,0,0,1
0,6,55.9,0,0,1,52.19285714285714,0,1,1,1,0,0,0,1,1,0,0,0,0,0,0,0,1,0,0,0,0
1,3,105.9,0,1,1,83.6625,1,1,0,1,1,1,0,0,1,1,0,1,1,0,0,1,0,1,0,0,0
0,54,46.0,0,0,0,44.07363636363637,1,1,1,0,0,0,0,0,0,1,1,0,1,0,1,0,1,0,0,0,1
0,1,43.95,0,0,1,21.975,0,0,0,1,0,0,0,0,0,0,0,0,0,0,0,0,0,0,1,0,0
0,62,80.4,0,0,0,79.06587301587301,1,0,0,1,0,0,0,0,1,1,1,1,1,0,0,1,0,0,0,0,1
0,22,100.05,0,0,0,90.8804347826087,1,1,1,1,0,1,0,0,1,1,0,1,1,1,0,1,0,0,1,1,0
0,1,45.1,0,0,1,22.55,1,0,0,1,0,0,0,0,0,0,0,0,0,0,0,1,0,0,0,0,0
1,51,94.0,0,0,0,94.34134615384616,1,0,0,1,0,1,0,0,0,1,0,1,1,1,0,1,0,0,0,0,1
0,30,68.95,0,0,0,65.76451612903226,0,0,0,1,1,0,0,0,1,1,0,1,0,1,0,1,1,0,0,1,0
1,56,68.45,5,0,0,70.42105263157895,0,1,0,1,1,0,0,1,1,1,1,0,0,1,0,1,1,0,0,0,1
0,35,69.0,0,0,0,67.82499999999999,1,1,0,1,1,0,0,0,1,0,1,1,0,1,0,1,0,1,0,1,0
1,64,43.85,0,0,0,42.323076923076925,0,0,0,0,0,0,0,0,1,0,1,1,0,0,0,1,0,1,0,0,1
0,30,44.5,0,0,0,42.18709677419355,1,0,1,0,0,0,0,0,0,0,0,1,1,0,0,1,0,1,0,1,0
0,25,18.7,0,0,0,14.75576923076923,0,1,1,1,0,0,1,0,0,0,0,0,0,0,1,1,0,0,1,1,0
0,41,70.25,0,0,1,68.28690476190476,0,0,0,1,0,1,0,0,0,0,0,0,0,0,0,0,0,0,0,0,1
0,9,55.35,5,0,1,44.975,1,0,1,1,0,0,0,0,0,0,0,1,0,0,0,0,0,1,0,0,0
0,1,53.55,0,0,0,26.775,0,1,0,1,0,0,0,1,1,0,0,0,0,0,0,1,0,0,1,0,0
0,70,114.6,5,4,0,111.02112676056338,1,0,1,1,1,1,0,1,1,1,1,1,1,0,1,1,0,1,0,0,1
0,57,20.1,0,3,0,18.75344827586207,0,1,1,1,0,0,1,0,0,0,0,0,0,0,1,1,0,0,0,0,1
0,9,85.5,0,0,0,79.17,1,0,0,1,1,1,0,0,0,0,0,1,0,0,0,1,0,1,0,0,0
0,69,108.75,0,0,0,107.04357142857143,0,1,1,1,1,1,0,0,1,1,1,1,1,1,0,1,0,0,0,0,1
1,43,103.0,0,4,1,100.325,1,1,0,1,1,1,0,0,1,1,0,1,1,0,0,1,0,1,0,0,1
0,72,97.85,0,0,0,93.71643835616439,0,1,0,1,1,1,0,0,0,1,0,1,1,0,1,1,0,1,0,0,1
0,44,19.55,0,0,0,18.221111111111114,1,0,1,1,0,0,1,0,0,0,0,0,0,0,1,0,0,0,0,0,1
0,72,84.05,0,0,0,82.90753424657534,0,1,0,1,1,1,0,1,1,0,0,0,0,0,1,1,0,0,0,0,1
0,33,103.75,0,3,1,98.85441176470589,0,1,0,1,0,1,0,1,0,1,1,1,1,1,0,1,0,1,0,1,0
0,54,89.4,0,0,0,88.53636363636363,1,0,0,1,1,1,0,0,0,1,0,0,1,0,0,0,1,0,0,0,1
0,27,19.7,0,0,0,18.189285714285713,1,0,1,1,0,0,1,0,0,0,0,0,0,0,1,0,1,0,0,1,0
0,54,79.85,0,0,0,78.33181818181818,1,0,0,1,1,1,0,0,1,0,0,0,0,0,0,1,0,0,0,0,1
0,3,74.45,0,0,0,55.275,1,0,0,1,0,1,0,0,1,0,0,0,0,0,0,0,1,0,0,0,0
0,53,74.1,0,0,0,70.99907407407407,0,1,0,1,1,0,0,1,1,1,0,0,1,1,0,0,0,0,0,0,1
0,15,18.8,4,0,0,18.434375,1,1,0,1,0,0,1,0,0,0,0,0,0,1,0,0,0,0,1,1,0
0,56,73.85,0,0,1,71.80438596491229,0,0,0,1,0,1,0,0,1,0,0,0,0,0,0,1,0,1,0,0,1
0,5,64.4,0,0,0,52.81666666666666,1,1,1,1,1,0,0,1,1,0,1,0,0,0,0,0,1,0,0,0,0
0,48,55.8,0,0,0,54.10612244897959,1,1,1,1,0,0,0,0,1,1,0,0,0,1,0,1,1,0,0,0,1
0,25,20.05,0,2,0,18.142307692307693,0,0,1,1,0,0,1,0,0,0,0,0,0,0,0,0,1,0,0,1,0
0,3,75.15,5,0,1,54.1875,0,1,0,1,1,1,0,0,0,0,0,0,0,0,0,1,1,0,0,0,0
0,58,99.15,0,0,0,96.96525423728814,1,0,0,1,0,1,0,1,1,0,0,1,1,1,0,0,0,0,0,0,1
0,10,56.75,0,0,0,45.75,1,0,0,1,0,0,0,0,0,0,0,0,1,0,0,1,0,0,0,0,0
0,1,69.6,0,0,1,34.8,1,0,0,1,0,1,0,0,0,0,0,0,0,0,0,1,0,1,0,0,0
0,71,104.15,0,0,0,102.29583333333333,1,1,0,1,1,1,0,0,1,0,1,1,1,0,1,1,1,0,0,0,1
0,65,110.8,0,0,0,109.78636363636363,0,1,1,1,1,1,0,0,1,1,1,1,1,0,1,1,1,0,0,0,1
0,5,80.15,0,0,1,64.16666666666667,1,1,1,1,1,1,0,0,1,0,0,0,0,0,0,1,0,1,0,0,0
0,28,35.75,0,0,0,33.15172413793103,0,0,0,0,0,0,0,0,0,1,1,0,0,0,0,1,0,0,1,1,0
0,67,69.9,0,1,0,67.88088235294117,0,1,1,1,1,0,0,0,0,1,1,0,1,0,1,1,0,0,0,0,1
0,35,89.2,0,0,0,90.3138888888889,1,0,0,1,0,1,0,1,0,0,1,0,1,1,0,1,0,1,0,1,0
0,72,55.65,0,2,0,53.1513698630137,0,1,1,0,0,0,0,1,1,1,1,0,1,0,1,0,1,0,0,0,1
0,61,50.7,0,0,0,49.818548387096776,0,1,1,0,0,0,0,1,1,0,1,0,1,1,0,1,0,0,0,0,1
1,68,20.0,0,0,0,20.231884057971016,1,0,0,1,0,0,1,0,0,0,0,0,0,0,1,1,1,0,0,0,1
0,1,30.5,0,0,1,15.25,0,1,1,0,0,0,0,1,0,0,0,0,0,0,0,0,0,0,0,0,0
0,3,19.1,2,0,0,13.2625,1,0,0,1,0,0,1,0,0,0,0,0,0,0,0,1,0,0,1,0,0
0,70,98.3,0,6,1,96.61267605633803,1,1,1,1,1,1,0,0,1,0,0,1,1,0,1,0,0,0,0,0,1
0,48,45.55,0,0,0,43.02755102040816,0,0,1,0,0,0,0,0,1,1,0,0,1,0,0,0,1,0,0,0,1
0,68,101.05,0,0,0,98.1231884057971,1,1,1,1,1,1,0,0,1,0,0,1,1,1,0,1,1,0,0,0,1
0,47,103.7,0,4,0,98.55416666666667,0,0,0,1,0,1,0,1,0,1,1,1,1,1,0,1,0,1,0,0,1
0,32,36.25,0,0,0,34.880303030303025,1,1,1,0,0,0,0,0,0,1,1,0,0,1,0,1,0,0,1,1,0
0,5,49.4,0,0,0,38.75833333333333,0,1,1,1,0,0,0,1,0,0,0,0,0,0,0,1,0,0,1,0,0
0,49,19.9,0,0,0,20.452,1,0,0,1,0,0,1,0,0,0,0,0,0,0,1,1,1,0,0,0,1
0,48,107.4,0,5,1,104.51632653061225,0,0,0,1,1,1,0,0,1,1,0,1,1,0,0,1,0,0,0,0,1
1,13,82.0,0,0,1,80.51428571428572,0,0,0,1,1,1,0,0,0,0,0,0,1,0,0,1,0,1,0,1,0
0,15,19.8,2,0,0,19.3375,1,0,0,1,0,0,1,0,0,0,0,0,0,0,0,1,0,0,1,1,0
0,12,45.05,0,0,0,40.23846153846154,0,0,0,1,0,0,0,0,0,0,0,0,0,0,0,1,0,1,0,0,0
1,67,64.55,0,0,0,62.5014705882353,1,0,0,1,1,0,0,1,1,0,1,0,0,0,1,1,0,0,0,0,1
0,9,86.25,0,0,0,77.05,1,0,0,1,0,1,0,0,0,0,1,1,0,0,0,0,0,1,0,0,0
0,13,19.75,4,0,0,17.62142857142857,0,1,1,1,0,0,1,0,0,0,0,0,0,0,1,1,0,0,0,1,0
0,38,89.1,2,0,0,85.6923076923077,0,0,0,1,0,1,0,0,0,0,0,1,1,1,0,1,0,0,1,0,1
1,42,95.55,0,2,0,91.4093023255814,0,1,0,1,1,1,0,0,1,1,0,1,0,0,0,1,0,1,0,0,1
0,24,75.4,0,0,1,69.914,0,1,0,1,1,1,0,0,0,0,0,0,0,0,0,1,1,0,0,1,0
1,27,101.25,0,2,1,98.37321428571428,0,1,0,1,0,1,0,1,0,1,0,1,1,0,0,1,0,1,0,1,0
0,9,102.6,0,0,0,89.775,1,1,1,1,1,1,0,0,1,1,0,1,1,0,0,1,1,0,0,0,0
0,49,56.3,5,0,0,55.611999999999995,0,1,0,0,0,0,0,0,1,0,1,1,1,1,0,1,1,0,0,0,1
1,61,94.2,0,0,0,95.08790322580644,0,1,0,1,1,1,0,1,1,1,1,0,0,0,0,1,1,0,0,0,1
0,50,43.05,0,0,0,43.29509803921569,1,0,1,0,0,0,0,1,1,0,0,1,0,1,0,1,0,0,0,0,1
1,25,89.5,0,2,1,84.4673076923077,1,0,0,1,1,1,0,0,1,0,0,1,0,0,0,1,0,1,0,1,0
1,22,74.4,0,0,1,73.59130434782608,0,0,0,1,1,1,0,0,0,0,0,0,0,0,0,1,0,0,0,1,0
0,1,20.5,0,0,1,10.25,1,0,0,1,0,0,1,0,0,0,0,0,0,0,0,0,0,0,1,0,0
0,4,74.35,0,0,1,53.07000000000001,1,0,0,1,1,1,0,0,0,0,0,0,0,0,0,1,0,1,0,0,0
1,18,99.75,0,1,1,96.64473684210526,0,1,0,1,1,1,0,0,0,0,1,1,1,0,0,0,0,0,0,1,0
1,56,111.95,0,6,1,112.61228070175439,0,0,0,1,1,1,0,0,1,1,1,1,1,1,0,1,0,1,0,0,1
1,53,94.0,0,0,0,90.21203703703704,0,1,0,1,0,1,0,0,1,1,1,1,0,1,0,1,0,1,0,0,1
0,51,98.85,0,0,0,95.14519230769231,0,1,0,1,1,1,0,0,0,1,0,1,1,1,0,1,0,1,0,0,1
0,24,64.35,2,0,0,62.346000000000004,0,1,1,1,1,0,0,1,1,1,0,0,0,0,1,0,0,1,0,1,0
0,62,72.0,3,0,0,68.0031746031746,0,1,0,1,0,0,0,1,1,1,0,1,0,0,1,1,1,0,0,0,1
0,24,49.7,0,0,0,48.73,1,0,0,1,0,0,0,0,1,0,0,0,0,0,0,1,0,0,1,1,0
0,70,80.7,0,0,0,79.12605633802816,0,1,1,1,1,0,0,1,1,1,1,1,0,0,1,0,0,1,0,0,1
0,1,24.2,0,0,0,12.1,1,0,1,0,0,0,0,0,0,0,0,0,0,0,0,0,0,0,1,0,0
1,16,39.0,0,1,1,39.991176470588236,1,0,0,0,0,0,0,0,1,0,0,1,0,0,0,1,0,0,1,1,0
0,8,65.45,0,0,0,61.60555555555556,0,0,0,1,0,0,0,0,1,0,1,1,0,0,0,1,0,1,0,0,0
0,72,74.35,0,7,0,71.74520547945205,0,1,1,1,0,0,0,1,1,1,1,0,1,0,1,1,0,1,0,0,1
0,23,83.2,0,0,0,84.67916666666666,0,0,0,1,0,1,0,0,1,1,1,0,0,0,0,0,0,0,0,1,0
0,31,25.0,0,0,0,24.6625,1,0,1,0,0,0,0,0,0,0,0,0,0,0,0,0,1,0,0,1,0
0,37,40.2,0,0,0,40.14078947368421,1,1,1,0,0,0,0,1,0,1,1,0,0,1,0,1,0,1,0,0,1
0,30,94.1,4,4,1,90.46612903225805,0,1,0,1,1,1,0,0,1,0,1,1,0,0,0,1,1,0,0,1,0
1,35,108.35,0,0,0,103.50416666666666,0,0,0,1,1,1,0,1,1,1,0,1,1,1,0,1,0,1,0,1,0
0,23,69.5,0,0,0,68.83749999999999,0,1,1,1,1,0,0,0,1,0,1,1,0,0,0,1,1,0,0,1,0
0,20,76.0,0,0,0,75.6547619047619,0,1,1,1,1,0,0,1,0,0,0,1,1,1,0,0,0,0,0,1,0
0,36,93.6,0,0,0,90.97432432432433,1,1,0,1,0,1,0,1,0,0,0,1,1,0,0,1,0,1,0,1,0
0,8,95.65,0,0,1,86.45555555555556,0,0,0,1,1,1,0,0,0,0,0,1,1,0,0,0,0,0,0,0,0
0,71,100.55,0,0,0,98.80208333333333,1,1,1,1,1,1,0,0,1,0,0,1,1,1,0,0,0,0,0,0,1
1,50,88.05,0,5,1,85.6343137254902,0,1,0,1,1,1,0,0,1,0,0,1,0,0,0,1,0,1,0,0,1
0,43,24.45,0,0,0,22.571590909090908,0,1,1,1,1,0,1,0,0,0,0,0,0,1,0,1,0,0,0,0,1
0,57,89.55,2,0,0,86.4198275862069,1,0,1,1,1,0,0,1,1,1,1,1,1,0,1,0,0,0,1,0,1
0,41,66.5,5,4,1,64.96666666666667,0,1,1,1,0,0,0,0,1,0,1,0,1,1,0,1,0,0,0,0,1
0,27,76.1,0,0,0,74.76428571428572,0,1,0,1,0,1,0,0,1,0,0,0,0,0,0,1,0,1,0,1,0
0,13,80.5,0,0,0,72.27142857142857,0,0,0,1,0,1,0,0,0,0,0,0,1,0,0,1,0,1,0,1,0
0,3,35.45,0,1,1,26.7125,1,0,0,0,0,0,0,1,1,0,0,0,0,0,0,1,0,0,1,0,0
0,67,20.55,0,0,0,19.75588235294118,0,0,0,1,0,0,1,0,0,0,0,0,0,1,0,0,0,1,0,0,1
0,3,49.9,0,0,1,32.525,1,0,0,1,0,0,0,0,1,0,0,0,0,0,0,1,0,0,1,0,0
0,64,105.4,0,0,0,104.53461538461538,0,1,0,1,1,1,0,0,1,0,1,1,1,0,1,1,0,0,0,0,1
0,26,35.75,0,0,0,37.870370370370374,1,0,0,0,0,0,0,0,0,1,1,0,0,0,0,0,0,1,0,1,0
0,38,95.1,0,0,0,94.64615384615384,1,0,0,1,1,1,0,0,1,1,0,0,1,0,0,1,1,0,0,0,1
0,23,19.3,0,0,0,20.258333333333333,1,1,0,1,0,0,1,0,0,0,0,0,0,1,0,0,1,0,0,1,0
0,40,104.5,0,5,1,98.45975609756097,1,0,0,1,1,1,0,0,1,1,0,1,1,0,0,1,1,0,0,0,1
1,72,63.1,0,3,0,64.18561643835616,1,1,0,0,0,0,0,1,1,1,1,1,1,0,1,1,0,0,0,0,1
1,3,75.05,0,0,1,64.0625,0,0,0,1,1,1,0,0,0,0,0,0,0,0,0,1,1,0,0,0,0
0,23,81.0,0,0,1,79.87916666666666,1,0,0,1,1,1,0,0,0,1,0,0,0,0,0,1,0,1,0,1,0
1,1,74.45,0,0,1,37.225,0,1,0,1,1,1,0,0,0,0,0,0,0,0,0,1,0,1,0,0,0
0,4,60.4,0,0,1,54.42999999999999,0,0,0,1,0,0,0,1,1,0,1,0,0,0,0,1,0,0,1,0,0
0,62,84.95,0,0,0,81.7547619047619,0,1,0,1,1,0,0,1,1,0,1,1,1,0,1,1,0,1,0,0,1
0,40,93.4,0,0,0,91.61951219512196,0,0,0,1,1,1,0,0,1,1,0,1,0,0,0,1,0,0,0,0,1
0,41,89.2,3,0,0,86.80357142857143,1,0,0,1,1,1,0,0,1,0,0,1,0,0,0,1,0,1,0,0,1
1,34,85.2,0,0,0,82.12714285714286,1,1,0,1,0,1,0,0,0,1,0,1,0,0,0,1,1,0,0,1,0
0,1,49.95,0,0,0,24.975,0,0,0,1,0,0,0,0,1,0,0,0,0,0,0,0,0,1,0,0,0
0,51,20.65,0,0,0,19.629807692307693,0,0,0,1,0,0,1,0,0,0,0,0,0,0,1,0,0,0,0,0,1
0,1,70.65,2,0,1,35.325,1,1,1,1,0,1,0,0,0,0,0,0,0,0,0,1,0,0,1,0,0
0,39,20.15,0,0,0,20.65,0,0,0,1,0,0,1,0,0,0,0,0,0,0,1,0,0,0,1,0,1
0,12,19.2,0,0,0,18.384615384615383,1,1,1,1,0,0,1,0,0,0,0,0,0,0,0,1,0,1,0,0,0
0,12,59.8,0,0,1,55.98461538461538,1,0,0,1,0,0,0,0,0,0,1,1,0,1,0,1,0,1,0,0,0
0,72,104.95,0,0,0,103.34657534246575,1,0,0,1,1,1,0,0,1,1,0,1,1,1,0,1,0,1,0,0,1
1,63,103.5,0,0,0,101.240625,0,1,0,1,1,1,0,0,1,1,0,1,1,0,0,1,0,1,0,0,1
0,44,84.8,0,0,0,80.58555555555556,1,1,0,1,1,1,0,1,0,1,0,0,0,0,0,1,1,0,0,0,1
0,18,95.05,0,0,0,88.38947368421053,0,0,0,1,1,1,0,0,0,1,1,0,1,0,0,1,0,0,0,1,0
0,9,44.2,4,0,1,40.335,0,0,0,1,0,0,0,0,0,0,0,0,0,0,0,1,0,0,0,0,0
0,13,73.35,0,0,0,66.53928571428571,1,0,0,1,0,0,0,0,1,0,1,1,1,0,0,0,0,0,1,1,0
0,68,64.1,0,0,0,62.69927536231884,0,1,0,1,0,0,0,0,1,0,1,1,0,0,1,0,0,0,0,0,1
1,6,44.4,0,0,0,37.57857142857143,0,0,0,0,0,0,0,0,0,0,0,1,1,0,0,1,0,1,0,0,0
0,2,20.05,0,0,0,13.083333333333334,0,0,0,1,0,0,1,0,0,0,0,0,0,0,0,1,0,0,1,0,0
1,55,60.0,0,0,0,59.216071428571425,1,1,0,1,1,0,0,1,1,0,0,0,0,1,0,0,1,0,0,0,1
1,1,75.75,0,0,1,37.875,1,0,0,1,1,1,0,0,0,0,0,0,0,0,0,1,0,1,0,0,0
0,38,69.5,0,0,0,67.31410256410257,1,0,0,1,0,1,0,0,0,0,0,0,0,0,0,1,1,0,0,0,1
0,67,102.95,0,7,1,101.26838235294117,0,0,0,1,1,1,0,1,1,1,0,1,0,0,0,1,1,0,0,0,1
0,19,78.7,0,0,0,74.755,1,0,0,1,0,1,0,0,0,0,0,1,0,0,0,1,0,0,0,1,0
0,12,60.65,0,0,0,57.176923076923075,0,0,0,0,0,0,0,0,1,1,1,1,1,1,0,0,0,1,0,0,0
0,72,21.15,1,0,0,19.443835616438356,0,0,0,1,0,0,1,0,0,0,0,0,0,0,1,1,0,0,0,0,1
0,24,84.8,0,0,0,79.62,1,1,1,1,1,0,0,1,0,1,1,1,1,1,0,1,0,0,1,1,0
0,72,103.2,0,5,0,100.86164383561643,0,1,1,1,1,1,0,0,1,1,0,1,1,1,0,1,1,0,0,0,1
0,11,29.6,0,0,0,28.870833333333334,0,1,1,0,0,0,0,1,0,0,0,0,0,0,0,1,0,1,0,0,0
1,4,74.4,0,0,1,61.32000000000001,1,1,0,1,1,1,0,0,0,0,0,0,0,0,0,1,0,0,1,0,0
0,66,105.65,2,0,0,102.15671641791045,1,0,0,1,0,1,0,1,0,1,1,1,1,0,1,1,0,0,0,0,1
